"作者","作品摘要","URL","发布时间","读取时间","时长秒","点赞原文","评论原文","收藏原文","分享原文","八周窗口内","完整观看"
"徐兆猛","34 个 AI 博主究竟是怎么赚钱的？","https://www.douyin.com/video/7679048894545743154","2026-08-28 19:51","2026-09-12T12:48:29.344Z","882.033333","1984","94","1625","574","是","否"
"徐兆猛","FDE是什么？普通人能干吗？适合创业吗？","https://www.douyin.com/video/7672743275660397867","2026-08-11 20:02","2026-09-12T12:48:31.452Z","352.267","229","22","89","47","是","否"
"徐兆猛","低粉AI自媒体，恰饭全揭露","https://www.douyin.com/video/7672028430405209379","2026-08-09 21:48","2026-09-12T12:48:33.206Z","423.3","402","18","291","74","是","否"
"徐兆猛","AI炒股没亏，项目要黄以及和抖音的爱恨情仇，是我的七月","https://www.douyin.com/video/7671150631218071025","2026-08-07 13:02","2026-09-12T12:48:43.863Z","456.874","164","30","44","19","是","否"
"徐兆猛","真心建议，参加一场黑客松，感受创作的快乐","https://www.douyin.com/video/7669454903533718847","2026-08-02 23:22","2026-09-12T12:48:45.603Z","382.942","288","18","121","18","是","否"
"徐兆猛","中年辍班157天达成4万粉，创作过程全开源，附赠skill","https://www.douyin.com/video/7668712348479229219","2026-07-31 23:20","2026-09-12T12:48:47.626Z","459.5","143","18","79","9","是","否"
"徐兆猛","用AI赚钱的5个阶段","https://www.douyin.com/video/7668274778004678321","2026-07-30 19:02","2026-09-12T12:48:49.506Z","141.803","3782","688","1811","1179","是","否"
"徐兆猛","花了400刀只为搞懂 ，AI 算命到底靠不靠谱？","https://www.douyin.com/video/7661583037007678720","2026-07-12 18:15","2026-09-12T12:49:00.444Z","574.967","8004","1285","3569","1198","否","否"
"徐兆猛","准备亏 50 万，给所有普通人打个样 AI 时代，一个人怎么从零做出一个硬件产品","https://www.douyin.com/video/7660083150453853480","2026-07-08 17:14","2026-09-12T12:49:02.276Z","883.434","1835","137","428","130","否","否"
"徐兆猛","1400条视频深度分析，34个AI博主今年都讲了什么内容？","https://www.douyin.com/video/7674170814966631718","2026-08-15 16:22","2026-09-12T12:49:04.215Z","987.497","8455","452","7503","2600","是","否"
"孩子的一棠课","《敕勒歌》——三千孤儿入内蒙 小学二年级，孩子们会第一次在课本里看见草原。阴山、穹庐、苍天、牛羊，二十几个字，就把一个从未去过的远方放进了童年。 这篇课文背后藏","https://www.douyin.com/video/7678155357679602995","2026-08-28 08:00","2026-09-12T12:59:24.315Z","443.501","117.2万","3.0万","12.1万","30.6万","是","否"
"孩子的一棠课","【抖音独家】六年级语文上册《七律·长征》 重走长征路 - 因为要录视频，女儿提前背会了它，但她很自然的认为，背得有点轻松。“腾细浪”“走泥丸”“尽开颜”。没有一","https://www.douyin.com/video/7655461394413931811","2026-06-26 18:00","2026-09-12T12:59:26.278Z","659.517","32.1万","9075","7.6万","8.1万","否","否"
"孩子的一棠课","杜甫草堂的秘密 杜甫，是孩子在语文书里遇见最多的诗人之一。 从小学到高中，12年15首诗，他总在不同的年级等着孩子们。 先遇见一个温柔的杜甫。《绝句》里有黄鹂、","https://www.douyin.com/video/7676126255661452578","2026-08-21 09:00","2026-09-12T12:59:28.025Z","599.818","25.0万","5683","4.7万","2.4万","是","否"
"孩子的一棠课","八年级语文上《愚公移山》 全文三百多字，里面有一句话，几乎被所有人忽略： “操蛇之神闻之，惧其不已也……” 请注意，不是“感其诚”，而是“惧其不已”。 这四个字","https://www.douyin.com/video/7682369840186772777","2026-09-11 18:00","2026-09-12T12:59:29.998Z","379","2.4万","379","3852","3640","否","否"
"孩子的一棠课","《西游记》开学第一课 每次开学前，孩子都会听到一个词——收心。 我试过对女儿说，但她反问我，什么是收心？我想了几天，然后想到了孙悟空。 - 作为孩子们的必读书目","https://www.douyin.com/video/7681245516193189146","2026-09-03 17:55","2026-09-12T12:59:31.812Z","475.777","5.4万","838","1.4万","1.1万","是","否"
"孩子的一棠课","孩子，你的朋友不是“人” 2026年，如果让我选一个最心疼女儿的时刻，大概就是那个嘴上说着“没关系”，却号啕大哭的晚上。 也是从那时开始，我有了给她做视频的想法","https://www.douyin.com/video/7669055515074252058","2026-08-02 07:00","2026-09-12T12:59:39.836Z","378","68.7万","8563","32.1万","28.1万","是","否"
"孩子的一棠课","【抖音独家】《诫子书》 如果在办公室或书房写一幅字，绝大多数人会选“宁静致远”或“淡泊明志”。 这些成语出自七年级上册的一篇背诵课文里——《诫子书》。 全文不过","https://www.douyin.com/video/7668119425446350122","2026-07-30 08:59","2026-09-12T12:59:41.643Z","433.076","5.7万","1072","3.3万","1.7万","是","否"
"孩子的一棠课","【抖音独家】谁是最可爱的人 - 这是七年级语文书里的一篇课文，小时候的我，和我女儿一样，也不理解”可爱”这个词到底意味着什么。 写这条文案的时候，我还特意问了几","https://www.douyin.com/video/7665171458712292634","2026-07-22 10:20","2026-09-12T12:59:43.860Z","481.1","16.7万","9691","1.9万","1.3万","是","否"
"孩子的一棠课","三年级语文下《火烧云》 暑假一到，孩子离开了学校，但真正的课堂，在课本合上的那一刻才开始。 孩子们有了更多的时间走出去，游历祖国的山河。爬一次山，感受一览众山小","https://www.douyin.com/video/7661991631624719667","2026-07-17 10:00","2026-09-12T12:59:45.916Z","354.081","4.3万","918","2.3万","1.5万","是","否"
"孩子的一棠课","五年级上册《古人谈读书》 女儿考试后，我第一次清楚地看见，一张试卷会怎样悄悄压在一个孩子心上。 随之而来的，不只是分数，还有我的疑惑：为什么一道题明明讲会了，换","https://www.douyin.com/video/7660450439695011108","2026-07-09 17:00","2026-09-12T12:59:48.029Z","418.006","23.3万","4734","14.1万","11.2万","否","否"
"编导_拾光","《山海》第一季1-8集合集。 五色天光降临全球，万物返祖，人类血脉觉醒。地铁检修工陈望因意外感知地脉，加入山海署，与伙伴对抗异兽、追查灾变真相。随着深入地底，他","https://www.douyin.com/video/7677555740273380635","2026-08-24 19:17","2026-09-12T13:00:54.322Z","4154.778","2.7万","898","1.3万","1.1万","是","否"
"编导_拾光","第4集 原创AIGC故事连载《山海第二季》第四集：引兽香","https://www.douyin.com/video/7684197003668049193","2026-09-11 18:50","2026-09-12T13:00:56.229Z","460.1","1236","46","234","33","否","否"
"编导_拾光","第2集 原创AIGC故事连载《缺席证明》第二集：残留。","https://www.douyin.com/video/7683866472182992171","2026-09-10 19:26","2026-09-12T13:00:58.257Z","592.76","124","22","21","7","否","否"
"编导_拾光","第3集 原创AIGC故事连载《山海第二季》第三集：兽径。","https://www.douyin.com/video/7683103445326269747","2026-09-08 18:05","2026-09-12T13:00:59.948Z","611.172","2301","69","424","93","否","否"
"编导_拾光","第2集 原创AIGC故事连载《山海第二季》第二集：灵炁。","https://www.douyin.com/video/7681629455458061577","2026-09-04 18:45","2026-09-12T13:01:01.777Z","663.734","2150","107","362","75","是","否"
"编导_拾光","1","https://www.douyin.com/video/7681623125796080922","2026-09-04 18:21","2026-09-12T13:01:03.551Z","30.209002","246","12","18","3","是","否"
"编导_拾光","第1集 原创AIGC故事连载《山海第二季》第一集：青榜。 陈望、罗骁、唐苒继续深入地下世界，从青丘、大荒到昆仑、天柱，逐步接触更庞大的上古文明遗迹。与此同时","https://www.douyin.com/video/7680534758161386802","2026-09-01 19:57","2026-09-12T13:01:05.357Z","551.961","4880","199","1095","323","是","否"
"编导_拾光","第1集 原创AIGC故事连载《缺席证明》第一集：她是谁？ 所有人的记忆里，没有她。反复坠入的噩梦，在虚实交界的灰域看见的一道身影。 隔着现实与遗忘的边界，他伸手","https://www.douyin.com/video/7679406667993222452","2026-08-29 19:00","2026-09-12T13:01:07.139Z","672.59","290","67","42","19","是","否"
"编导_拾光","《山海》第一季 第8集：真相。","https://www.douyin.com/video/7678014012147207466","2026-08-26 00:55","2026-09-12T13:01:13.592Z","825.33","1888","101","513","189","是","否"
"编导_拾光","《山海》第一季 第7集：遗土。","https://www.douyin.com/video/7678013971638652196","2026-08-26 00:55","2026-09-12T13:01:15.461Z","416.734","380","25","50","21","是","否"
"编导_拾光","《山海》第一季 第6集：地渊。","https://www.douyin.com/video/7678013951032020265","2026-08-26 00:55","2026-09-12T13:01:17.304Z","423.867","411","15","109","15","是","否"
"编导_拾光","《山海》第一季 第5集：边界。","https://www.douyin.com/video/7678013946992790822","2026-08-26 00:55","2026-09-12T13:01:19.103Z","622.736","453","10","106","26","是","否"
"编导_拾光","《山海》第一季 第4集：饥线。","https://www.douyin.com/video/7678013916504427826","2026-08-26 00:55","2026-09-12T13:01:20.899Z","390.304","437","10","123","19","是","否"
"编导_拾光","《山海》第一季 第3集：山海署。","https://www.douyin.com/video/7678013883499515174","2026-08-26 00:55","2026-09-12T13:01:22.675Z","457.156","308","10","62","12","是","否"
"编导_拾光","《山海》第一季 第2集：鼠疫。","https://www.douyin.com/video/7678013862859377971","2026-08-26 00:55","2026-09-12T13:01:24.299Z","468.579","413","15","91","23","是","否"
"编导_拾光","《山海》第一季第1集：预兆。","https://www.douyin.com/video/7678013840239480091","2026-08-26 00:55","2026-09-12T13:01:26.246Z","503.267","468","20","194","89","是","否"
"编导_拾光","第7集 原创AIGC故事连载《山海》第七集：遗土。","https://www.douyin.com/video/7675314431055777074","2026-08-18 18:20","2026-09-12T13:01:33.678Z","416.734","7895","684","1508","626","是","否"
"编导_拾光","第6集 原创AIGC故事连载《山海》第六集：地渊。","https://www.douyin.com/video/7673756944410217763","2026-08-14 18:50","2026-09-12T13:01:35.642Z","423.867","5202","319","876","358","是","否"
"编导_拾光","第5集 原创AIGC故事连载《山海》第五集：边界。","https://www.douyin.com/video/7672712056163912994","2026-08-11 18:01","2026-09-12T13:01:37.471Z","622.736","5958","291","1086","397","是","否"
"编导_拾光","第4集 原创AIGC故事连载《山海》第四集：饥线。","https://www.douyin.com/video/7669754322279845172","2026-08-03 18:44","2026-09-12T13:01:39.409Z","390.267","5449","374","1072","302","是","否"
"编导_拾光","第3集 原创AIGC故事连载《山海》第三集：山海署。","https://www.douyin.com/video/7667521960607272232","2026-07-28 18:21","2026-09-12T13:01:41.229Z","457.156","3392","251","512","208","是","否"
"编导_拾光","第2集 原创AIGC故事连载《山海》第二集：鼠疫。","https://www.douyin.com/video/7664894016734989578","2026-07-21 18:25","2026-09-12T13:01:42.978Z","468.534","6922","619","1437","659","是","否"
"编导_拾光","第1集 原创AIGC故事连载《山海》第一集：预兆。","https://www.douyin.com/video/7663756336345173258","2026-07-18 20:00","2026-09-12T13:01:44.902Z","503.267","2.3万","743","8308","4017","是","否"
"编导_拾光","《山海》神明归来，正片周六上映 烛龙睁眼，不周迁徙。 《山海经》从传说，踏上归乡之路。 旧时代落幕， 人类，要学着和神明共存。 正片本周六上映。 东方神明末日宇","https://www.douyin.com/video/7663073604468313382","2026-07-16 18:39","2026-09-12T13:01:46.716Z","87.434","1755","68","548","374","是","否"
"foyege","手搓400万播放的AI影后级短片后续：让AI有“灵魂”的提示词万能公式，我手写了5000字提示词，让AI演员的表演第一次有了“灵魂” 文科生引来史诗级增强，A","https://www.douyin.com/video/7670762031490693818","2026-08-06 11:54","2026-09-12T13:02:51.361Z","339.934","6620","217","2840","1123","是","否"
"foyege","400万播放的AI爆款演技短片：我把唐国强老师的表演法则，写进了AI提示词 AI表演提示词终极教程来了！没有垫图，只有一段提示词 —由小云雀Seedance2.","https://www.douyin.com/video/7669413558211778661","2026-08-02 20:41","2026-09-12T13:02:53.106Z","","4.2万","600","2.6万","8005","是","否"
"foyege","唐国强老师说的没错，AI时代的确不需要真人演员了。视频由小云雀seedance2.5*无限画布制作，台词演技都直接上一个层级了","https://www.douyin.com/video/7668957069785803426","2026-08-01 15:10","2026-09-12T13:02:54.753Z","30.133333","30.0万","8061","1.7万","6.1万","是","否"
"foyege","最全最细AI视频白模教程！ GPT-6 Astra调用Blender建白模，结合Seedance2.5精准控制复杂运镜和动作，避免反复抽卡！","https://www.douyin.com/video/7684223214016896613","2026-09-11 18:30","2026-09-12T13:02:56.622Z","637.319","2609","73","2389","573","否","否"
"foyege","AI演出了独属中式美学的留白和悲凉 AI视频生成最佳组合，GPT 6 Astra加Blender白膜控构图、运镜 提示词控表演、环境、人物状态","https://www.douyin.com/video/7683468076499136379","2026-09-09 17:40","2026-09-12T13:02:58.201Z","","445","40","108","69","否","否"
"foyege","AI视频正式迈向工业化电影行业！ 用GPT 6 Astra生成白模视频加Seedance2.5 AI生成，精准控制复杂运镜和动作","https://www.douyin.com/video/7682668008729064293","2026-09-07 13:55","2026-09-12T13:02:59.995Z","37.269002","3239","209","1239","1304","否","否"
"foyege","AI视频人物怎么拥有“活人感”的皮肤？一条视频教会你！从此杜绝AI“伪人”模型脸！","https://www.douyin.com/video/7678195402789837169","2026-08-26 12:39","2026-09-12T13:03:01.817Z","324.08","1858","45","1716","267","是","否"
"foyege","一个隐藏于每个爆款AI短剧中的“顶级结构”，手把手教你如何用AI从想法写出爆款短剧！","https://www.douyin.com/video/7676422641646299557","2026-08-21 18:00","2026-09-12T13:03:09.653Z","","6146","201","3134","955","是","否"
"foyege","好莱坞群像控场法！ 一个提示词+俯视图彻底解决AI多人物站位和场景一致性问题！轻松拍好群像戏！ 让你的AI打破“第四面墙”","https://www.douyin.com/video/7675375896727785125","2026-08-19 11:20","2026-09-12T13:03:11.382Z","344.873","1457","28","1276","208","是","否"
"foyege","我宣布，AI可以正式拍电影了。 好莱坞群像控场法：AI测试短片，这质感、运镜、一致性离电影还远吗？","https://www.douyin.com/video/7673159888415777978","2026-08-13 17:58","2026-09-12T13:03:13.112Z","77.694","524","38","170","134","是","否"
"foyege","谁说AI拍不好多人群像戏，两张图锁死多人物站位和场景一致性，三锁控场法让你的AI演员“指哪打哪”， 不用再为同一空间里多角色的AI一镜到底效果提心吊胆、全靠碰","https://www.douyin.com/video/7673074764340650597","2026-08-12 19:26","2026-09-12T13:03:14.954Z","357.214","4659","136","4103","600","是","否"
"foyege","真人演员最后一道“护城河”在这一刻也被AI攻破了 -视频由Seedance2.5 30秒直出生成","https://www.douyin.com/video/7670876701828375675","2026-08-07 15:18","2026-09-12T13:03:16.640Z","30.057007","272","49","59","123","是","否"
"foyege","一个新的内容形态正在出现：AI电影！ 只需要输入一个想法，AI可以自动完成从剧本策划到最终成片的全过程，未来，拍电影可能不再需要几十人的团队。 一个人，也能拥有","https://www.douyin.com/video/7664092892722386496","2026-07-19 17:54","2026-09-12T13:03:18.878Z","39.633333","925","19","379","101","是","否"
"foyege","太牛了这个AI电影平台，开始有“制片人思维”了！它会自动帮你决定：哪些画面该省，哪里该上最强模型，最后一键成片 四个生成档位，把电影质感和成本一起算明白","https://www.douyin.com/video/7658195346698703336","2026-07-03 17:54","2026-09-12T13:03:20.689Z","28","908","31","481","200","否","否"
