"id","author","title","url","publishedAt","window","week","likeRaw","commentRaw","collectRaw","shareRaw","likeApprox","collectLike","shareLike","ageDays","pinned","observedAt"
"DA-01","孩子的一棠课","《敕勒歌》——三千孤儿入内蒙 小学二年级，孩子们会第一次在课本里看见草原。阴山、穹庐、苍天、牛羊，二十几个字，就把一个从未去过的远方放进了童年。 这篇课文背后藏","https://www.douyin.com/video/7678155357679602995","2026-08-28 08:00","窗口内","7","117.2万","3.0万","12.1万","30.6万","1172000","0.10324232081911262","0.26109215017064846","15.541253645833333","—","2026-09-12T12:59:24.315Z"
"DA-02","孩子的一棠课","【抖音独家】六年级语文上册《七律·长征》 重走长征路 - 因为要录视频，女儿提前背会了它，但她很自然的认为，背得有点轻松。“腾细浪”“走泥丸”“尽开颜”。没有一","https://www.douyin.com/video/7655461394413931811","2026-06-26 18:00","窗口前","—","32.1万","9075","7.6万","8.1万","321000","0.2367601246105919","0.2523364485981308","78.12460969907407","—","2026-09-12T12:59:26.278Z"
"DA-03","孩子的一棠课","杜甫草堂的秘密 杜甫，是孩子在语文书里遇见最多的诗人之一。 从小学到高中，12年15首诗，他总在不同的年级等着孩子们。 先遇见一个温柔的杜甫。《绝句》里有黄鹂、","https://www.douyin.com/video/7676126255661452578","2026-08-21 09:00","窗口内","6","25.0万","5683","4.7万","2.4万","250000","0.188","0.096","22.49962991898148","—","2026-09-12T12:59:28.025Z"
"DA-04","孩子的一棠课","八年级语文上《愚公移山》 全文三百多字，里面有一句话，几乎被所有人忽略： “操蛇之神闻之，惧其不已也……” 请注意，不是“感其诚”，而是“惧其不已”。 这四个字","https://www.douyin.com/video/7682369840186772777","2026-09-11 18:00","窗口后","—","2.4万","379","3852","3640","24000","0.1605","0.15166666666666667","1.1246527546296297","—","2026-09-12T12:59:29.998Z"
"DA-05","孩子的一棠课","《西游记》开学第一课 每次开学前，孩子都会听到一个词——收心。 我试过对女儿说，但她反问我，什么是收心？我想了几天，然后想到了孙悟空。 - 作为孩子们的必读书目","https://www.douyin.com/video/7681245516193189146","2026-09-03 17:55","窗口内","8","5.4万","838","1.4万","1.1万","54000","0.25925925925925924","0.2037037037037037","9.128145972222223","—","2026-09-12T12:59:31.812Z"
"DA-06","孩子的一棠课","孩子，你的朋友不是“人” 2026年，如果让我选一个最心疼女儿的时刻，大概就是那个嘴上说着“没关系”，却号啕大哭的晚上。 也是从那时开始，我有了给她做视频的想法","https://www.douyin.com/video/7669055515074252058","2026-08-02 07:00","窗口内","3","68.7万","8563","32.1万","28.1万","687000","0.4672489082969432","0.4090247452692867","41.5830999537037","—","2026-09-12T12:59:39.836Z"
"DA-07","孩子的一棠课","【抖音独家】《诫子书》 如果在办公室或书房写一幅字，绝大多数人会选“宁静致远”或“淡泊明志”。 这些成语出自七年级上册的一篇背诵课文里——《诫子书》。 全文不过","https://www.douyin.com/video/7668119425446350122","2026-07-30 08:59","窗口内","3","5.7万","1072","3.3万","1.7万","57000","0.5789473684210527","0.2982456140350877","44.500481979166665","—","2026-09-12T12:59:41.643Z"
"DA-08","孩子的一棠课","【抖音独家】谁是最可爱的人 - 这是七年级语文书里的一篇课文，小时候的我，和我女儿一样，也不理解”可爱”这个词到底意味着什么。 写这条文案的时候，我还特意问了几","https://www.douyin.com/video/7665171458712292634","2026-07-22 10:20","窗口内","2","16.7万","9691","1.9万","1.3万","167000","0.11377245508982035","0.07784431137724551","52.44425763888889","—","2026-09-12T12:59:43.860Z"
"DA-09","孩子的一棠课","三年级语文下《火烧云》 暑假一到，孩子离开了学校，但真正的课堂，在课本合上的那一刻才开始。 孩子们有了更多的时间走出去，游历祖国的山河。爬一次山，感受一览众山小","https://www.douyin.com/video/7661991631624719667","2026-07-17 10:00","窗口内","1","4.3万","918","2.3万","1.5万","43000","0.5348837209302325","0.3488372093023256","57.458170324074075","—","2026-09-12T12:59:45.916Z"
"DA-10","孩子的一棠课","五年级上册《古人谈读书》 女儿考试后，我第一次清楚地看见，一张试卷会怎样悄悄压在一个孩子心上。 随之而来的，不只是分数，还有我的疑惑：为什么一道题明明讲会了，换","https://www.douyin.com/video/7660450439695011108","2026-07-09 17:00","窗口前","—","23.3万","4734","14.1万","11.2万","233000","0.6051502145922747","0.48068669527896996","65.16652811342593","—","2026-09-12T12:59:48.029Z"
"DA-11","编导_拾光","《山海》第一季1-8集合集。 五色天光降临全球，万物返祖，人类血脉觉醒。地铁检修工陈望因意外感知地脉，加入山海署，与伙伴对抗异兽、追查灾变真相。随着深入地底，他","https://www.douyin.com/video/7677555740273380635","2026-08-24 19:17","窗口内","7","2.7万","898","1.3万","1.1万","27000","0.48148148148148145","0.4074074074074074","19.07215650462963","—","2026-09-12T13:00:54.322Z"
"DA-12","编导_拾光","第4集 原创AIGC故事连载《山海第二季》第四集：引兽香 #创作阶梯计划 #AI创作浪潮计划 #即梦AI创作者成长计划 #山海 #抖音创作者大会","https://www.douyin.com/video/7684197003668049193","2026-09-11 18:50","窗口后","—","1236","46","234","33","1236","0.18932038834951456","0.02669902912621359","1.090928576388889","—","2026-09-12T13:00:56.229Z"
"DA-13","编导_拾光","第2集 原创AIGC故事连载《缺席证明》第二集：残留。 #抖音创作者大会 #AI创作浪潮计划 #山海 #即梦AI创作者成长计划 #创作阶梯计划","https://www.douyin.com/video/7683866472182992171","2026-09-10 19:26","窗口后","—","124","22","21","7","124","0.1693548387096774","0.056451612903225805","2.065952048611111","—","2026-09-12T13:00:58.257Z"
"DA-14","编导_拾光","第3集 原创AIGC故事连载《山海第二季》第三集：兽径。 #抖音创作者大会 #AI创作浪潮计划 #山海 #即梦AI创作者成长计划 #创作阶梯计划","https://www.douyin.com/video/7683103445326269747","2026-09-08 18:05","窗口后","—","2301","69","424","93","2301","0.1842677096914385","0.04041720990873533","4.122221620370371","—","2026-09-12T13:00:59.948Z"
"DA-15","编导_拾光","第2集 原创AIGC故事连载《山海第二季》第二集：灵炁。 #创作阶梯计划 #瓦卡奖VACAT征集大赛 #AI创作浪潮计划 #抖音精选 #山海","https://www.douyin.com/video/7681629455458061577","2026-09-04 18:45","窗口内","8","2150","107","362","75","2150","0.16837209302325581","0.03488372093023256","8.094465011574075","—","2026-09-12T13:01:01.777Z"
"DA-16","编导_拾光","1","https://www.douyin.com/video/7681623125796080922","2026-09-04 18:21","窗口内","8","246","12","18","3","246","0.07317073170731707","0.012195121951219513","8.111152210648148","—","2026-09-12T13:01:03.551Z"
"DA-17","编导_拾光","第1集 原创AIGC故事连载《山海第二季》第一集：青榜。 陈望、罗骁、唐苒继续深入地下世界，从青丘、大荒到昆仑、天柱，逐步接触更庞大的上古文明遗迹。与此同时","https://www.douyin.com/video/7680534758161386802","2026-09-01 19:57","窗口内","8","4880","199","1095","323","4880","0.22438524590163936","0.06618852459016393","11.044506446759259","—","2026-09-12T13:01:05.357Z"
"DA-18","编导_拾光","第1集 原创AIGC故事连载《缺席证明》第一集：她是谁？ 所有人的记忆里，没有她。反复坠入的噩梦，在虚实交界的灰域看见的一道身影。 隔着现实与遗忘的边界，他伸手","https://www.douyin.com/video/7679406667993222452","2026-08-29 19:00","窗口内","7","290","67","42","19","290","0.14482758620689656","0.06551724137931035","14.084110405092593","—","2026-09-12T13:01:07.139Z"
"DA-19","编导_拾光","《山海》第一季 第8集：真相。 #山海 #抖音创作者大会 #AI创作浪潮计划 #未来导演扶持计划 #末日生存","https://www.douyin.com/video/7678014012147207466","2026-08-26 00:55","窗口内","7","1888","101","513","189","1888","0.2717161016949153","0.10010593220338983","17.837657314814816","—","2026-09-12T13:01:13.592Z"
"DA-20","编导_拾光","《山海》第一季 第7集：遗土。 #山海 #抖音创作者大会 #AI创作浪潮计划 #未来导演扶持计划 #末日生存","https://www.douyin.com/video/7678013971638652196","2026-08-26 00:55","窗口内","7","380","25","50","21","380","0.13157894736842105","0.05526315789473684","17.837678946759258","—","2026-09-12T13:01:15.461Z"
"DA-21","编导_拾光","《山海》第一季 第6集：地渊。 #山海 #抖音创作者大会 #AI创作浪潮计划 #未来导演扶持计划 #末日生存","https://www.douyin.com/video/7678013951032020265","2026-08-26 00:55","窗口内","7","411","15","109","15","411","0.26520681265206814","0.0364963503649635","17.837700277777778","—","2026-09-12T13:01:17.304Z"
"DA-22","编导_拾光","《山海》第一季 第5集：边界。 #山海 #抖音创作者大会 #AI创作浪潮计划 #未来导演扶持计划 #末日生存","https://www.douyin.com/video/7678013946992790822","2026-08-26 00:55","窗口内","7","453","10","106","26","453","0.23399558498896247","0.05739514348785872","17.83772109953704","—","2026-09-12T13:01:19.103Z"
"DA-23","编导_拾光","《山海》第一季 第4集：饥线。 #山海 #抖音创作者大会 #AI创作浪潮计划 #未来导演扶持计划 #末日生存","https://www.douyin.com/video/7678013916504427826","2026-08-26 00:55","窗口内","7","437","10","123","19","437","0.2814645308924485","0.043478260869565216","17.837741886574076","—","2026-09-12T13:01:20.899Z"
"DA-24","编导_拾光","《山海》第一季 第3集：山海署。 #山海 #抖音创作者大会 #AI创作浪潮计划 #未来导演扶持计划 #末日生存","https://www.douyin.com/video/7678013883499515174","2026-08-26 00:55","窗口内","7","308","10","62","12","308","0.2012987012987013","0.03896103896103896","17.83776244212963","—","2026-09-12T13:01:22.675Z"
"DA-25","编导_拾光","《山海》第一季 第2集：鼠疫。 #山海 #抖音创作者大会 #AI创作浪潮计划 #未来导演扶持计划 #末日生存","https://www.douyin.com/video/7678013862859377971","2026-08-26 00:55","窗口内","7","413","15","91","23","413","0.22033898305084745","0.05569007263922518","17.837781238425926","—","2026-09-12T13:01:24.299Z"
"DA-26","编导_拾光","《山海》第一季第1集：预兆。 #山海 #抖音创作者大会 #AI创作浪潮计划 #未来导演扶持计划 #末日生存","https://www.douyin.com/video/7678013840239480091","2026-08-26 00:55","窗口内","7","468","20","194","89","468","0.41452991452991456","0.19017094017094016","17.83780377314815","—","2026-09-12T13:01:26.246Z"
"DA-27","编导_拾光","第7集 原创AIGC故事连载《山海》第七集：遗土。 #抖音AI创作大赛 #抖音创作者大会 #AI创作浪潮计划 #未来导演扶持计划 #末日生存","https://www.douyin.com/video/7675314431055777074","2026-08-18 18:20","窗口内","6","7895","684","1508","626","7895","0.1910069664344522","0.07929069031032299","25.112195347222222","—","2026-09-12T13:01:33.678Z"
"DA-28","编导_拾光","第6集 原创AIGC故事连载《山海》第六集：地渊。 #抖音AI创作大赛 #AI创作浪潮计划 #未来导演扶持计划 #末日生存 #抖音创作者大会","https://www.douyin.com/video/7673756944410217763","2026-08-14 18:50","窗口内","5","5202","319","876","358","5202","0.16839677047289503","0.06881968473663976","29.09138474537037","—","2026-09-12T13:01:35.642Z"
"DA-29","编导_拾光","第5集 原创AIGC故事连载《山海》第五集：边界。 #抖音AI创作大赛 #开放赛道 #AI创作浪潮计划 #未来导演扶持计划 #末日生存","https://www.douyin.com/video/7672712056163912994","2026-08-11 18:01","窗口内","5","5958","291","1086","397","5958","0.1822759315206445","0.06663309835515274","32.12543369212963","—","2026-09-12T13:01:37.471Z"
"DA-30","编导_拾光","第4集 原创AIGC故事连载《山海》第四集：饥线。 #抖音AI创作大赛 赛#开放赛道 #AI创作浪潮计划 #未来导演扶持计划 #末日生存","https://www.douyin.com/video/7669754322279845172","2026-08-03 18:44","窗口内","4","5449","374","1072","302","5449","0.19673334556799413","0.05542301339695357","40.095595011574076","—","2026-09-12T13:01:39.409Z"
"DA-31","编导_拾光","第3集 原创AIGC故事连载《山海》第三集：山海署。 #抖音AI创作大赛 #开放赛道 #AI创作浪潮计划 #未来导演扶持计划 #末日生存","https://www.douyin.com/video/7667521960607272232","2026-07-28 18:21","窗口内","3","3392","251","512","208","3392","0.1509433962264151","0.06132075471698113","46.11158829861111","—","2026-09-12T13:01:41.229Z"
"DA-32","编导_拾光","第2集 原创AIGC故事连载《山海》第二集：鼠疫。 #抖音AI创作大赛 #开放赛道 #AI创作浪潮计划 #未来导演扶持计划 #末日","https://www.douyin.com/video/7664894016734989578","2026-07-21 18:25","窗口内","2","6922","619","1437","659","6922","0.20759895983819704","0.09520369835307714","53.10883076388889","—","2026-09-12T13:01:42.978Z"
"DA-33","编导_拾光","第1集 原创AIGC故事连载《山海》第一集：预兆。 #抖音AI创作大赛 #开放赛道 #AI创作浪潮计划 #未来导演扶持计划 #末日生存","https://www.douyin.com/video/7663756336345173258","2026-07-18 20:00","窗口内","1","2.3万","743","8308","4017","23000","0.3612173913043478","0.17465217391304347","56.04288081018519","—","2026-09-12T13:01:44.902Z"
"DA-34","编导_拾光","《山海》神明归来，正片周六上映 烛龙睁眼，不周迁徙。 《山海经》从传说，踏上归乡之路。 旧时代落幕， 人类，要学着和神明共存。 正片本周六上映。 东方神明末日宇","https://www.douyin.com/video/7663073604468313382","2026-07-16 18:39","窗口内","1","1755","68","548","374","1755","0.31225071225071227","0.21310541310541312","58.09915180555556","—","2026-09-12T13:01:46.716Z"
"DA-35","foyege","手搓400万播放的AI影后级短片后续：让AI有“灵魂”的提示词万能公式，我手写了5000字提示词，让AI演员的表演第一次有了“灵魂” 文科生引来史诗级增强，A","https://www.douyin.com/video/7670762031490693818","2026-08-06 11:54","窗口内","4","6620","217","2840","1123","6620","0.42900302114803623","0.16963746223564954","37.38115001157407","—","2026-09-12T13:02:51.361Z"
"DA-36","foyege","400万播放的AI爆款演技短片：我把唐国强老师的表演法则，写进了AI提示词 AI表演提示词终极教程来了！没有垫图，只有一段提示词 —由小云雀Seedance2.","https://www.douyin.com/video/7669413558211778661","2026-08-02 20:41","窗口内","3","4.2万","600","2.6万","8005","42000","0.6190476190476191","0.1905952380952381","41.01519798611111","—","2026-09-12T13:02:53.106Z"
"DA-37","foyege","唐国强老师说的没错，AI时代的确不需要真人演员了。视频由小云雀seedance2.5*无限画布制作，台词演技都直接上一个层级了 #ai电影 #ai演员 #小","https://www.douyin.com/video/7668957069785803426","2026-08-01 15:10","窗口内","3","30.0万","8061","1.7万","6.1万","300000","0.056666666666666664","0.20333333333333334","42.24507815972222","—","2026-09-12T13:02:54.753Z"
"DA-38","foyege","最全最细AI视频白模教程！ GPT-6 Astra调用Blender建白模，结合Seedance2.5精准控制复杂运镜和动作，避免反复抽卡！ #ai教程 #bl","https://www.douyin.com/video/7684223214016896613","2026-09-11 18:30","窗口后","—","2609","73","2389","573","2609","0.9156765044078191","0.21962437715599847","1.1062109027777778","—","2026-09-12T13:02:56.622Z"
"DA-39","foyege","AI演出了独属中式美学的留白和悲凉 AI视频生成最佳组合，GPT 6 Astra加Blender白膜控构图、运镜 提示词控表演、环境、人物状态 #aigc #a","https://www.douyin.com/video/7683468076499136379","2026-09-09 17:40","窗口后","—","445","40","108","69","445","0.24269662921348314","0.1550561797752809","3.140951400462963","—","2026-09-12T13:02:58.201Z"
"DA-40","foyege","AI视频正式迈向工业化电影行业！ 用GPT 6 Astra生成白模视频加Seedance2.5 AI生成，精准控制复杂运镜和动作 #gpt6 #blender","https://www.douyin.com/video/7682668008729064293","2026-09-07 13:55","窗口后","—","3239","209","1239","1304","3239","0.3825254708243285","0.4025933930225378","5.297222164351852","—","2026-09-12T13:02:59.995Z"
"DA-41","foyege","AI视频人物怎么拥有“活人感”的皮肤？一条视频教会你！从此杜绝AI“伪人”模型脸！ #ai教程 #ai短剧 #aigc #ai演员 #ai模特","https://www.douyin.com/video/7678195402789837169","2026-08-26 12:39","窗口内","7","1858","45","1716","267","1858","0.9235737351991389","0.14370290635091496","17.35002103009259","—","2026-09-12T13:03:01.817Z"
"DA-42","foyege","一个隐藏于每个爆款AI短剧中的“顶级结构”，手把手教你如何用AI从想法写出爆款短剧！ #AI编剧 #AI短剧 #剧本创作 #短剧创作 #laper","https://www.douyin.com/video/7676422641646299557","2026-08-21 18:00","窗口内","6","6146","201","3134","955","6146","0.5099251545720794","0.1553856166612431","22.12719505787037","—","2026-09-12T13:03:09.653Z"
"DA-43","foyege","好莱坞群像控场法！ 一个提示词+俯视图彻底解决AI多人物站位和场景一致性问题！轻松拍好群像戏！ 让你的AI打破“第四面墙” #ai电影 #ai教程 #ai短剧","https://www.douyin.com/video/7675375896727785125","2026-08-19 11:20","窗口内","6","1457","28","1276","208","1457","0.8757721345229924","0.14275909402882636","24.40499284722222","—","2026-09-12T13:03:11.382Z"
"DA-44","foyege","我宣布，AI可以正式拍电影了。 好莱坞群像控场法：AI测试短片，这质感、运镜、一致性离电影还远吗？ #ai电影 #ai短剧 #ai演员 #seedance #a","https://www.douyin.com/video/7673159888415777978","2026-08-13 17:58","窗口内","5","524","38","170","134","524","0.3244274809160305","0.25572519083969464","30.128623981481482","—","2026-09-12T13:03:13.112Z"
"DA-45","foyege","谁说AI拍不好多人群像戏，两张图锁死多人物站位和场景一致性，三锁控场法让你的AI演员“指哪打哪”， 不用再为同一空间里多角色的AI一镜到底效果提心吊胆、全靠碰","https://www.douyin.com/video/7673074764340650597","2026-08-12 19:26","窗口内","5","4659","136","4103","600","4659","0.8806610860699721","0.128783000643915","31.067534189814815","—","2026-09-12T13:03:14.954Z"
"DA-46","foyege","真人演员最后一道“护城河”在这一刻也被AI攻破了 -视频由Seedance2.5 30秒直出生成 #ai演员 #ai电影 #aigc #seedance25","https://www.douyin.com/video/7670876701828375675","2026-08-07 15:18","窗口内","4","272","49","59","123","272","0.21691176470588236","0.4522058823529412","36.239775925925926","—","2026-09-12T13:03:16.640Z"
"DA-47","foyege","一个新的内容形态正在出现：AI电影！ 只需要输入一个想法，AI可以自动完成从剧本策划到最终成片的全过程，未来，拍电影可能不再需要几十人的团队。 一个人，也能拥有","https://www.douyin.com/video/7664092892722386496","2026-07-19 17:54","窗口内","1","925","19","379","101","925","0.4097297297297297","0.10918918918918918","55.13146849537037","—","2026-09-12T13:03:18.878Z"
"DA-48","foyege","太牛了这个AI电影平台，开始有“制片人思维”了！它会自动帮你决定：哪些画面该省，哪里该上最强模型，最后一键成片 四个生成档位，把电影质感和成本一起算明白 #ai","https://www.douyin.com/video/7658195346698703336","2026-07-03 17:54","窗口前","—","908","31","481","200","908","0.5297356828193832","0.22026431718061673","71.13148945601851","—","2026-09-12T13:03:20.689Z"
"PA-01","徐兆猛","34 个 AI 博主究竟是怎么赚钱的？ #AI新星计划 #AI博主 #抖音创作者大会","https://www.douyin.com/video/7679048894545743154","2026-08-28 19:51","窗口内","7","1984","94","1625","574","1984","0.8190524193548387","0.28931451612903225","15.039922962962963","—","2026-09-12T12:48:29.344Z"
"PA-02","徐兆猛","FDE是什么？普通人能干吗？适合创业吗？ #中年辍班 #AI创业 #FDE #创业项目","https://www.douyin.com/video/7672743275660397867","2026-08-11 20:02","窗口内","5","229","22","89","47","229","0.388646288209607","0.2052401746724891","32.03230847222222","—","2026-09-12T12:48:31.452Z"
"PA-03","徐兆猛","低粉AI自媒体，恰饭全揭露 #AI自媒体 #AI创业 #自媒体干货 #中年辍班 #AI博主","https://www.douyin.com/video/7672028430405209379","2026-08-09 21:48","窗口内","4","402","18","291","74","402","0.7238805970149254","0.18407960199004975","33.95871766203704","—","2026-09-12T12:48:33.206Z"
"PA-04","徐兆猛","AI炒股没亏，项目要黄以及和抖音的爱恨情仇，是我的七月 #中年辍班 #AI创业 #日常记录","https://www.douyin.com/video/7671150631218071025","2026-08-07 13:02","窗口内","4","164","30","44","19","164","0.2682926829268293","0.11585365853658537","36.32411878472222","—","2026-09-12T12:48:43.863Z"
"PA-05","徐兆猛","真心建议，参加一场黑客松，感受创作的快乐 #抖音AI夜校 #创作者黑客松 #Vivi的AI邪修日记 #黑客松 #eazo","https://www.douyin.com/video/7669454903533718847","2026-08-02 23:22","窗口内","3","288","18","121","18","288","0.4201388888888889","0.0625","40.89358336805556","—","2026-09-12T12:48:45.603Z"
"PA-06","徐兆猛","中年辍班157天达成4万粉，创作过程全开源，附赠skill #中年辍班 #自媒体创作 #AI自媒体 #自媒体skill","https://www.douyin.com/video/7668712348479229219","2026-07-31 23:20","窗口内","3","143","18","79","9","143","0.5524475524475524","0.06293706293706294","42.89499567129629","—","2026-09-12T12:48:47.626Z"
"PA-07","徐兆猛","用AI赚钱的5个阶段 #中年辍班 #中年博主 #AI创业 #野生博主的成长之路","https://www.douyin.com/video/7668274778004678321","2026-07-30 19:02","窗口内","3","3782","688","1811","1179","3782","0.4788471708090957","0.31173982020095187","44.07418409722222","—","2026-09-12T12:48:49.506Z"
"PA-08","徐兆猛","花了400刀只为搞懂 ，AI 算命到底靠不靠谱？ #AI算命 #科普 #科学思维 #vibecoding #破除迷信 #vibecoding大赏","https://www.douyin.com/video/7661583037007678720","2026-07-12 18:15","窗口前","—","8004","1285","3569","1198","8004","0.4459020489755122","0.1496751624187906","62.10694958333333","—","2026-09-12T12:49:00.444Z"
"PA-09","徐兆猛","准备亏 50 万，给所有普通人打个样 AI 时代，一个人怎么从零做出一个硬件产品 #一人公司 #AI创业 #中年辍班 #普通人创业 #AI项链","https://www.douyin.com/video/7660083150453853480","2026-07-08 17:14","窗口前","—","1835","137","428","130","1835","0.2332425068119891","0.07084468664850137","66.14933189814815","—","2026-09-12T12:49:02.276Z"
"PA-10","徐兆猛","1400条视频深度分析，34个AI博主今年都讲了什么内容？ #AI新星计划 #AI博主 #抖音创作者大会","https://www.douyin.com/video/7674170814966631718","2026-08-15 16:22","窗口内","5","8455","452","7503","2600","8455","0.8874039030159668","0.3075103489059728","28.18546545138889","—","2026-09-12T12:49:04.215Z"
"DC-SM-1","溯明","第12集 ／ 诸葛亮——开篇。 这是诸葛亮故事的开篇：刘备三顾茅庐终得卧龙，诸葛亮隆中对三分天下。 #诸葛亮 #微观视角看历史 #用AI打开人文新视界 #三国 #历史","https://www.douyin.com/video/7679427156413402409","2026-08-29 20:19","窗口内","7","554","47","101","43","554","0.18231046931407943","0.0776173285198556","14.185137291666667","—","2026-09-12T16:45:35.862Z"
"DC-SM-2","溯明","第11集 ／ 究竟是什么样的信念，才能支撑姜维这一路的颠沛流离？ 今天，我们用AI还原姜维的一生。 #姜维 #微观视角看历史 #用AI打开人文新视界 #三国 #历史","https://www.douyin.com/video/7676009729012878607","2026-08-20 18:30","窗口内","6","16.2万","3985","1.8万","2.6万","162000","0.1111111111111111","0.16049382716049382","23.260849560185186","—","2026-09-12T16:45:37.402Z"
"DC-SM-3","溯明","第21集 ／ 你觉得明末最完美的人是谁？ #用AI打开人文新视界 #卢象升 #历史 #青年创作者成长计划","https://www.douyin.com/video/7670827630043663667","2026-08-06 18:05","窗口内","4","4959","985","798","317","4959","0.16091954022988506","0.06392417826174632","37.278227997685185","—","2026-09-12T16:45:38.899Z"
"DC-SM-4","溯明","第20集 ／ 历史上的建文帝朱允炆到底去哪了？结合不同的历史记载为你分析 #明朝 #朱允炆下落之谜 #人文星闪耀计划 #青年创作者成长计划 #历史","https://www.douyin.com/video/7660826355499568394","2026-07-10 17:18","窗口前","—","7858","498","2010","604","7858","0.255790277424281","0.07686434207177399","64.31088709490741","—","2026-09-12T16:45:40.645Z"
"DC-SM-5","溯明","第19集 ／ 明朝的那些皇帝的庙号是怎么来的？他们配得上这个评价吗？ #明朝 #庙号 #朱元璋 #朱棣 #青年创作者成长计划","https://www.douyin.com/video/7644511770513526016","2026-05-27 18:10","窗口前","—","1.2万","490","3096","715","12000","0.258","0.059583333333333335","108.27479359953703","—","2026-09-12T16:45:42.167Z"
"DC-SM-6","溯明","第18集 ／ 一个视频带你看完大明最后的帝师——孙承宗的一生【下】 #明朝 #孙承宗 #历史 #历史人物 #青年创作者成长计划","https://www.douyin.com/video/7641904905980054793","2026-05-20 17:34","窗口前","—","2333","205","520","136","2333","0.22288898414059152","0.05829404200600086","115.29981197916666","—","2026-09-12T16:45:43.755Z"
"DC-SM-7","溯明","第17集 ／ 一个视频带你看完大明最后的帝师——孙承宗的一生【上】 #抖音精选 #孙承宗 #明朝 #历史 #青年创作者成长计划","https://www.douyin.com/video/7640029963659332910","2026-05-15 18:25","窗口前","—","1294","58","361","81","1294","0.2789799072642968","0.062596599690881","120.26441263888888","—","2026-09-12T16:45:45.252Z"
"DC-SM-8","溯明","第16集 ／ 孤身抗清二十年：一个视频15分钟带你看完张煌言的一生 #张煌言 #明朝 #历史人物 #青年创作者成长计划 #历史","https://www.douyin.com/video/7638580284815969586","2026-05-11 18:32","窗口前","—","7903","504","1686","481","7903","0.21333670757940024","0.06086296343160825","124.25972484953704","—","2026-09-12T16:46:00.227Z"
"DC-SM-9","溯明","第15集 ／ 明朝为什么容不下一个熊廷弼？18分钟带你看完熊廷弼的一生 上个视频被抬了，我重新发一次#熊廷弼 #明朝 #历史人物 #青年创作者成长计划 #历史","https://www.douyin.com/video/7634799018102508838","2026-05-01 13:59","窗口前","—","2.9万","2081","1.0万","2245","29000","0.3448275862068966","0.07741379310344827","134.44932850694445","—","2026-09-12T16:46:01.983Z"
"DC-SM-10","溯明","第14集 ／ 忠心义烈，与日月争光：一个视频带你看完于谦的一生 #于谦 #明朝 #抖音精选 #青年创作者成长计划 #人文星闪耀计划","https://www.douyin.com/video/7628569824158960915","2026-04-14 19:07","窗口前","—","1.7万","839","3605","949","17000","0.21205882352941177","0.05582352941176471","151.23545836805556","—","2026-09-12T16:46:03.603Z"
"DC-SM-11","溯明","袁崇焕到底是是忠臣还是罪人？一个视频带你了解袁崇焕的功过是非 #袁崇焕 #明朝 #历史 #历史人物 #青年创作者成长计划","https://www.douyin.com/video/7626703098534317346","2026-04-09 18:23","窗口前","—","2.6万","3613","7865","1784","26000","0.3025","0.06861538461538462","156.26603386574075","—","2026-09-12T16:46:05.326Z"
"DC-SM-12","溯明","十五分钟带你看完大明好圣孙朱瞻基的一生功过是非 朱瞻基是应梦而生的天命圣孙，是挽狂澜于既倒的大明守成之主，但他亦是功过交织的遗憾帝王。#明朝 #朱瞻基 #历史人物 #抖音精选 #青年创作者成长计划","https://www.douyin.com/video/7621138473944173830","2026-03-25 18:29","窗口前","—","2.7万","847","5678","1776","27000","0.2102962962962963","0.06577777777777778","171.26188630787038","—","2026-09-12T16:46:06.977Z"
"DC-SM-13","溯明","一个视频带你看完大明最冤的功臣：胡宗宪 这个世界上，最廉价的，就是站在道德高地上喊口号的空谈者；最难得的，是那些明知会身败名裂、明知会万劫不复，还是愿意低下头、弯下腰、弄脏双手，只为给身后苍生撑起一片天的人。大明朝不缺洁身自好的清流，缺的是愿意为苍生背负污名的胡宗宪。#胡宗宪 #","https://www.douyin.com/video/7619613674356985126","2026-03-21 15:52","窗口前","—","1.9万","648","6034","1708","19000","0.31757894736842107","0.08989473684210526","175.37093253472221","—","2026-09-12T16:46:08.571Z"
"DC-SM-14","溯明","第13集 ／ 他是大明最后的一位臣子 他叫——李来亨 中国的历史里，从来不缺改朝换代的开国皇帝，不缺决胜千里的绝世名将，不缺封侯拜相的开国功臣。但永远缺一种人：在所有人都已经接受现实、放下武器、低头认输的时候，依然愿意站出来，举起手里的刀，战斗到最后一刻的人。#李来亨 #明朝 #","https://www.douyin.com/video/7618515479015083302","2026-03-18 16:51","窗口前","—","2.3万","2033","4170","1256","23000","0.18130434782608695","0.05460869565217391","178.3299809837963","—","2026-09-12T16:46:10.357Z"
"DC-SM-15","溯明","第12集 ／ 从朱元璋到崇祯，大明16帝全盘点：谁是明君？谁是昏君？ #明朝 #朱元璋 #崇祯 #永乐大帝 #青年创作者成长计划","https://www.douyin.com/video/7617062261261094170","2026-03-14 18:51","窗口前","—","1.6万","548","6396","1446","16000","0.39975","0.090375","182.24666587962963","—","2026-09-12T16:46:11.932Z"
"DC-SM-16","溯明","第11集 ／ 他 叫 卢 象 升 ！ #明朝 #卢象升 #历史人物 #青年创作者成长计划","https://www.douyin.com/video/7615516321077415195","2026-03-10 14:52","窗口前","—","1.5万","1007","4057","1170","15000","0.2704666666666667","0.078","186.41265737268517","—","2026-09-12T16:46:13.597Z"
"DC-SM-17","溯明","第10集 ／ 一个视频带你看懂明初战神常遇春的一生以及所有战役 在元末那个血流成河的年代，有一种人，生来就是为了打仗。他们不讲权谋，不懂算计， 他们只信一件事——战场上的胜负。 而常遇春，就是这样的人。#常遇春 #明朝 #历史 #历史人物 #人文星闪耀计划","https://www.douyin.com/video/7614462773136870682","2026-03-07 18:44","窗口前","—","7674","518","1975","314","7674","0.2573625228042742","0.040917383372426376","189.25156560185187","—","2026-09-12T16:46:15.268Z"
"DC-SM-18","溯明","第9集 ／ 一个视频，看完民族英雄朱成功波澜壮阔的一生 朱成功收复台湾，是中国历史上第一次大规模击败西方殖民帝国的战争。其捍卫国家领土主权、维护国家统一的不朽壮举将永远光照史册。#郑成功收复台湾 #明朝 #历史 #人文星闪耀计划 #朱成功","https://www.douyin.com/video/7612975749854727470","2026-03-03 18:34","窗口前","—","1.0万","560","2004","444","10000","0.2004","0.0444","193.25852979166666","—","2026-09-12T16:46:16.974Z"
"DC-SM-19","溯明","二十四年不上朝：一个视频带你看懂嘉靖帝朱厚熜的权力游戏 在中国两千年帝制史上，从来没有一个皇帝像朱厚熜这样，能把权力的本质看得如此通透。 他15 岁孤身从安陆入京，无东宫班底，无朝堂根基，无外戚靠山，只用了短短三年时间，就把掌控朝堂数十年的文官集团踩在脚下；他在位四十五年，哪怕深","https://www.douyin.com/video/7611836513965362458","2026-02-28 19:00","窗口前","—","4.9万","1300","1.6万","4819","49000","0.32653061224489793","0.0983469387755102","196.24049327546297","—","2026-09-12T16:46:18.619Z"
"DC-SM-20","溯明","一个视频带你看懂大明战神李文忠的一生 在中国历史的北伐史上，李文忠踏出了中原军队向北最远的征程，站在了中原王朝武将从未到达过的高度！#李文忠 #明朝 #历史 #人文星闪耀计划 #历史人物","https://www.douyin.com/video/7610733742532939035","2026-02-25 19:40","窗口前","—","15.4万","8026","2.8万","6549","154000","0.18181818181818182","0.04252597402597402","199.21273532407406","—","2026-09-12T16:46:20.332Z"
"DC-SM-21","溯明","第8集 ／ 朱高煦的一生，是一场彻头彻尾的悲剧，一生都被困在了一句话里 “努力，世子多疾。”#朱高煦 #明朝 #朱棣 #人文星闪耀计划 #历史","https://www.douyin.com/video/7601156307722308891","2026-01-31 08:00","窗口前","—","1.6万","584","3819","741","16000","0.2386875","0.0463125","224.69886887731482","—","2026-09-12T16:46:22.271Z"
"DC-SM-22","溯明","第7集 ／ 一个视频带你看懂成化犁庭 #明朝 #朱见深 #成化犁庭 #人文星闪耀计划 #历史","https://www.douyin.com/video/7599614997135756598","2026-01-26 18:27","窗口前","—","1.4万","753","2970","1310","14000","0.21214285714285713","0.09357142857142857","229.26412083333332","—","2026-09-12T16:47:20.040Z"
"DC-SM-23","溯明","第6集 ／ 接下来我会用286期内容，带你走完大明王朝每一年的关键抉择 洪武元年，不只是大明的开始，也是元朝的结束。所以这一年，最核心的剧情，就是时隔430年，汉人王朝终于要收复被石敬瑭割让的燕云十六州了，而元朝，正一步步走向穷途末路。#明朝 #朱元璋 #历史 #人文星闪耀计划","https://www.douyin.com/video/7598572198361697579","2026-01-24 08:00","窗口前","—","1966","46","428","63","1966","0.21770091556459817","0.03204476093591048","231.69955520833332","—","2026-09-12T16:47:21.570Z"
"DC-SM-24","溯明","一个视频带你重新认识永乐大帝——朱棣 #朱棣 #明朝 #历史 #人文星闪耀计划 #抖音精选","https://www.douyin.com/video/7597364349665201450","2026-01-20 16:54","窗口前","—","2690","105","462","111","2690","0.17174721189591077","0.041263940520446095","235.32873938657409","—","2026-09-12T16:47:23.083Z"
"DC-SM-25","溯明","第5集 ／ 一个视频告诉你，为什么说朱元璋得国最正 #历史 #朱元璋 #明朝 #人文星闪耀计划 #抖音精选","https://www.douyin.com/video/7596374437335731497","2026-01-18 08:00","窗口前","—","5.0万","1453","4867","1061","50000","0.09734","0.02122","237.69959052083334","—","2026-09-12T16:47:24.621Z"
"DC-SM-26","溯明","第2集 ／ 她，是历史上唯一被正史单独列传的女将军 鸳鸯袖里握兵符,何必将军是丈夫#秦良玉 #历史 #明朝 #人文星闪耀计划 #抖音精选","https://www.douyin.com/video/7594923995523288362","2026-01-14 08:00","窗口前","—","4158","356","670","279","4158","0.16113516113516113","0.0670995670995671","241.69960802083332","—","2026-09-12T16:47:26.133Z"
"DC-SM-27","溯明","第10集 ／ 一个视频带你看完霍去病短暂而又壮阔的一生 #霍去病 #历史人物 #人文星闪耀计划 #抖音精选","https://www.douyin.com/video/7594089118360145190","2026-01-12 08:00","窗口前","—","1121","37","191","134","1121","0.1703835860838537","0.11953612845673506","243.69962658564816","—","2026-09-12T16:47:27.737Z"
"DC-SM-28","溯明","第3集 ／ 为什么说“传庭死，而明亡矣”？一个视频带你看懂 孙传庭是历史曾给明朝的最后一次机会，他勇有谋，能把李自成逼入绝境，他也能解决大明王朝最严重的土地军屯问题，他也足够忠心，哪怕明知是送死，也没有违抗圣旨。孙传庭死后，明朝就再也找不出一位他这样的人才了。#孙传庭 #明朝 #","https://www.douyin.com/video/7593323022749109514","2026-01-10 08:00","窗口前","—","1.5万","996","2774","1133","15000","0.18493333333333334","0.07553333333333333","245.69964431712964","—","2026-09-12T16:47:29.269Z"
"DC-SM-29","溯明","第4集 ／ 一口气带你看懂李定国的一生 他的前半生反抗明朝腐朽统治，是为民请命的英雄；后半生是擎起抗清大旗，捍卫民族气节的统帅。#历史 #历史人物 #李定国 #人文星闪耀计划 #明朝","https://www.douyin.com/video/7592600042414837042","2026-01-07 20:46","窗口前","—","9732","644","1946","940","9732","0.19995889847924372","0.09658857377722976","248.16771761574074","—","2026-09-12T16:47:30.802Z"
"DC-SM-30","溯明","第1集 ／ 一口气带你看懂李自成写给崇祯的这篇前无古人的“讨逆檄文” 看懂这篇檄文，才能理解“君非甚暗”这句话的含金量。#历史 #明朝 #历史人物 #崇祯 #李自成","https://www.douyin.com/video/7591860967428951334","2026-01-05 20:58","窗口前","—","3969","223","1009","371","3969","0.25422020660115896","0.09347442680776014","250.1594071875","—","2026-09-12T16:47:32.781Z"
"DC-SM-31","溯明","一个视频带你看懂阎应元“有降将军，无降典史。”的分量。 #阎应元 #明朝 #历史人物 #人文星闪耀计划 #历史","https://www.douyin.com/video/7589736979592449289","2025-12-31 08:00","窗口前","—","12.4万","7657","1.5万","1.1万","124000","0.12096774193548387","0.08870967741935484","255.69970409722222","—","2026-09-12T16:47:34.434Z"
"DC-SM-32","溯明","第9集 ／ 他，中国的第一位皇帝 #秦始皇 #历史人物 #历史 #嬴政 #人文星闪耀计划","https://www.douyin.com/video/7502356554864184587","2025-05-09 18:20","窗口前","—","5070","192","642","401","5070","0.12662721893491125","0.07909270216962525","491.26916555555556","—","2026-09-12T16:47:35.904Z"
"DC-SM-33","溯明","第8集 ／ 封 侯 非 我 意 ，但 愿 海 波 平 ！ #历史人物 #戚继光 #明朝 #人文星闪耀计划 #历史","https://www.douyin.com/video/7494193644363058484","2025-04-17 18:30","窗口前","—","2526","73","384","227","2526","0.15201900237529692","0.08986539984164688","513.262238287037","—","2026-09-12T16:47:37.388Z"
"DC-SM-34","溯明","第7集 ／ 他是大明王朝最悲情的皇帝 #历史人物 #朱祁钰 #明朝 #人文星闪耀计划 #历史","https://www.douyin.com/video/7492004059839237376","2025-04-11 18:46","窗口前","—","2.4万","1373","2222","1569","24000","0.09258333333333334","0.065375","519.2511577546296","—","2026-09-12T16:47:40.030Z"
"DC-SM-35","溯明","第6集 ／ 他 叫 永 乐 大 帝 ! #朱棣 #永乐大帝 #历史人物 #人文星闪耀计划 #涨知识","https://www.douyin.com/video/7491225356523900200","2025-04-09 18:25","窗口前","—","7556","379","1001","570","7556","0.13247750132345157","0.07543673901535204","521.2657712847222","—","2026-09-12T16:47:42.639Z"
"DC-SM-36","溯明","第5集 ／ 那天，他说：“王侯将相，宁有种乎！” #历史人物 #陈胜吴广 #人文星闪耀计划 #涨知识","https://www.douyin.com/video/7488286053476945164","2025-04-01 18:14","窗口前","—","3254","213","529","293","3254","0.16256914566687156","0.09004302397049785","529.2735957986112","—","2026-09-12T16:47:58.677Z"
"DC-SM-37","溯明","第4集 ／ 张角的含金量有多重？看完这个视频你就懂了 #张角 #历史人物 #人文星闪耀计划","https://www.douyin.com/video/7486753638031854886","2025-03-28 19:00","窗口前","—","8420","546","893","799","8420","0.10605700712589074","0.09489311163895486","533.241672662037","—","2026-09-12T16:48:00.518Z"
"DC-SM-38","溯明","第3集 ／ 幼安，这大宋配不上你 #历史人物 #辛弃疾 #人文星闪耀计划 #涨知识","https://www.douyin.com/video/7486076253498314035","2025-03-26 19:23","窗口前","—","5.7万","2230","7851","7688","57000","0.13773684210526316","0.13487719298245615","535.2257192824075","—","2026-09-12T16:48:02.146Z"
"DC-SM-39","溯明","第2集 ／ 他是中国人心中最难以释怀的意难平。 因为他的存在，才让本就没有温度的历史，有了浪漫，有了理想#诸葛亮 #人文星闪耀计划 #历史人物","https://www.douyin.com/video/7481615069210561818","2025-03-14 18:50","窗口前","—","3.8万","1298","4666","5454","38000","0.12278947368421053","0.1435263157894737","547.2486554050926","—","2026-09-12T16:48:03.827Z"
"DC-SM-40","溯明","第1集 ／ 至死燃烧的蜀汉忠魂—姜维 #人文星闪耀计划 #姜维 #历史人物 #抖音知识年终大赏","https://www.douyin.com/video/7480146574719323431","2025-03-10 19:52","窗口前","—","9.4万","3033","8891","1.1万","94000","0.09458510638297872","0.11702127659574468","551.2056186574074","—","2026-09-12T16:48:05.452Z"
"DC-SM-41","溯明","一个视频详细为你说明中国历朝历代的灭亡原因 #历史 #一口气看完中国通史 #人文星闪耀计划 #抖音知识年终大赏 #历史事件","https://www.douyin.com/video/7478664040642809127","2025-03-06 19:56","窗口前","—","508","18","230","75","508","0.452755905511811","0.14763779527559054","555.2028578703704","—","2026-09-12T16:48:06.920Z"
"DC-SM-42","溯明","一个视频告诉你秦国历代先王都做了什么才奠定的统一基础 #秦国 #历史 #秦始皇","https://www.douyin.com/video/7476410168201252107","2025-02-28 18:11","窗口前","—","2249","79","838","431","2249","0.37261004891062693","0.19164072921298356","561.2757908449074","—","2026-09-12T16:48:08.329Z"
"DC-BB-1","八宝动物园","第12集 ／ 十大最聪明的狗狗 接下来向你奔来的是，全世界最聪明的十种狗狗#青年创作者成长计划 #动物科普","https://www.douyin.com/video/7623032860739390774","2026-03-30 21:01","窗口前","—","45.9万","2.4万","6.4万","18.0万","459000","0.1394335511982571","0.39215686274509803","166.1588463888889","true","2026-09-12T16:49:44.328Z"
"DC-BB-2","八宝动物园","第12集 ／ 狼崽 被遗弃狼崽，与人学会和解共生","https://www.douyin.com/video/7571775546296651051","2025-11-12 17:56","窗口前","—","31.6万","1939","2.1万","2.2万","316000","0.06645569620253164","0.06962025316455696","304.28733628472224","true","2026-09-12T16:49:45.855Z"
"DC-BB-3","八宝动物园","第4集 ／ 黑足猫 世界上第二小的猫科动物，拥有着高超的捕猎能力，但数量稀少#动物世界 #一代人有一代人的动物世界 #动物解说 #神奇动物在抖音 #搞笑动物","https://www.douyin.com/video/7490153622970354982","2025-04-06 19:14","窗口前","—","38.9万","6064","1.5万","23.4万","389000","0.038560411311053984","0.6015424164524421","524.2331873958333","true","2026-09-12T16:49:47.391Z"
"DC-BB-4","八宝动物园","第35集 ／ 五大不素之客 接下来你要重温的是，儿时农村中的，五大不素之客#动物世界 #动物科普 #抖音精选App征稿中","https://www.douyin.com/video/7682399654100684066","2026-09-06 20:34","窗口内","8","1.2万","555","6088","1537","12000","0.5073333333333333","0.12808333333333333","6.177650601851852","false","2026-09-12T16:49:49.012Z"
"DC-BB-5","八宝动物园","第34集 ／ 儿时农村中的五大战神 接下来你要面对的是，儿时农村中的五大战神#动物世界 #动物科普","https://www.douyin.com/video/7680212975440923938","2026-08-31 23:09","窗口内","8","6.9万","4294","1.9万","2.9万","69000","0.2753623188405797","0.42028985507246375","12.07002912037037","false","2026-09-12T16:49:50.516Z"
"DC-BB-6","八宝动物园","第33集 ／ 五大冰雪工作犬 接下来向你走来的是，五大冰雪工作犬#动物世界 #动物科普","https://www.douyin.com/video/7679438203807386943","2026-08-29 21:02","窗口内","7","9448","1329","1366","3548","9448","0.14458086367485182","0.37552921253175275","14.158241377314814","false","2026-09-12T16:49:52.055Z"
"DC-BB-7","八宝动物园","第14集 ／ 绝对可以养的狗狗之约克夏 如果要养一只狗狗，那很多家庭的首选，一定是约克夏#麦富迪#动物科普#麦富迪狗粮 #麦富迪乐活冻干粮 #狗狗软便","https://www.douyin.com/video/7679006630479228998","2026-08-28 19:37","窗口内","7","573","27","156","96","573","0.27225130890052357","0.16753926701570682","15.217286400462964","false","2026-09-12T16:49:53.545Z"
"DC-BB-8","八宝动物园","第32集 ／ 狗界中的五大速度天花板 接下来向你跑来的是，狗狗中的五大速度天花板#动物世界 #动物科普","https://www.douyin.com/video/7677596751976615177","2026-08-24 21:56","窗口内","7","1.4万","1077","2538","4837","14000","0.18128571428571427","0.3455","19.120776180555556","false","2026-09-12T16:49:55.062Z"
"DC-BB-9","八宝动物园","第31集 ／ 超大型犬中的五大战力天花板 接下来向你走来的是，超大型犬中的，五大战力天花板#动物世界 #动物科普","https://www.douyin.com/video/7676758445789383974","2026-08-22 18:26","窗口内","6","4295","409","1133","546","4295","0.26379511059371363","0.12712456344586728","21.266626770833334","false","2026-09-12T16:49:56.553Z"
"DC-BB-10","八宝动物园","第30集 ／ 五大顶级家养大型犬 接下来向你走来的是，五大顶级家养大型犬#动物世界 #动物科普","https://www.douyin.com/video/7676080896172150025","2026-08-20 19:54","窗口内","6","9988","1560","1623","3284","9988","0.16249499399279135","0.328794553464157","23.20553341435185","false","2026-09-12T16:49:58.087Z"
"DC-BB-11","八宝动物园","第29集 ／ 五大顶级家养中型犬 接下来向你走来的是，五大顶级家养中型犬#动物世界 #动物科普","https://www.douyin.com/video/7675356219791461666","2026-08-18 21:02","窗口内","6","6551","1383","861","2841","6551","0.13143031598229277","0.43367424820638073","25.15833046296296","false","2026-09-12T16:49:59.752Z"
"DC-BB-12","八宝动物园","第28集 ／ 五大顶级家养小型犬 接下来向你走来的是，最适合家养的，五大顶级小型犬#动物世界 #动物科普 #抖音创作者大会","https://www.douyin.com/video/7673861212412693795","2026-08-14 20:20","窗口内","5","1.4万","1610","2558","7577","14000","0.18271428571428572","0.5412142857142858","29.187516805555557","false","2026-09-12T16:50:01.452Z"
"DC-BB-13","八宝动物园","第27集 ／ 家养犬中的五大高手 接下来向你走来的是，家养犬中的五大高手#动物世界 #动物科普 #抖音创作者大会","https://www.douyin.com/video/7672757112967154995","2026-08-11 20:56","窗口内","5","4.2万","4242","6177","1.2万","42000","0.14707142857142858","0.2857142857142857","32.162535902777776","false","2026-09-12T16:50:03.102Z"
"DC-BB-14","八宝动物园","第26集 ／ 五大顶级家养犬 接下来向你走来的是，五大顶级家养犬#动物世界 #动物科普 #抖音创作者大会","https://www.douyin.com/video/7671230338751892770","2026-08-07 18:11","窗口内","4","3.0万","3355","2287","1.3万","30000","0.07623333333333333","0.43333333333333335","36.27713875","false","2026-09-12T16:50:04.788Z"
"DC-BB-15","八宝动物园","第25集 ／ 最黏人的五种猫咪 接下来向你走来的是，最黏人的五种猫咪#动物世界 #动物科普 #自制综艺","https://www.douyin.com/video/7670434173965929728","2026-08-05 17:40","窗口内","4","6593","1191","731","3554","6593","0.11087517063552252","0.5390565751554679","38.298683125","false","2026-09-12T16:50:06.222Z"
"DC-BB-16","八宝动物园","第24集 ／ 最常见的五种猫咪 接下来向你走来的是，家庭中最常见的五种猫咪#动物科普 #动物世界 #自制综艺","https://www.douyin.com/video/7669786767230242057","2026-08-03 20:49","窗口内","4","3.0万","3209","1975","9444","30000","0.06583333333333333","0.3148","40.16745152777778","false","2026-09-12T16:50:07.812Z"
"DC-BB-17","八宝动物园","第13集 ／ 博美犬 如果说要养一只狗狗，那很多家庭的首选，一定是博美犬#动物世界 #动物科普 #自制综艺","https://www.douyin.com/video/7669021830551850266","2026-08-01 19:21","窗口内","3","4616","1046","636","3618","4616","0.13778162911611785","0.7837954939341422","42.22872929398148","false","2026-09-12T16:50:22.211Z"
"DC-BB-18","八宝动物园","第6集 ／ 绝对可以养的猫咪之金渐层 如果说想要养一只猫咪，那很多家庭的首选一定是金渐层#动物世界 #动物科普","https://www.douyin.com/video/7668318521469783347","2026-07-30 21:52","窗口内","3","5616","1782","574","5023","5616","0.10220797720797721","0.8944088319088319","44.123886319444445","false","2026-09-12T16:50:23.778Z"
"DC-BB-19","八宝动物园","第12集 ／ 绝对可以养的狗狗之法国斗牛犬 如果说要养一只狗狗，那很多家庭的首选，一定是法国斗牛犬#动物科普","https://www.douyin.com/video/7667814813216673024","2026-07-29 18:26","窗口内","3","6469","1027","559","4951","6469","0.08641211933838305","0.7653424022260009","45.266961898148146","false","2026-09-12T16:50:25.508Z"
"DC-BB-20","八宝动物园","第11集 ／ 绝对可以养的狗狗之西高地 如果说要养一只狗狗，那很多家庭的首选一定是西高地#动物科普","https://www.douyin.com/video/7667062107929578767","2026-07-27 17:35","窗口内","3","3906","792","491","3833","3906","0.12570404505888377","0.9813108038914491","47.302396342592594","false","2026-09-12T16:50:27.044Z"
"DC-BB-21","八宝动物园","第3集 ／ 如果暹罗猫跟主人互换了身体 假如暹罗猫和主人互换了身体，会发生什么？#抖音AI创作大赛 #动物世界","https://www.douyin.com/video/7664996462689848627","2026-07-21 23:01","窗口内","2","5757","621","496","4584","5757","0.08615598401945458","0.7962480458572173","53.076030358796295","false","2026-09-12T16:50:29.023Z"
"DC-BB-22","八宝动物园","第2集 ／ 如果边牧和主人互换了身体 假如边牧和主人互换了身体，会发生什么？#抖音AI创作大赛 #动物世界","https://www.douyin.com/video/7664605931950312730","2026-07-20 21:45","窗口内","2","3207","220","383","4066","3207","0.11942625506704085","1.2678515746803867","54.128825497685185","false","2026-09-12T16:50:30.523Z"
"DC-BB-23","八宝动物园","第1集 ／ 如果金毛和主人互换了身体 假如金毛和主人互换了身体，会发生什么？#抖音AI创作大赛 #动物世界","https://www.douyin.com/video/7664121548034379049","2026-07-19 18:26","窗口内","1","9224","598","661","7730","9224","0.07166088464874242","0.838031222896791","55.26704086805555","false","2026-09-12T16:50:32.331Z"
"DC-BB-24","八宝动物园","第5集 ／ 边牧的奇幻之旅 假如把一只边境牧羊犬扔进侏罗纪，它能在异特龙追上来之前，把几只走散的幼年梁龙带回族群吗？#青年创作者成长计划 #动物世界 #抖音AI创作大赛 #奇幻","https://www.douyin.com/video/7663728357015686450","2026-07-18 13:00","窗口内","1","3445","443","342","2378","3445","0.09927431059506531","0.6902757619738752","56.4934469212963","false","2026-09-12T16:50:33.814Z"
"DC-BB-25","八宝动物园","第1集 ／ 剑齿虎的梦幻穿越 假如把一只剑齿虎扔进非洲大草原，它还能从狮群和鬣狗口中抢回王座吗？#青年创作者成长计划 #动物世界 #抖音AI创作大赛 #奇幻 #心动观赛季拼出世界杯","https://www.douyin.com/video/7660421327408352554","2026-07-09 15:07","窗口前","—","1.4万","1315","1509","999","14000","0.10778571428571429","0.07135714285714286","65.40526993055556","false","2026-09-12T16:50:35.322Z"
"DC-BB-26","八宝动物园","第4集 ／ 柯基的奇幻之旅 假如把一只柯基扔进白垩纪，它还能从恐龙迁徙的脚下活下来吗？#青年创作者成长计划 #动物世界 #抖音AI创作大赛 #奇幻","https://www.douyin.com/video/7659705236835175743","2026-07-07 19:45","窗口前","—","1.6万","1975","1743","2.2万","16000","0.1089375","1.375","67.21223434027777","false","2026-09-12T16:50:37.047Z"
"DC-BB-27","八宝动物园","第3集 ／ 拉布拉多的奇幻之旅 假如把一只拉布拉多扔进冰河消融期，它还能从洪水里叼回一条生路吗？#青年创作者成长计划 #动物世界 #抖音AI创作大赛 #奇幻","https://www.douyin.com/video/7657794538190228746","2026-07-02 18:26","窗口前","—","5189","640","782","1980","5189","0.15070341106186164","0.3815764116400077","72.26711289351852","false","2026-09-12T16:50:38.554Z"
"DC-BB-28","八宝动物园","第2集 ／ 金毛的奇幻之旅 假如把一只金毛扔进冰河时代，它还能把温顺变成活命本事吗？#青年创作者成长计划 #动物世界 #抖音AI创作大赛 #奇幻","https://www.douyin.com/video/7657132789359217935","2026-06-30 18:26","窗口前","—","5.1万","2657","4643","2.4万","51000","0.09103921568627452","0.47058823529411764","74.26712993055556","false","2026-09-12T16:50:40.026Z"
"DC-BB-29","八宝动物园","第1集 ／ 比熊的奇幻之旅 假如把一只比熊扔进三叠纪荒原，它还能躲得过腔骨龙的追击吗？#青年创作者成长计划 #动物世界 #抖音AI创作大赛 #奇幻","https://www.douyin.com/video/7656463373801917736","2026-06-28 23:08","窗口前","—","2.9万","3461","3177","3.0万","29000","0.10955172413793103","1.0344827586206897","76.0713133912037","false","2026-09-12T16:50:41.477Z"
"DC-BB-30","八宝动物园","第10集 ／ 绝对可以养的狗狗之八哥犬 如果说要养一只狗狗，那很多家庭的首选一定是八哥犬#青年创作者成长计划 #动物科普 #抖音AI创作大赛","https://www.douyin.com/video/7655912175306886452","2026-06-27 18:26","窗口前","—","1.2万","1699","1112","9248","12000","0.09266666666666666","0.7706666666666667","77.26716399305556","false","2026-09-12T16:50:42.969Z"
"DC-BB-31","八宝动物园","第9集 ／ 绝对可以养的狗狗之比熊犬 如果说要养一只狗狗，那很多家庭的首选，一定是比熊犬#青年创作者成长计划 #动物科普 #抖音AI创作大赛","https://www.douyin.com/video/7655503869497199907","2026-06-26 18:26","窗口前","—","9674","1311","928","6199","9674","0.09592722762042588","0.6407897457101509","78.26718082175925","false","2026-09-12T16:50:44.423Z"
"DC-BB-32","八宝动物园","第8集 ／ 绝对可以养的狗狗之萨摩耶 如果说要养一只狗狗，那很多家庭的首选，一定是萨摩耶#青年创作者成长计划 #动物科普 #抖音AI创作大赛","https://www.douyin.com/video/7655253138546494760","2026-06-25 19:00","窗口前","—","3.4万","1580","2011","1.3万","34000","0.059147058823529414","0.38235294117647056","79.24358744212962","false","2026-09-12T16:50:45.955Z"
"DC-BB-33","八宝动物园","第5集 ／ 绝对可以养的猫咪之德文卷毛猫 如果说要养一只猫咪，那很多家庭的首选，一定是德文卷毛猫#青年创作者成长计划 #动物科普 #抖音AI创作大赛","https://www.douyin.com/video/7654787621364698403","2026-06-24 18:26","窗口前","—","6262","2360","955","7961","6262","0.1525071862024912","1.27131906739061","80.26721652777778","false","2026-09-12T16:50:47.508Z"
"DC-BB-34","八宝动物园","第4集 ／ 绝对可以养的猫咪之美短 如果说要养一只猫咪，那很多家庭的首选一定是美短#青年创作者成长计划 #动物科普 #抖音AI创作大赛","https://www.douyin.com/video/7654404354560118050","2026-06-23 18:26","窗口前","—","2.5万","6219","1896","1.7万","25000","0.07584","0.68","81.26723413194445","false","2026-09-12T16:50:49.029Z"
"DC-BB-35","八宝动物园","第7集 ／ 绝对可以养的狗狗之柴犬 如果说要养一只狗狗，那很多家庭的首选一定是柴犬#青年创作者成长计划 #动物科普 #抖音AI创作大赛","https://www.douyin.com/video/7654163371012541705","2026-06-22 18:23","窗口前","—","4.1万","4897","3585","3.0万","41000","0.0874390243902439","0.7317073170731707","82.26933568287038","false","2026-09-12T16:50:50.603Z"
"DC-BB-36","八宝动物园","第3集 ／ 绝对可以养的猫咪之布偶猫 如果说要养一只猫咪，那很多家庭的选择，一定是布偶猫#青年创作者成长计划 #动物科普 #抖音AI创作大赛","https://www.douyin.com/video/7653721513400470818","2026-06-21 18:26","窗口前","—","3.3万","7844","2319","1.9万","33000","0.07027272727272728","0.5757575757575758","83.26727708333334","false","2026-09-12T16:50:52.740Z"
"DC-BB-37","八宝动物园","第23集 ／ 十大顶级猫科动物 接下来登场的是，世界十大站在食物链顶端的猫科动物#青年创作者成长计划 #动物科普 #抖音AI创作大赛","https://www.douyin.com/video/7653342387258854656","2026-06-20 18:26","窗口前","—","2634","116","807","228","2634","0.30637813211845105","0.08656036446469248","84.2678654861111","false","2026-09-12T16:51:43.578Z"
"DC-BB-38","八宝动物园","第2集 ／ 绝对可以养的猫咪之暹罗猫 如果说要养一只猫咪，那很多家庭的最优选择，一定是暹罗猫#青年创作者成长计划 #动物科普 #抖音AI创作大赛","https://www.douyin.com/video/7652977697911557382","2026-06-19 18:26","窗口前","—","9304","1269","783","5024","9304","0.08415735167669819","0.5399828030954428","85.26788304398148","false","2026-09-12T16:51:45.095Z"
"DC-BB-39","八宝动物园","第1集 ／ 绝对可以养的猫咪之英国短毛猫 如果说要养一只猫咪，那很多家庭最先选择的，一定是英国短毛猫#青年创作者成长计划 #动物科普 #抖音AI创作大赛","https://www.douyin.com/video/7652632422592302346","2026-06-18 18:26","窗口前","—","6141","1783","713","4438","6141","0.11610486891385768","0.7226836020192151","86.26790065972222","false","2026-09-12T16:51:46.617Z"
"DC-BB-40","八宝动物园","第6集 ／ 绝对可以养的狗狗之拉布拉多 如果说要养一只狗狗，那很多家庭的首选，一定是拉布拉多#青年创作者成长计划 #动物科普","https://www.douyin.com/video/7652210977525599497","2026-06-17 18:26","窗口前","—","8830","1333","687","3309","8830","0.07780294450736126","0.37474518686296715","87.26791789351851","false","2026-09-12T16:51:48.106Z"
"DC-BB-41","八宝动物园","第5集 ／ 绝对可以养的狗狗之边境牧羊犬 如果说要养一只狗狗，那很多家庭的首选一定是边境牧羊犬#青年创作者成长计划 #动物科普 #量子战队超能变","https://www.douyin.com/video/7651842878632709395","2026-06-16 18:26","窗口前","—","2009","303","337","914","2009","0.1677451468392235","0.45495271279243404","88.26793475694444","false","2026-09-12T16:51:49.563Z"
"DC-BB-42","八宝动物园","第4集 ／ 绝对可以养的狗狗之雪纳瑞 如果说要养一只狗狗，那很多家庭的首选一定是雪纳瑞#青年创作者成长计划 #动物科普 #毕业第一台家电选什么","https://www.douyin.com/video/7651524518162238730","2026-06-15 18:26","窗口前","—","1.0万","2294","1495","1.2万","10000","0.1495","1.2","89.26795321759259","false","2026-09-12T16:51:51.158Z"
"DC-BB-43","八宝动物园","第3集 ／ 绝对可以养的狗狗之贵宾犬 如果说要养一只狗狗，那很多家庭的首选一定是贵宾犬#青年创作者成长计划 #动物科普 #毕业第一台家电选什么","https://www.douyin.com/video/7651176934524685611","2026-06-14 17:14","窗口前","—","1.2万","5956","1203","7813","12000","0.10025","0.6510833333333333","90.31797046296296","false","2026-09-12T16:51:52.648Z"
"DC-BB-44","八宝动物园","第2集 ／ 绝对可以养的狗狗之柯基犬 如果说要养一只狗狗，那很多家庭的首选一定是柯基犬#青年创作者成长计划 #动物科普 #美年达欢笑一口上线","https://www.douyin.com/video/7650750408557612351","2026-06-13 18:26","窗口前","—","4.3万","5764","4925","3.4万","43000","0.11453488372093024","0.7906976744186046","91.26798763888888","false","2026-09-12T16:51:54.132Z"
"DC-BB-45","八宝动物园","第1集 ／ 绝对可以养的狗狗之金毛犬 如果说要养一只狗狗，那很多家庭的首选一定是金毛犬#青年创作者成长计划 #动物科普","https://www.douyin.com/video/7650356557380734246","2026-06-12 18:26","窗口前","—","1.8万","3230","1392","9132","18000","0.07733333333333334","0.5073333333333333","92.26800574074075","false","2026-09-12T16:51:55.696Z"
"DC-BB-46","八宝动物园","第22集 ／ 十大顶级战力的狗狗 接下来登场的是，十种战斗力最强的狗狗#青年创作者成长计划 #动物科普","https://www.douyin.com/video/7650040794363071796","2026-06-11 18:26","窗口前","—","5434","668","1492","1048","5434","0.27456753772543246","0.19285977180714023","93.26802313657407","false","2026-09-12T16:51:57.199Z"
"DC-BB-47","八宝动物园","第21集 ／ 十大最聪明猫咪 接下来登场的是，十大最聪明猫咪#青年创作者成长计划 #动物科普","https://www.douyin.com/video/7647056097374702889","2026-06-03 18:26","窗口前","—","4.2万","4466","5374","2.7万","42000","0.12795238095238096","0.6428571428571429","101.26804055555556","false","2026-09-12T16:51:58.704Z"
"DC-BB-48","八宝动物园","第20集 ／ 十大最适合新手养的猫咪 接下来拥入你怀抱的是，十种最适合新手养的猫咪#青年创作者成长计划 #动物科普","https://www.douyin.com/video/7645966127708802367","2026-05-31 16:13","窗口前","—","8233","859","1056","2091","8233","0.12826430219846957","0.25397789384185593","104.36042226851852","false","2026-09-12T16:52:00.484Z"
"DC-BB-49","八宝动物园","第19集 ／ 十大最适合家养小宠 接下来隆重登场的是，十大最适合家养小宠#青年创作者成长计划 #动物科普","https://www.douyin.com/video/7641485635416526131","2026-05-19 14:27","窗口前","—","1.4万","1406","3885","4634","14000","0.2775","0.331","116.43405047453703","false","2026-09-12T16:52:01.961Z"
"DC-BB-50","八宝动物园","第18集 ／ 十种最适合新手养的狗狗 接下来向你奔来的是，十种最适合新手养的狗狗#青年创作者成长计划 #动物科普","https://www.douyin.com/video/7640146875944832298","2026-05-16 07:15","窗口前","—","1.1万","1107","1595","3132","11000","0.145","0.2847272727272727","119.73406896990741","false","2026-09-12T16:52:03.559Z"
"DC-BB-51","八宝动物园","第17集 ／ 十大最可爱的动物 接下来向你奔来的是，世界上最可爱的十种动物#青年创作者成长计划 #动物科普","https://www.douyin.com/video/7634879119104199970","2026-05-01 21:11","窗口前","—","5664","346","1401","1870","5664","0.24735169491525424","0.3301553672316384","134.15353144675925","false","2026-09-12T16:52:05.117Z"
"DC-BB-52","八宝动物园","第16集 ／ 十种最黏人的狗狗 接下来向你奔来的是，十种最黏人的狗狗#青年创作者成长计划 #动物科普","https://www.douyin.com/video/7631181766673354034","2026-04-21 22:05","窗口前","—","6870","649","1931","2184","6870","0.28107714701601166","0.3179039301310044","144.1160492476852","false","2026-09-12T16:52:06.655Z"
"DC-BB-53","八宝动物园","第15集 ／ 十大常见的十种大型犬 接下来像你奔来的是，最常见的十种大型犬#青年创作者成长计划 #动物科普","https://www.douyin.com/video/7627802319907753243","2026-04-12 21:00","窗口前","—","1.2万","1268","2066","3407","12000","0.17216666666666666","0.28391666666666665","153.16120755787037","false","2026-09-12T16:52:08.333Z"
"DC-BB-54","八宝动物园","第14集 ／ 世界十大顶级超大型犬 接下来向你奔来的是，世界十大顶级超大型犬#青年创作者成长计划 #动物科普","https://www.douyin.com/video/7625458379342794011","2026-04-06 09:53","窗口前","—","11.4万","4132","1.6万","3.6万","114000","0.14035087719298245","0.3157894736842105","159.6244197337963","false","2026-09-12T16:52:09.865Z"
"DC-BB-55","八宝动物园","第13集 ／ 十大家养中型犬 接下来向你奔来的是，中国家庭里常见的十大家养中型犬#青年创作者成长计划 #动物科普","https://www.douyin.com/video/7624145938667277622","2026-04-02 21:00","窗口前","—","2.4万","2782","4167","5205","24000","0.173625","0.216875","163.16124403935186","false","2026-09-12T16:52:11.485Z"
"DC-BB-56","八宝动物园","第11集 ／ 猫界的五虎上将 接下来向你潜来的是，中国猫界的“五虎上将”#青年创作者成长计划 #动物科普","https://www.douyin.com/video/7621483944210402579","2026-03-26 16:50","窗口前","—","4.2万","4509","8326","1.1万","42000","0.19823809523809524","0.2619047619047619","170.3348804050926","false","2026-09-12T16:52:13.667Z"
"DC-BB-57","八宝动物园","第10集 ／ 十大最适合家养的小型犬 接下来向你奔来的是，最适合家养的，十大小型犬#青年创作者成长计划 #动物科普","https://www.douyin.com/video/7620499818380561691","2026-03-24 06:05","窗口前","—","13.4万","1.3万","3.3万","10.2万","134000","0.2462686567164179","0.7611940298507462","172.78297074074075","false","2026-09-12T16:52:28.672Z"
"DC-BB-58","八宝动物园","第9集 ／ 十大顶级家养犬 接下来像你奔来的，是来自于全世界的，十大顶级家养犬#青年创作者成长计划 #动物科普","https://www.douyin.com/video/7619319893187513646","2026-03-20 20:52","窗口前","—","14.9万","7669","2.0万","8.1万","149000","0.1342281879194631","0.5436241610738255","176.1670174074074","false","2026-09-12T16:52:30.304Z"
"DC-BB-59","八宝动物园","第8集 ／ 十大王牌狗狗 接下来像你跑来的，是犬类世界的，十大王牌选手#青年创作者成长计划","https://www.douyin.com/video/7618172063089446171","2026-03-17 18:38","窗口前","—","4316","275","1146","1003","4316","0.2655236329935125","0.23239110287303058","179.2600909375","false","2026-09-12T16:52:31.857Z"
"DC-BB-60","八宝动物园","第7集 ／ 十大顶流家猫 接下来奔入你怀抱的是，来自于世界各地的十大顶流家猫#青年创作者成长计划","https://www.douyin.com/video/7617109709991972111","2026-03-14 21:56","窗口前","—","5.5万","3728","5593","3.0万","55000","0.1016909090909091","0.5454545454545454","182.1226081134259","false","2026-09-12T16:52:33.341Z"
"DC-BB-61","八宝动物园","第6集 ／ 动物界中的十大武器库 接下来朝你逼近的是，动物界中的十大武器库#青年创作者成长计划 #冷知识科普","https://www.douyin.com/video/7616387272027507968","2026-03-12 23:12","窗口前","—","1544","45","357","151","1544","0.23121761658031087","0.0977979274611399","184.06984811342593","false","2026-09-12T16:52:34.877Z"
"DC-BB-62","八宝动物园","第5集 ／ 十大深渊主宰 此刻朝你逼近的，是史前海洋最可怕的十大深渊主宰","https://www.douyin.com/video/7613773676269292834","2026-03-05 22:11","窗口前","—","9760","210","2322","1149","9760","0.23790983606557378","0.11772540983606557","191.11222758101852","false","2026-09-12T16:52:36.463Z"
"DC-BB-63","八宝动物园","第30集 ／ 狗狗 她的推搡，其实是这世上最温柔的驱逐令。手掌落在身上，力道轻得像哄一个不愿离去的孩子。#青年创作者成长计划 #动物解说","https://www.douyin.com/video/7609643142333091106","2026-02-22 19:04","窗口前","—","2338","33","149","102","2338","0.06372968349016253","0.04362703165098375","202.24210577546296","false","2026-09-12T16:52:37.939Z"
"DC-BB-64","八宝动物园","第29集 ／ 狗狗 这一等就是10年，这个路口，是我的坐标，没有承诺，没有归期。#青年创作者成长计划","https://www.douyin.com/video/7608905854472981800","2026-02-20 19:24","窗口前","—","2231","124","292","315","2231","0.13088301210219633","0.14119229045271178","204.2282373148148","false","2026-09-12T16:52:39.704Z"
"DC-BB-65","八宝动物园","动物独白合集 #一代人有一代人的动物世界 #动物世界解说","https://www.douyin.com/video/7607272710883855631","2026-02-16 09:45","窗口前","—","3359","97","810","655","3359","0.24114319738017267","0.19499851146174457","208.63033797453704","false","2026-09-12T16:52:41.201Z"
"DC-BB-66","八宝动物园","第28集 ／ 奶奶与狗 面朝大海，春暖花开，原来最深的爱，一直存在互相的守护里#青年创作者成长计划","https://www.douyin.com/video/7605935307933961507","2026-02-12 19:13","窗口前","—","1436","55","142","49","1436","0.0988857938718663","0.034122562674094706","212.23591125","false","2026-09-12T16:52:42.732Z"
"DC-BB-67","八宝动物园","第27集 ／ 猫咪 我叼走小猫咪，藏到谁也找不到的地方。不是因为恨，是因为太爱了#青年创作者成长计划","https://www.douyin.com/video/7605568849533996303","2026-02-11 19:31","窗口前","—","2007","33","131","96","2007","0.06527154957648232","0.04783258594917788","213.2234307175926","false","2026-09-12T16:52:44.414Z"
"DC-BB-68","八宝动物园","第26集 ／ 大鹅 我的世界，从两个月前那个踉跄开始，便缩小成了以弟弟为中心的、一个羽翼张开的圆#青年创作者成长计划 #神奇动物在抖音","https://www.douyin.com/video/7604852184068459810","2026-02-09 21:11","窗口前","—","2987","70","238","196","2987","0.0796786072982926","0.06561767659859391","215.1540039351852","false","2026-09-12T16:52:45.940Z"
"DC-BB-69","八宝动物园","第25集 ／ 狗狗金石 他们以双腿赠我路途，以怀抱作我疆土。而我，这块名为金石的顽石，则以全部的生命，活成他们心尖上最柔软、最沉重、也最不可割舍的——那块金石。#青年创作者成长计划 #神奇动物在抖音","https://www.douyin.com/video/7604066759573851407","2026-02-07 18:24","窗口前","—","1966","67","496","52","1966","0.25228891149542215","0.026449643947100712","217.2699934837963","false","2026-09-12T16:52:47.437Z"
"DC-BB-70","八宝动物园","第24集 ／ 狗狗阿荣 那天之后，很多人说我是英雄，可我心里更清楚：我救出了他们的命，却没能把自己的幼崽从泥里抱回来#青年创作者成长计划 #神奇动物在抖音","https://www.douyin.com/video/7603650122622258472","2026-02-06 17:30","窗口前","—","5217","73","694","412","5217","0.13302664366494155","0.07897258961088749","218.30751159722223","false","2026-09-12T16:52:49.002Z"
"DC-BB-71","八宝动物园","第23集 ／ 狗狗白久 救我的，是陌生人，把我往绝路推的，却是本该照顾我的人。#青年创作者成长计划","https://www.douyin.com/video/7602605186867055935","2026-02-03 19:51","窗口前","—","4920","149","399","232","4920","0.08109756097560976","0.04715447154471545","221.2096114699074","false","2026-09-12T16:52:50.431Z"
"DC-BB-72","八宝动物园","第22集 ／ 猫咪 我叼着一块大得遮住半张脸的鸡胸肉，穿过城市的街道，路人看我的眼神像钉子，他们以为我是偷的，可我没有#青年创作者成长计划","https://www.douyin.com/video/7601822975121313078","2026-02-01 17:16","窗口前","—","8041","89","282","671","8041","0.03507026489242632","0.08344733242134063","223.3172711111111","false","2026-09-12T16:52:52.224Z"
"DC-BB-73","八宝动物园","第21集 ／ 狗与猫 网兜落下的那一秒，我没有冲上去，我转身就跑。你以为我无情？不是——我只是“好”当成了另一种伤害。#青年创作者成长计划","https://www.douyin.com/video/7600724061735406911","2026-01-29 18:11","窗口前","—","2242","63","262","496","2242","0.11685994647636039","0.22123104371097235","226.27909466435185","false","2026-09-12T16:52:53.779Z"
"DC-BB-74","八宝动物园","第20集 ／ 噩梦狗狗 自从那一次伤害之后，我就再也没睡过一个完整的夜。我不是失眠——我是害怕闭上眼。#青年创作者成长计划","https://www.douyin.com/video/7600392992435850550","2026-01-28 20:48","窗口前","—","1739","47","122","108","1739","0.07015526164462335","0.0621046578493387","227.17008293981482","false","2026-09-12T16:52:55.166Z"
"DC-BB-75","八宝动物园","第19集 ／ 海边的猫咪 我们生活在这片大海的岸边，潮起潮落，如同我对孩子们，那永不枯竭的爱！#青年创作者成长计划","https://www.douyin.com/video/7598125761895173395","2026-01-22 18:08","窗口前","—","3530","108","297","293","3530","0.08413597733711048","0.0830028328611898","233.2812145023148","false","2026-09-12T16:52:56.933Z"
"DC-BB-76","八宝动物园","第18集 ／ 企鹅叮叮 每年都会跨越8000公里，去奔赴那个老人对我的爱，并且持续了八年#青年创作者成长计划","https://www.douyin.com/video/7597410998080834835","2026-01-20 19:55","窗口前","—","1638","109","211","276","1638","0.1288156288156288","0.1684981684981685","235.2069290625","false","2026-09-12T16:52:58.671Z"
"DC-BB-77","八宝动物园","第1集 ／ 大熊猫 我怎么这么可爱，无论怎么看都是#青年创作者成长计划","https://www.douyin.com/video/7596711514170559786","2026-01-18 22:41","窗口前","—","2073","228","200","136","2073","0.0964785335262904","0.06560540279787747","237.09456199074074","false","2026-09-12T16:57:10.156Z"
"DC-BB-78","八宝动物园","海鬣蜥 我长这样，你以为我是吃素的吗？没错，我还真是吃素的#青年创作者成长计划 #神奇动物在抖音","https://www.douyin.com/video/7595531660351900982","2026-01-15 18:22","窗口前","—","4795","56","290","406","4795","0.06047966631908238","0.08467153284671533","240.27444206018518","false","2026-09-12T16:57:11.794Z"
"DC-BB-79","八宝动物园","第4集 ／ 水虿 详细拆解，水虿是到底怎么呼吸，怎么捕食，怎么发育成蜻蜓的过程#青年创作者成长计划 #科普","https://www.douyin.com/video/7594380611113078067","2026-01-12 18:00","窗口前","—","6384","132","623","510","6384","0.09758771929824561","0.07988721804511278","243.28973984953703","false","2026-09-12T16:57:13.523Z"
"DC-BB-80","八宝动物园","第3集 ／ 科莫多巨蜥 科莫多巨蜥之所以这么强大，到底是因为什么？是因为它嘴里的细菌，还是它的毒液呢？#青年创作者成长计划 #神奇动物在抖音 #青年创作年终讲","https://www.douyin.com/video/7593294084433808703","2026-01-09 17:39","窗口前","—","8062","125","339","419","8062","0.04204911932522947","0.051972215331183326","246.3043417013889","false","2026-09-12T16:57:15.123Z"
"DC-BB-81","八宝动物园","第17集 ／ 狗狗与大海 忠诚的狗狗，在海边苦苦等待了6年，它在期盼什么呢？#青年创作者成长计划","https://www.douyin.com/video/7591554104443391238","2026-01-05 08:05","窗口前","—","1488","167","150","371","1488","0.10080645161290322","0.2493279569892473","250.7029711574074","false","2026-09-12T16:57:16.708Z"
"DC-BB-82","八宝动物园","第2集 ／ 十种动物的迷惑行为 一个视频带你看完，动物世界中，这十种动物看似的“强盗行为”，这也算是每个动物生存的智慧#青年创作者成长计划 #动物迷惑行为大赏","https://www.douyin.com/video/7591145722020482323","2026-01-03 22:43","窗口前","—","1912","87","282","104","1912","0.14748953974895398","0.05439330543933055","252.09326760416667","false","2026-09-12T16:57:18.321Z"
"DC-BB-83","八宝动物园","第1集 ／ 斑鬣狗 关于斑鬣狗，你可能不知道的冷知识，之所以斑鬣狗在非洲，很多时候被称为“狮子之后的狠角色”，也并不是吹！#青年创作者成长计划 #神奇动物在抖音","https://www.douyin.com/video/7590724510391782699","2026-01-02 19:28","窗口前","—","6260","298","797","574","6260","0.12731629392971247","0.09169329073482428","253.22870461805556","false","2026-09-12T16:57:20.079Z"
"DC-BB-84","八宝动物园","箭毒蛙 深度解析，为什么箭毒蛙被称为地球上，最毒的生物#青年创作者成长计划","https://www.douyin.com/video/7589944606758817043","2025-12-31 17:01","窗口前","—","1.3万","1268","1612","2084","13000","0.124","0.16030769230769232","255.33080728009259","false","2026-09-12T16:57:21.749Z"
"DC-BB-85","八宝动物园","第16集 ／ 小狗洛奇 在小狗洛奇的世界里，原来失去黄牛，就等于失去了一个世界","https://www.douyin.com/video/7585530267842940202","2025-12-19 19:31","窗口前","—","2555","92","335","385","2555","0.13111545988258316","0.1506849315068493","267.2266612962963","false","2026-09-12T16:57:23.536Z"
"DC-BB-86","八宝动物园","第15集 ／ 猩猩 凯拉因为父母的离开，从而生病，后遇到了小猫梅布尔，此后他们开启了，互相陪伴的日子","https://www.douyin.com/video/7585156173897305407","2025-12-18 19:20","窗口前","—","1971","108","208","758","1971","0.10553018772196854","0.3845763571790969","268.2343211111111","false","2026-09-12T16:57:25.344Z"
"DC-BB-87","八宝动物园","麦斯 这场独自生存中，失去了了两位伙伴，分别是：老杰克，杜威其他生存下来的六只狗狗分别为：麦斯、玛雅、影子、巴克、矮子、杜鲁门玛雅是最开始的领队，而麦斯是最小，最没有经验的后期玛雅受伤，麦斯承担起了狩猎的责任这175个日夜里，是他们用脚印刻在冰原上的证言，如何让生命在绝境中窃取火","https://www.douyin.com/video/7585019074267090239","2025-12-18 10:28","窗口前","—","1906","60","191","472","1906","0.10020986358866736","0.24763903462749212","268.60378388888887","false","2026-09-12T16:57:26.928Z"
"DC-BB-88","八宝动物园","麦斯 最终篇，主人意外受伤，离开的这段时间，我从最年幼，最没有经验的小狗，成长为新的领队。可惜的是，我们终究还是失去了两个伙伴","https://www.douyin.com/video/7584738732583013695","2025-12-17 16:20","窗口前","—","2898","81","232","274","2898","0.0800552104899931","0.0945479641131815","269.35935788194445","false","2026-09-12T16:57:28.521Z"
"DC-BB-89","八宝动物园","麦斯 主人意外受伤，离开的这段时间，我从最年幼，最没有经验的小狗，成长为新的领队。可惜的是，我们终究还是失去了两个伙伴","https://www.douyin.com/video/7584427524256582955","2025-12-16 20:12","窗口前","—","4761","46","336","365","4761","0.07057340894770006","0.07666456626759084","270.1982653125","false","2026-09-12T16:57:30.123Z"
"DC-BB-90","八宝动物园","第14集 ／ 麦斯 主人意外受伤，离开的这段时间，我从最年幼，最没有经验的那只小狗，成长为新的领队。可惜的是，我们终究还是失去了两个伙伴！","https://www.douyin.com/video/7584020083752684806","2025-12-15 17:51","窗口前","—","1912","48","251","270","1912","0.13127615062761505","0.1412133891213389","271.29620144675926","false","2026-09-12T16:57:31.805Z"
"DC-BB-91","八宝动物园","第13集 ／ 绒鸭 从孵化到保护幼崽第一次踏入大海","https://www.douyin.com/video/7583569939227807018","2025-12-14 12:45","窗口前","—","3903","158","515","484","3903","0.13194978221880604","0.12400717396874199","272.50871994212963","false","2026-09-12T16:57:33.403Z"
"DC-BB-92","八宝动物园","第9集 ／ 鹬鸟 鹬鸟幼崽，逆浪而行，爱，从来不是无微不至的保护，而是在恰当时机，恰到好处的放手","https://www.douyin.com/video/7574044913826925858","2025-11-18 20:42","窗口前","—","1.3万","181","2249","1267","13000","0.173","0.09746153846153846","298.17748810185185","false","2026-09-12T16:57:34.972Z"
"DC-BB-93","八宝动物园","第10集 ／ 北海道狐狸 这片海，潮起潮落，如同母亲永不枯竭的爱。我穿行于海陆之间，咽下路途所有的苦涩与风尘，却将生命中最纯净的甘美，全部献给了家","https://www.douyin.com/video/7573591276252089640","2025-11-17 15:22","窗口前","—","1.6万","348","1406","2704","16000","0.087875","0.169","299.39972907407406","false","2026-09-12T16:57:36.592Z"
"DC-BB-94","八宝动物园","狼狼 狼族的生命史诗，一曲野性荒原的生生不息","https://www.douyin.com/video/7572887672151084328","2025-11-15 17:52","窗口前","—","2696","112","311","163","2696","0.11535608308605341","0.06045994065281899","301.2955810648148","false","2026-09-12T16:57:38.204Z"
"DC-BB-95","八宝动物园","第11集 ／ 狐狸 今日无题，献给伟大的母爱，与默默付出的父亲，愿这世间所有的美好，都与你们环环相扣。因为你们值得","https://www.douyin.com/video/7572282325518519587","2025-11-14 06:33","窗口前","—","2.0万","468","3351","1599","20000","0.16755","0.07995","302.7671286342593","false","2026-09-12T16:57:39.914Z"
"DC-BB-96","八宝动物园","蒙古獒 从幼小的奶狗，变成优秀的牧羊犬，守护的从来不是羊群 而是10年前许下的诺言","https://www.douyin.com/video/7571390045869870399","2025-11-11 17:00","窗口前","—","4.5万","546","2960","7081","45000","0.06577777777777778","0.15735555555555555","305.3317309490741","false","2026-09-12T16:57:41.554Z"
"DC-BB-97","八宝动物园","第8集 ／ 帽带企鹅 怒海归途，生命是就像我的父母守护过我，就像我们守护着我们的孩子#动物世界 #神奇动物在抖音 #野生动物零距离 #万物可爱计划 #动物解说","https://www.douyin.com/video/7568026213231365439","2025-11-02 18:00","窗口前","—","2087","103","246","437","2087","0.11787254432199329","0.2093914710110206","314.29035484953704","false","2026-09-12T16:58:06.659Z"
"DC-BB-98","八宝动物园","第7集 ／ 猛犸象 从沉睡4000年，到重新获得新生，这一次，我们将合作共生#神奇动物在抖音 #万物可爱计划 #动物解说 #野生动物零距离 #动物世界","https://www.douyin.com/video/7566937106212195590","2025-10-30 17:00","窗口前","—","2026","96","171","288","2026","0.08440276406712735","0.14215202369200394","317.33203952546296","false","2026-09-12T16:58:08.215Z"
"DC-BB-99","八宝动物园","第6集 ／ 韦德尔氏海豹 最深的爱往往藏在最痛的抉择里，而生命最动人的篇章，永远写在绝境逢生的那一页。#动物世界 #万物可爱计划 #野生动物零距离 #神奇动物在抖音 #动物解说","https://www.douyin.com/video/7566581526461287716","2025-10-29 18:00","窗口前","—","2764","136","270","246","2764","0.09768451519536903","0.08900144717800289","318.2903908796296","false","2026-09-12T16:58:09.772Z"
"DC-BB-100","八宝动物园","第5集 ／ 乌樟凤蝶 可爱的毛毛虫，确也是伪装大师#神奇动物在抖音 #动物世界 #万物可爱计划 #动物解说 #野生动物零距离","https://www.douyin.com/video/7566178996250103059","2025-10-28 18:00","窗口前","—","2301","80","286","501","2301","0.12429378531073447","0.21773142112125163","319.2904086805556","false","2026-09-12T16:58:11.310Z"
"DC-BB-101","八宝动物园","第4集 ／ 蜜罐蚁 族群中的活体粮仓，是基因镌刻下的、冰冷的生存悖论#神奇动物在抖音 #动物解说 #一代人有一代人的动物世界 #野生动物零距离 #动物世界","https://www.douyin.com/video/7564719831317040434","2025-10-24 17:36","窗口前","—","1.0万","336","1198","2059","10000","0.1198","0.2059","323.30709552083334","false","2026-09-12T16:58:13.053Z"
"DC-BB-102","八宝动物园","第2集 ／ 太平洋巨型章鱼 生育子女的代价是失去生命。可对母亲来说，“代价” 从来不是用来算的，而是用来扛的。不管是水里的章鱼，还是人类，拼了命给孩子一次生的机会，拼了命护他们一段路，就是对 “母亲” 这两个字，最好的回答。#神奇动物在抖音 #动物解说 #一代人有一代人的动物世界","https://www.douyin.com/video/7563155569121545522","2025-10-20 17:30","窗口前","—","1686","120","106","196","1686","0.06287069988137604","0.1162514827995255","327.3112799421296","false","2026-09-12T16:58:14.587Z"
"DC-BB-103","八宝动物园","第1集 ／ 金狮面狨 虽然在在生存面前，“分享” 是最奢侈的选择，但我知道，只要这份 “守护” 和 “协作” 还在，我们的故事就会在这片雨林里继续流传。 #动物世界 #野生动物零距离 #神奇动物在抖音 #动物解说 #一代人有一代人的动物世界","https://www.douyin.com/video/7560936555364289846","2025-10-14 17:30","窗口前","—","2249","82","132","162","2249","0.05869275233437083","0.07203201422854602","333.3112986111111","false","2026-09-12T16:58:16.200Z"
"DC-BB-104","八宝动物园","第3集 ／ 传奇母虎箭头 即便骨癌晚期，我也依然从母亲手中接过责任，对孩子的守护，我也已完成。作为伦腾波尔的湖区女王，我的一生，不算遗憾。#动物世界 #野生动物零距离 #神奇动物在抖音 #动物独白 #一代人有一代人的动物世界","https://www.douyin.com/video/7558816464145321226","2025-10-08 19:48","窗口前","—","1434","46","89","158","1434","0.06206415620641562","0.1101813110181311","339.2154836226852","false","2026-09-12T16:58:17.785Z"
"DC-BB-105","八宝动物园","北极狼 幼狼靠等待撑过困境，狼妈靠牵挂找到孩子，像极了我们对待家庭：孩子需要守护，家人需要牵挂，唯有彼此放在心上，才能扛过生活里的 “蚊虫” 与 “荒野”。毕竟，无论是狼还是人，“不放弃” 的亲情，永远是最硬的生存底气。#动物世界 #野生动物零距离 #神奇动物在抖音 #动物独白","https://www.douyin.com/video/7558104829294431514","2025-10-06 21:47","窗口前","—","3081","49","134","195","3081","0.04349237260629666","0.06329113924050633","341.1328629976852","false","2026-09-12T16:58:19.363Z"
"DC-BB-106","八宝动物园","合集2 本视频耗时三个半月制作，共计2100秒，用搞笑的方式带你了解各类动物，祝您笑口常开，笑疯活该#动物世界 #神奇动物在抖音 #一代人有一代人的动物世界 #搞笑动物视频 #动物解说","https://www.douyin.com/video/7553296730796641545","2025-09-23 22:49","窗口前","—","4716","198","942","665","4716","0.19974554707379136","0.14100932994062765","354.0898266435185","false","2026-09-12T16:58:21.022Z"
"DC-BB-107","八宝动物园","动物搞笑合集 本视频耗时三个半月制作，共计2360秒，用幽默解说的方式，带你了解各类动物的癫疯瞬间#一代人有一代人的动物世界 #动物世界 #动物搞笑视频 #神奇动物在抖音","https://www.douyin.com/video/7512254041984978210","2025-06-05 08:51","窗口前","—","1.6万","631","5048","1498","16000","0.3155","0.093625","464.67178887731484","false","2026-09-12T16:58:22.559Z"
"DC-BB-108","八宝动物园","第1集 ／ 象鼩 修路的大师，但是却总被邻居打扰#动物世界 #神奇动物在抖音 #动物解说 #一代人有一代人的动物世界 #搞笑动物","https://www.douyin.com/video/7507001748100369700","2025-05-22 07:25","窗口前","—","2316","70","413","738","2316","0.17832469775474957","0.31865284974093266","478.7315346412037","false","2026-09-12T16:58:24.593Z"
"DC-BB-109","八宝动物园","椰子章鱼 海洋中唯一会使用抛射物作为武器的生物，非常聪明，会利用周边一切可以利用的环境#神奇动物在抖音 #动物世界 #一代人有一代人的动物世界 #动物解说 #搞笑动物","https://www.douyin.com/video/7504149070944963881","2025-05-14 12:37","窗口前","—","2106","59","459","335","2106","0.21794871794871795","0.1590693257359924","486.51488649305554","false","2026-09-12T16:58:26.193Z"
"DC-BB-110","八宝动物园","第2集 ／ 沙丘猫 一种生活在沙漠里的小喵咪，耳朵很大，是家猫的两倍，并且非常耐渴#一代人有一代人的动物世界 #神奇动物在抖音 #动物世界 #动物解说 #搞笑动物","https://www.douyin.com/video/7499444291425619252","2025-05-01 20:13","窗口前","—","7.3万","1293","3836","4.7万","73000","0.05254794520547945","0.6438356164383562","499.1982375694445","false","2026-09-12T16:58:27.726Z"
"DC-BB-111","八宝动物园","第3集 ／ 野外摄影师 谜一样的他们,跟野生动物和谐相处,互相信任#动物世界 #神奇动物在抖音 #动物解说 #一代人有一代人的动物世界 #搞笑动物","https://www.douyin.com/video/7492692154117098790","2025-04-13 15:25","窗口前","—","3806","43","235","1730","3806","0.06174461376773516","0.45454545454545453","517.3982563194445","false","2026-09-12T16:58:29.346Z"
"DC-BB-112","八宝动物园","逗物园里有什么？#发作品上热门 #神奇动物在抖音 #一代人有一代人的动物世界 #动物世界","https://www.douyin.com/video/7461596229537991974","2025-01-19 20:04","窗口前","—","105","4","26","7","105","0.24761904761904763","0.06666666666666667","601.2045242939815","false","2026-09-12T16:58:30.899Z"
