"分类","顺序","关键词","综合指数","搜索指数","视频量原文","周期","页码","来源","观察时间"
"文化","1","历史","1,140,935","2,342,744","12w+","统计周期： 2026-09-09","1","https://creator.douyin.com/creator-micro/creator-count/vertical-analysis?tabValue=creativity&areaId=624","2026-09-11T16:55:44.879Z"
"文化","2","文化","921,356","1,484,655","42w+","统计周期： 2026-09-09","1","https://creator.douyin.com/creator-micro/creator-count/vertical-analysis?tabValue=creativity&areaId=624","2026-09-11T16:55:44.879Z"
"文化","3","潮汕","447,766","1,183,330","15w+","统计周期： 2026-09-09","1","https://creator.douyin.com/creator-micro/creator-count/vertical-analysis?tabValue=creativity&areaId=624","2026-09-11T16:55:44.879Z"
"文化","4","民族","369,488","796,140","7w+","统计周期： 2026-09-09","1","https://creator.douyin.com/creator-micro/creator-count/vertical-analysis?tabValue=creativity&areaId=624","2026-09-11T16:55:44.879Z"
"文化","5","国风","358,123","642,942","6w+","统计周期： 2026-09-09","1","https://creator.douyin.com/creator-micro/creator-count/vertical-analysis?tabValue=creativity&areaId=624","2026-09-11T16:55:44.879Z"
"文化","6","收藏","339,902","491,819","7w+","统计周期： 2026-09-09","1","https://creator.douyin.com/creator-micro/creator-count/vertical-analysis?tabValue=creativity&areaId=624","2026-09-11T16:55:44.879Z"
"文化","7","夫人","309,144","818,082","5w+","统计周期： 2026-09-09","1","https://creator.douyin.com/creator-micro/creator-count/vertical-analysis?tabValue=creativity&areaId=624","2026-09-11T16:55:44.879Z"
"文化","8","戏曲","187,560","405,025","120w+","统计周期： 2026-09-09","1","https://creator.douyin.com/creator-micro/creator-count/vertical-analysis?tabValue=creativity&areaId=624","2026-09-11T16:55:44.879Z"
"文化","9","非遗","185,738","224,152","11w+","统计周期： 2026-09-09","1","https://creator.douyin.com/creator-micro/creator-count/vertical-analysis?tabValue=creativity&areaId=624","2026-09-11T16:55:44.879Z"
"文化","10","诗词","136,770","277,286","5w+","统计周期： 2026-09-09","1","https://creator.douyin.com/creator-micro/creator-count/vertical-analysis?tabValue=creativity&areaId=624","2026-09-11T16:55:44.879Z"
"文化","11","剧团","98,292","295,890","20w+","统计周期： 2026-09-09","2","https://creator.douyin.com/creator-micro/creator-count/vertical-analysis?tabValue=creativity&areaId=624","2026-09-11T16:55:45.211Z"
"文化","12","习俗","96,870","214,580","10w+","统计周期： 2026-09-09","2","https://creator.douyin.com/creator-micro/creator-count/vertical-analysis?tabValue=creativity&areaId=624","2026-09-11T16:55:45.211Z"
"文化","13","民俗","96,711","141,977","12w+","统计周期： 2026-09-09","2","https://creator.douyin.com/creator-micro/creator-count/vertical-analysis?tabValue=creativity&areaId=624","2026-09-11T16:55:45.211Z"
"文化","14","豫剧","91,893","271,982","28w+","统计周期： 2026-09-09","2","https://creator.douyin.com/creator-micro/creator-count/vertical-analysis?tabValue=creativity&areaId=624","2026-09-11T16:55:45.211Z"
"文化","15","越剧","86,906","262,328","20w+","统计周期： 2026-09-09","2","https://creator.douyin.com/creator-micro/creator-count/vertical-analysis?tabValue=creativity&areaId=624","2026-09-11T16:55:45.211Z"
"文化","16","唱段","78,605","230,259","15w+","统计周期： 2026-09-09","2","https://creator.douyin.com/creator-micro/creator-count/vertical-analysis?tabValue=creativity&areaId=624","2026-09-11T16:55:45.211Z"
"文化","17","古人","71,033","107,731","4w+","统计周期： 2026-09-09","2","https://creator.douyin.com/creator-micro/creator-count/vertical-analysis?tabValue=creativity&areaId=624","2026-09-11T16:55:45.211Z"
"文化","18","秦腔","63,065","183,128","17w+","统计周期： 2026-09-09","2","https://creator.douyin.com/creator-micro/creator-count/vertical-analysis?tabValue=creativity&areaId=624","2026-09-11T16:55:45.211Z"
"文化","19","舞狮","61,254","168,070","6w+","统计周期： 2026-09-09","2","https://creator.douyin.com/creator-micro/creator-count/vertical-analysis?tabValue=creativity&areaId=624","2026-09-11T16:55:45.211Z"
"文化","20","古玩","60,537","69,848","5w+","统计周期： 2026-09-09","2","https://creator.douyin.com/creator-micro/creator-count/vertical-analysis?tabValue=creativity&areaId=624","2026-09-11T16:55:45.211Z"
"科技","1","手机","7,944,111","19,392,891","115w+","统计周期： 2026-09-09","1","https://creator.douyin.com/creator-micro/creator-count/vertical-analysis?tabValue=creativity&areaId=615","2026-09-11T16:55:48.579Z"
"科技","2","苹果","7,496,354","23,874,298","35w+","统计周期： 2026-09-09","1","https://creator.douyin.com/creator-micro/creator-count/vertical-analysis?tabValue=creativity&areaId=615","2026-09-11T16:55:48.579Z"
"科技","3","小米","4,375,819","13,954,303","23w+","统计周期： 2026-09-09","1","https://creator.douyin.com/creator-micro/creator-count/vertical-analysis?tabValue=creativity&areaId=615","2026-09-11T16:55:48.579Z"
"科技","4","华为","3,186,341","10,016,921","49w+","统计周期： 2026-09-09","1","https://creator.douyin.com/creator-micro/creator-count/vertical-analysis?tabValue=creativity&areaId=615","2026-09-11T16:55:48.579Z"
"科技","5","神器","1,733,228","3,315,171","21w+","统计周期： 2026-09-09","1","https://creator.douyin.com/creator-micro/creator-count/vertical-analysis?tabValue=creativity&areaId=615","2026-09-11T16:55:48.579Z"
"科技","6","电脑","1,722,308","5,047,751","57w+","统计周期： 2026-09-09","1","https://creator.douyin.com/creator-micro/creator-count/vertical-analysis?tabValue=creativity&areaId=615","2026-09-11T16:55:48.579Z"
"科技","7","维修","1,105,006","1,986,647","34w+","统计周期： 2026-09-09","1","https://creator.douyin.com/creator-micro/creator-count/vertical-analysis?tabValue=creativity&areaId=615","2026-09-11T16:55:48.579Z"
"科技","8","系统","981,480","2,383,915","26w+","统计周期： 2026-09-09","1","https://creator.douyin.com/creator-micro/creator-count/vertical-analysis?tabValue=creativity&areaId=615","2026-09-11T16:55:48.579Z"
"科技","9","电池","951,859","2,788,433","34w+","统计周期： 2026-09-09","1","https://creator.douyin.com/creator-micro/creator-count/vertical-analysis?tabValue=creativity&areaId=615","2026-09-11T16:55:48.579Z"
"科技","10","飞机","930,281","2,742,073","39w+","统计周期： 2026-09-09","1","https://creator.douyin.com/creator-micro/creator-count/vertical-analysis?tabValue=creativity&areaId=615","2026-09-11T16:55:48.579Z"
"科技","11","耳机","921,761","2,732,812","23w+","统计周期： 2026-09-09","2","https://creator.douyin.com/creator-micro/creator-count/vertical-analysis?tabValue=creativity&areaId=615","2026-09-11T16:55:48.884Z"
"科技","12","智能","913,371","1,948,987","35w+","统计周期： 2026-09-09","2","https://creator.douyin.com/creator-micro/creator-count/vertical-analysis?tabValue=creativity&areaId=615","2026-09-11T16:55:48.884Z"
"科技","13","空调","905,107","2,213,076","39w+","统计周期： 2026-09-09","2","https://creator.douyin.com/creator-micro/creator-count/vertical-analysis?tabValue=creativity&areaId=615","2026-09-11T16:55:48.884Z"
"科技","14","软件","792,955","2,266,644","21w+","统计周期： 2026-09-09","2","https://creator.douyin.com/creator-micro/creator-count/vertical-analysis?tabValue=creativity&areaId=615","2026-09-11T16:55:48.884Z"
"科技","15","冰箱","680,308","1,646,570","19w+","统计周期： 2026-09-09","2","https://creator.douyin.com/creator-micro/creator-count/vertical-analysis?tabValue=creativity&areaId=615","2026-09-11T16:55:48.884Z"
"科技","16","机器","641,235","1,682,515","37w+","统计周期： 2026-09-09","2","https://creator.douyin.com/creator-micro/creator-count/vertical-analysis?tabValue=creativity&areaId=615","2026-09-11T16:55:48.884Z"
"科技","17","配件","630,385","1,522,220","25w+","统计周期： 2026-09-09","2","https://creator.douyin.com/creator-micro/creator-count/vertical-analysis?tabValue=creativity&areaId=615","2026-09-11T16:55:48.884Z"
"科技","18","设备","584,781","988,407","88w+","统计周期： 2026-09-09","2","https://creator.douyin.com/creator-micro/creator-count/vertical-analysis?tabValue=creativity&areaId=615","2026-09-11T16:55:48.884Z"
"科技","19","苹果手机","570,048","1,760,339","25w+","统计周期： 2026-09-09","2","https://creator.douyin.com/creator-micro/creator-count/vertical-analysis?tabValue=creativity&areaId=615","2026-09-11T16:55:48.884Z"
"科技","20","高铁","561,277","1,587,088","25w+","统计周期： 2026-09-09","2","https://creator.douyin.com/creator-micro/creator-count/vertical-analysis?tabValue=creativity&areaId=615","2026-09-11T16:55:48.884Z"
"教育校园","1","大学","5,550,237","16,099,417","48w+","统计周期： 2026-09-09","1","https://creator.douyin.com/creator-micro/creator-count/vertical-analysis?tabValue=creativity&areaId=626","2026-09-11T16:55:52.255Z"
"教育校园","2","英语","2,411,447","7,244,822","109w+","统计周期： 2026-09-09","1","https://creator.douyin.com/creator-micro/creator-count/vertical-analysis?tabValue=creativity&areaId=626","2026-09-11T16:55:52.255Z"
"教育校园","3","2026年","1,534,109","4,261,344","14w+","统计周期： 2026-09-09","1","https://creator.douyin.com/creator-micro/creator-count/vertical-analysis?tabValue=creativity&areaId=626","2026-09-11T16:55:52.255Z"
"教育校园","4","学习","1,216,228","2,126,600","39w+","统计周期： 2026-09-09","1","https://creator.douyin.com/creator-micro/creator-count/vertical-analysis?tabValue=creativity&areaId=626","2026-09-11T16:55:52.255Z"
"教育校园","5","小学","1,202,543","2,910,153","44w+","统计周期： 2026-09-09","1","https://creator.douyin.com/creator-micro/creator-count/vertical-analysis?tabValue=creativity&areaId=626","2026-09-11T16:55:52.255Z"
"教育校园","6","上册","1,189,314","3,805,780","16w+","统计周期： 2026-09-09","1","https://creator.douyin.com/creator-micro/creator-count/vertical-analysis?tabValue=creativity&areaId=626","2026-09-11T16:55:52.255Z"
"教育校园","7","数学","876,948","2,383,433","42w+","统计周期： 2026-09-09","1","https://creator.douyin.com/creator-micro/creator-count/vertical-analysis?tabValue=creativity&areaId=626","2026-09-11T16:55:52.255Z"
"教育校园","8","高中","749,758","1,836,509","50w+","统计周期： 2026-09-09","1","https://creator.douyin.com/creator-micro/creator-count/vertical-analysis?tabValue=creativity&areaId=626","2026-09-11T16:55:52.255Z"
"教育校园","9","语文","734,116","1,920,874","24w+","统计周期： 2026-09-09","1","https://creator.douyin.com/creator-micro/creator-count/vertical-analysis?tabValue=creativity&areaId=626","2026-09-11T16:55:52.255Z"
"教育校园","10","考试","620,428","1,600,900","12w+","统计周期： 2026-09-09","1","https://creator.douyin.com/creator-micro/creator-count/vertical-analysis?tabValue=creativity&areaId=626","2026-09-11T16:55:52.255Z"
"教育校园","11","作文","578,924","1,697,786","13w+","统计周期： 2026-09-09","2","https://creator.douyin.com/creator-micro/creator-count/vertical-analysis?tabValue=creativity&areaId=626","2026-09-11T16:55:52.576Z"
"教育校园","12","英文","529,915","1,614,649","10w+","统计周期： 2026-09-09","2","https://creator.douyin.com/creator-micro/creator-count/vertical-analysis?tabValue=creativity&areaId=626","2026-09-11T16:55:52.576Z"
"教育校园","13","高考","420,291","1,080,470","36w+","统计周期： 2026-09-09","2","https://creator.douyin.com/creator-micro/creator-count/vertical-analysis?tabValue=creativity&areaId=626","2026-09-11T16:55:52.576Z"
"教育校园","14","课堂","378,354","871,978","17w+","统计周期： 2026-09-09","2","https://creator.douyin.com/creator-micro/creator-count/vertical-analysis?tabValue=creativity&areaId=626","2026-09-11T16:55:52.576Z"
"教育校园","15","一中","359,057","1,141,798","10w+","统计周期： 2026-09-09","2","https://creator.douyin.com/creator-micro/creator-count/vertical-analysis?tabValue=creativity&areaId=626","2026-09-11T16:55:52.576Z"
"教育校园","16","成绩","350,415","791,321","11w+","统计周期： 2026-09-09","2","https://creator.douyin.com/creator-micro/creator-count/vertical-analysis?tabValue=creativity&areaId=626","2026-09-11T16:55:52.576Z"
"教育校园","17","考研","313,887","897,064","14w+","统计周期： 2026-09-09","2","https://creator.douyin.com/creator-micro/creator-count/vertical-analysis?tabValue=creativity&areaId=626","2026-09-11T16:55:52.576Z"
"教育校园","18","单词","275,748","712,201","36w+","统计周期： 2026-09-09","2","https://creator.douyin.com/creator-micro/creator-count/vertical-analysis?tabValue=creativity&areaId=626","2026-09-11T16:55:52.576Z"
"教育校园","19","中考","274,302","765,567","29w+","统计周期： 2026-09-09","2","https://creator.douyin.com/creator-micro/creator-count/vertical-analysis?tabValue=creativity&areaId=626","2026-09-11T16:55:52.576Z"
"教育校园","20","研究生","219,076","565,403","11w+","统计周期： 2026-09-09","2","https://creator.douyin.com/creator-micro/creator-count/vertical-analysis?tabValue=creativity&areaId=626","2026-09-11T16:55:52.576Z"
"剧情","1","视频","22,779,043","69,207,162","44w+","统计周期： 2026-09-09","1","https://creator.douyin.com/creator-micro/creator-count/vertical-analysis?tabValue=creativity&areaId=601","2026-09-11T16:56:03.851Z"
"剧情","2","搞笑","3,683,967","8,797,416","147w+","统计周期： 2026-09-09","1","https://creator.douyin.com/creator-micro/creator-count/vertical-analysis?tabValue=creativity&areaId=601","2026-09-11T16:56:03.851Z"
"剧情","3","搞笑视频","902,404","2,862,610","43w+","统计周期： 2026-09-09","1","https://creator.douyin.com/creator-micro/creator-count/vertical-analysis?tabValue=creativity&areaId=601","2026-09-11T16:56:03.851Z"
"剧情","4","评论区","531,573","254,283","9w+","统计周期： 2026-09-09","1","https://creator.douyin.com/creator-micro/creator-count/vertical-analysis?tabValue=creativity&areaId=601","2026-09-11T16:56:03.851Z"
"剧情","5","反转","494,020","323,322","13w+","统计周期： 2026-09-09","1","https://creator.douyin.com/creator-micro/creator-count/vertical-analysis?tabValue=creativity&areaId=601","2026-09-11T16:56:03.851Z"
"剧情","6","配音","409,032","1,005,547","3w+","统计周期： 2026-09-09","1","https://creator.douyin.com/creator-micro/creator-count/vertical-analysis?tabValue=creativity&areaId=601","2026-09-11T16:56:03.851Z"
"剧情","7","趣事","294,997","747,537","13w+","统计周期： 2026-09-09","1","https://creator.douyin.com/creator-micro/creator-count/vertical-analysis?tabValue=creativity&areaId=601","2026-09-11T16:56:03.851Z"
"剧情","8","段子","266,164","573,868","21w+","统计周期： 2026-09-09","1","https://creator.douyin.com/creator-micro/creator-count/vertical-analysis?tabValue=creativity&areaId=601","2026-09-11T16:56:03.851Z"
"剧情","9","趣味","258,038","466,674","4w+","统计周期： 2026-09-09","1","https://creator.douyin.com/creator-micro/creator-count/vertical-analysis?tabValue=creativity&areaId=601","2026-09-11T16:56:03.851Z"
"剧情","10","小品","223,096","692,942","2w+","统计周期： 2026-09-09","1","https://creator.douyin.com/creator-micro/creator-count/vertical-analysis?tabValue=creativity&areaId=601","2026-09-11T16:56:03.851Z"
"剧情","11","有趣","218,311","204,891","3w+","统计周期： 2026-09-09","2","https://creator.douyin.com/creator-micro/creator-count/vertical-analysis?tabValue=creativity&areaId=601","2026-09-11T16:56:04.165Z"
"剧情","12","爆笑","184,394","525,024","2w+","统计周期： 2026-09-09","2","https://creator.douyin.com/creator-micro/creator-count/vertical-analysis?tabValue=creativity&areaId=601","2026-09-11T16:56:04.165Z"
"剧情","13","恶搞","175,009","534,007","<1w","统计周期： 2026-09-09","2","https://creator.douyin.com/creator-micro/creator-count/vertical-analysis?tabValue=creativity&areaId=601","2026-09-11T16:56:04.165Z"
"剧情","14","牛逼","174,315","144,284","4w+","统计周期： 2026-09-09","2","https://creator.douyin.com/creator-micro/creator-count/vertical-analysis?tabValue=creativity&areaId=601","2026-09-11T16:56:04.165Z"
"剧情","15","幽默","160,831","335,775","5w+","统计周期： 2026-09-09","2","https://creator.douyin.com/creator-micro/creator-count/vertical-analysis?tabValue=creativity&areaId=601","2026-09-11T16:56:04.165Z"
"剧情","16","赵本山","160,316","499,986","<1w","统计周期： 2026-09-09","2","https://creator.douyin.com/creator-micro/creator-count/vertical-analysis?tabValue=creativity&areaId=601","2026-09-11T16:56:04.165Z"
"剧情","17","奇葩","156,596","277,564","8w+","统计周期： 2026-09-09","2","https://creator.douyin.com/creator-micro/creator-count/vertical-analysis?tabValue=creativity&areaId=601","2026-09-11T16:56:04.165Z"
"剧情","18","剧本","133,094","302,065","2w+","统计周期： 2026-09-09","2","https://creator.douyin.com/creator-micro/creator-count/vertical-analysis?tabValue=creativity&areaId=601","2026-09-11T16:56:04.165Z"
"剧情","19","笑死","130,170","141,704","3w+","统计周期： 2026-09-09","2","https://creator.douyin.com/creator-micro/creator-count/vertical-analysis?tabValue=creativity&areaId=601","2026-09-11T16:56:04.165Z"
"剧情","20","喜剧","117,804","257,911","2w+","统计周期： 2026-09-09","2","https://creator.douyin.com/creator-micro/creator-count/vertical-analysis?tabValue=creativity&areaId=601","2026-09-11T16:56:04.165Z"
"二次元","1","小说","2,422,564","4,634,019","21w+","统计周期： 2026-09-09","1","https://creator.douyin.com/creator-micro/creator-count/vertical-analysis?tabValue=creativity&areaId=607","2026-09-11T16:56:07.544Z"
"二次元","2","作者","1,491,727","1,658,125","8w+","统计周期： 2026-09-09","1","https://creator.douyin.com/creator-micro/creator-count/vertical-analysis?tabValue=creativity&areaId=607","2026-09-11T16:56:07.544Z"
"二次元","3","动漫","1,105,204","2,022,181","65w+","统计周期： 2026-09-09","1","https://creator.douyin.com/creator-micro/creator-count/vertical-analysis?tabValue=creativity&areaId=607","2026-09-11T16:56:07.544Z"
"二次元","4","合集","844,551","2,438,736","4w+","统计周期： 2026-09-09","1","https://creator.douyin.com/creator-micro/creator-count/vertical-analysis?tabValue=creativity&areaId=607","2026-09-11T16:56:07.544Z"
"二次元","5","穿越","800,614","1,837,201","8w+","统计周期： 2026-09-09","1","https://creator.douyin.com/creator-micro/creator-count/vertical-analysis?tabValue=creativity&areaId=607","2026-09-11T16:56:07.544Z"
"二次元","6","大师","609,764","1,622,468","5w+","统计周期： 2026-09-09","1","https://creator.douyin.com/creator-micro/creator-count/vertical-analysis?tabValue=creativity&areaId=607","2026-09-11T16:56:07.544Z"
"二次元","7","男主","553,593","1,297,897","11w+","统计周期： 2026-09-09","1","https://creator.douyin.com/creator-micro/creator-count/vertical-analysis?tabValue=creativity&areaId=607","2026-09-11T16:56:07.544Z"
"二次元","8","漫画","513,513","1,151,271","60w+","统计周期： 2026-09-09","1","https://creator.douyin.com/creator-micro/creator-count/vertical-analysis?tabValue=creativity&areaId=607","2026-09-11T16:56:07.544Z"
"二次元","9","修仙","488,656","1,349,552","9w+","统计周期： 2026-09-09","1","https://creator.douyin.com/creator-micro/creator-count/vertical-analysis?tabValue=creativity&areaId=607","2026-09-11T16:56:07.544Z"
"二次元","10","爽文","452,402","799,121","4w+","统计周期： 2026-09-09","1","https://creator.douyin.com/creator-micro/creator-count/vertical-analysis?tabValue=creativity&areaId=607","2026-09-11T16:56:07.544Z"
"二次元","11","次元","369,283","429,776","7w+","统计周期： 2026-09-09","2","https://creator.douyin.com/creator-micro/creator-count/vertical-analysis?tabValue=creativity&areaId=607","2026-09-11T16:56:07.862Z"
"二次元","12","二次元","308,157","318,601","165w+","统计周期： 2026-09-09","2","https://creator.douyin.com/creator-micro/creator-count/vertical-analysis?tabValue=creativity&areaId=607","2026-09-11T16:56:07.862Z"
"二次元","13","都市","289,877","459,793","2w+","统计周期： 2026-09-09","2","https://creator.douyin.com/creator-micro/creator-count/vertical-analysis?tabValue=creativity&areaId=607","2026-09-11T16:56:07.862Z"
"二次元","14","蜘蛛侠","265,575","798,355","6w+","统计周期： 2026-09-09","2","https://creator.douyin.com/creator-micro/creator-count/vertical-analysis?tabValue=creativity&areaId=607","2026-09-11T16:56:07.862Z"
"二次元","15","主角","261,414","417,882","5w+","统计周期： 2026-09-09","2","https://creator.douyin.com/creator-micro/creator-count/vertical-analysis?tabValue=creativity&areaId=607","2026-09-11T16:56:07.862Z"
"二次元","16","凡人","255,729","714,197","4w+","统计周期： 2026-09-09","2","https://creator.douyin.com/creator-micro/creator-count/vertical-analysis?tabValue=creativity&areaId=607","2026-09-11T16:56:07.862Z"
"二次元","17","老祖","195,824","475,235","3w+","统计周期： 2026-09-09","2","https://creator.douyin.com/creator-micro/creator-count/vertical-analysis?tabValue=creativity&areaId=607","2026-09-11T16:56:07.862Z"
"二次元","18","卡片","159,706","448,125","5w+","统计周期： 2026-09-09","2","https://creator.douyin.com/creator-micro/creator-count/vertical-analysis?tabValue=creativity&areaId=607","2026-09-11T16:56:07.862Z"
"二次元","19","手办","131,007","356,557","6w+","统计周期： 2026-09-09","2","https://creator.douyin.com/creator-micro/creator-count/vertical-analysis?tabValue=creativity&areaId=607","2026-09-11T16:56:07.862Z"
"二次元","20","假面骑士","125,852","388,238","8w+","统计周期： 2026-09-09","2","https://creator.douyin.com/creator-micro/creator-count/vertical-analysis?tabValue=creativity&areaId=607","2026-09-11T16:56:07.862Z"
"摄影摄像","1","照片","2,119,602","5,771,939","25w+","统计周期： 2026-09-09","1","https://creator.douyin.com/creator-micro/creator-count/vertical-analysis?tabValue=creativity&areaId=627","2026-09-11T16:56:11.218Z"
"摄影摄像","2","拍照","1,412,197","3,566,419","43w+","统计周期： 2026-09-09","1","https://creator.douyin.com/creator-micro/creator-count/vertical-analysis?tabValue=creativity&areaId=627","2026-09-11T16:56:11.218Z"
"摄影摄像","3","剪辑","696,971","1,889,944","12w+","统计周期： 2026-09-09","1","https://creator.douyin.com/creator-micro/creator-count/vertical-analysis?tabValue=creativity&areaId=627","2026-09-11T16:56:11.218Z"
"摄影摄像","4","摄影","528,840","1,043,672","38w+","统计周期： 2026-09-09","1","https://creator.douyin.com/creator-micro/creator-count/vertical-analysis?tabValue=creativity&areaId=627","2026-09-11T16:56:11.218Z"
"摄影摄像","5","出片","521,590","1,351,280","13w+","统计周期： 2026-09-09","1","https://creator.douyin.com/creator-micro/creator-count/vertical-analysis?tabValue=creativity&areaId=627","2026-09-11T16:56:11.218Z"
"摄影摄像","6","镜头","493,615","938,531","12w+","统计周期： 2026-09-09","1","https://creator.douyin.com/creator-micro/creator-count/vertical-analysis?tabValue=creativity&areaId=627","2026-09-11T16:56:11.218Z"
"摄影摄像","7","剪映","445,790","558,424","9w+","统计周期： 2026-09-09","1","https://creator.douyin.com/creator-micro/creator-count/vertical-analysis?tabValue=creativity&areaId=627","2026-09-11T16:56:11.218Z"
"摄影摄像","8","素材","430,204","1,076,284","6w+","统计周期： 2026-09-09","1","https://creator.douyin.com/creator-micro/creator-count/vertical-analysis?tabValue=creativity&areaId=627","2026-09-11T16:56:11.218Z"
"摄影摄像","9","相机","428,813","1,034,200","21w+","统计周期： 2026-09-09","1","https://creator.douyin.com/creator-micro/creator-count/vertical-analysis?tabValue=creativity&areaId=627","2026-09-11T16:56:11.218Z"
"摄影摄像","10","质感","416,435","284,632","4w+","统计周期： 2026-09-09","1","https://creator.douyin.com/creator-micro/creator-count/vertical-analysis?tabValue=creativity&areaId=627","2026-09-11T16:56:11.218Z"
"摄影摄像","11","随拍","409,264","347,539","7w+","统计周期： 2026-09-09","2","https://creator.douyin.com/creator-micro/creator-count/vertical-analysis?tabValue=creativity&areaId=627","2026-09-11T16:56:11.528Z"
"摄影摄像","12","画面","404,164","805,287","4w+","统计周期： 2026-09-09","2","https://creator.douyin.com/creator-micro/creator-count/vertical-analysis?tabValue=creativity&areaId=627","2026-09-11T16:56:11.528Z"
"摄影摄像","13","自拍","300,280","524,816","4w+","统计周期： 2026-09-09","2","https://creator.douyin.com/creator-micro/creator-count/vertical-analysis?tabValue=creativity&areaId=627","2026-09-11T16:56:11.528Z"
"摄影摄像","14","星空","280,076","788,450","4w+","统计周期： 2026-09-09","2","https://creator.douyin.com/creator-micro/creator-count/vertical-analysis?tabValue=creativity&areaId=627","2026-09-11T16:56:11.528Z"
"摄影摄像","15","转场","250,721","582,836","5w+","统计周期： 2026-09-09","2","https://creator.douyin.com/creator-micro/creator-count/vertical-analysis?tabValue=creativity&areaId=627","2026-09-11T16:56:11.528Z"
"摄影摄像","16","夜景","221,130","359,520","5w+","统计周期： 2026-09-09","2","https://creator.douyin.com/creator-micro/creator-count/vertical-analysis?tabValue=creativity&areaId=627","2026-09-11T16:56:11.528Z"
"摄影摄像","17","滤镜","207,796","423,018","5w+","统计周期： 2026-09-09","2","https://creator.douyin.com/creator-micro/creator-count/vertical-analysis?tabValue=creativity&areaId=627","2026-09-11T16:56:11.528Z"
"摄影摄像","18","拍照姿势","199,831","547,612","14w+","统计周期： 2026-09-09","2","https://creator.douyin.com/creator-micro/creator-count/vertical-analysis?tabValue=creativity&areaId=627","2026-09-11T16:56:11.528Z"
"摄影摄像","19","日落","195,900","337,101","3w+","统计周期： 2026-09-09","2","https://creator.douyin.com/creator-micro/creator-count/vertical-analysis?tabValue=creativity&areaId=627","2026-09-11T16:56:11.528Z"
"摄影摄像","20","大片","192,607","421,238","8w+","统计周期： 2026-09-09","2","https://creator.douyin.com/creator-micro/creator-count/vertical-analysis?tabValue=creativity&areaId=627","2026-09-11T16:56:11.528Z"
"音乐","1","音乐","3,314,547","7,742,045","335w+","统计周期： 2026-09-09","1","https://creator.douyin.com/creator-micro/creator-count/vertical-analysis?tabValue=creativity&areaId=606","2026-09-11T16:56:20.502Z"
"音乐","2","歌曲","2,838,301","8,573,733","116w+","统计周期： 2026-09-09","1","https://creator.douyin.com/creator-micro/creator-count/vertical-analysis?tabValue=creativity&areaId=606","2026-09-11T16:56:20.502Z"
"音乐","3","演唱","1,924,424","5,221,540","81w+","统计周期： 2026-09-09","1","https://creator.douyin.com/creator-micro/creator-count/vertical-analysis?tabValue=creativity&areaId=606","2026-09-11T16:56:20.502Z"
"音乐","4","经典","1,770,455","3,635,007","44w+","统计周期： 2026-09-09","1","https://creator.douyin.com/creator-micro/creator-count/vertical-analysis?tabValue=creativity&areaId=606","2026-09-11T16:56:20.502Z"
"音乐","5","演唱会","1,717,027","4,651,493","224w+","统计周期： 2026-09-09","1","https://creator.douyin.com/creator-micro/creator-count/vertical-analysis?tabValue=creativity&areaId=606","2026-09-11T16:56:20.502Z"
"音乐","6","少年","1,306,370","3,112,273","18w+","统计周期： 2026-09-09","1","https://creator.douyin.com/creator-micro/creator-count/vertical-analysis?tabValue=creativity&areaId=606","2026-09-11T16:56:20.502Z"
"音乐","7","唱歌","1,067,585","2,904,869","155w+","统计周期： 2026-09-09","1","https://creator.douyin.com/creator-micro/creator-count/vertical-analysis?tabValue=creativity&areaId=606","2026-09-11T16:56:20.502Z"
"音乐","8","永远","962,309","915,728","21w+","统计周期： 2026-09-09","1","https://creator.douyin.com/creator-micro/creator-count/vertical-analysis?tabValue=creativity&areaId=606","2026-09-11T16:56:20.502Z"
"音乐","9","伴奏","884,985","2,878,596","21w+","统计周期： 2026-09-09","1","https://creator.douyin.com/creator-micro/creator-count/vertical-analysis?tabValue=creativity&areaId=606","2026-09-11T16:56:20.502Z"
"音乐","10","原唱","879,643","2,887,560","42w+","统计周期： 2026-09-09","1","https://creator.douyin.com/creator-micro/creator-count/vertical-analysis?tabValue=creativity&areaId=606","2026-09-11T16:56:20.502Z"
"音乐","11","爱你","598,989","1,424,267","33w+","统计周期： 2026-09-09","2","https://creator.douyin.com/creator-micro/creator-count/vertical-analysis?tabValue=creativity&areaId=606","2026-09-11T16:56:20.816Z"
"音乐","12","歌词","558,156","1,599,586","83w+","统计周期： 2026-09-09","2","https://creator.douyin.com/creator-micro/creator-count/vertical-analysis?tabValue=creativity&areaId=606","2026-09-11T16:56:20.816Z"
"音乐","13","翻唱","428,839","984,425","82w+","统计周期： 2026-09-09","2","https://creator.douyin.com/creator-micro/creator-count/vertical-analysis?tabValue=creativity&areaId=606","2026-09-11T16:56:20.816Z"
"音乐","14","老歌","410,747","680,618","35w+","统计周期： 2026-09-09","2","https://creator.douyin.com/creator-micro/creator-count/vertical-analysis?tabValue=creativity&areaId=606","2026-09-11T16:56:20.816Z"
"音乐","15","月光","372,206","976,241","14w+","统计周期： 2026-09-09","2","https://creator.douyin.com/creator-micro/creator-count/vertical-analysis?tabValue=creativity&areaId=606","2026-09-11T16:56:20.816Z"
"音乐","16","山歌","365,519","1,039,819","17w+","统计周期： 2026-09-09","2","https://creator.douyin.com/creator-micro/creator-count/vertical-analysis?tabValue=creativity&areaId=606","2026-09-11T16:56:20.816Z"
"音乐","17","听歌","305,004","326,439","23w+","统计周期： 2026-09-09","2","https://creator.douyin.com/creator-micro/creator-count/vertical-analysis?tabValue=creativity&areaId=606","2026-09-11T16:56:20.816Z"
"音乐","18","合唱","267,209","744,025","22w+","统计周期： 2026-09-09","2","https://creator.douyin.com/creator-micro/creator-count/vertical-analysis?tabValue=creativity&areaId=606","2026-09-11T16:56:20.816Z"
"音乐","19","好听","264,552","526,077","84w+","统计周期： 2026-09-09","2","https://creator.douyin.com/creator-micro/creator-count/vertical-analysis?tabValue=creativity&areaId=606","2026-09-11T16:56:20.816Z"
"音乐","20","情歌","248,628","704,794","25w+","统计周期： 2026-09-09","2","https://creator.douyin.com/creator-micro/creator-count/vertical-analysis?tabValue=creativity&areaId=606","2026-09-11T16:56:20.816Z"
"职场","1","计划","4,116,741","3,652,142","5w+","统计周期： 2026-09-09","1","https://creator.douyin.com/creator-micro/creator-count/vertical-analysis?tabValue=creativity&areaId=625","2026-09-11T16:56:24.194Z"
"职场","2","教程","3,048,521","8,837,249","5w+","统计周期： 2026-09-09","1","https://creator.douyin.com/creator-micro/creator-count/vertical-analysis?tabValue=creativity&areaId=625","2026-09-11T16:56:24.194Z"
"职场","3","上热门","1,507,011","1,642,208","2w+","统计周期： 2026-09-09","1","https://creator.douyin.com/creator-micro/creator-count/vertical-analysis?tabValue=creativity&areaId=625","2026-09-11T16:56:24.194Z"
"职场","4","账号","1,213,833","3,757,193","8w+","统计周期： 2026-09-09","1","https://creator.douyin.com/creator-micro/creator-count/vertical-analysis?tabValue=creativity&areaId=625","2026-09-11T16:56:24.194Z"
"职场","5","短视频","781,148","2,006,090","6w+","统计周期： 2026-09-09","1","https://creator.douyin.com/creator-micro/creator-count/vertical-analysis?tabValue=creativity&areaId=625","2026-09-11T16:56:24.194Z"
"职场","6","流量","629,595","1,257,523","8w+","统计周期： 2026-09-09","1","https://creator.douyin.com/creator-micro/creator-count/vertical-analysis?tabValue=creativity&areaId=625","2026-09-11T16:56:24.194Z"
"职场","7","管理","621,229","1,323,289","2w+","统计周期： 2026-09-09","1","https://creator.douyin.com/creator-micro/creator-count/vertical-analysis?tabValue=creativity&areaId=625","2026-09-11T16:56:24.194Z"
"职场","8","能力","452,640","483,636","3w+","统计周期： 2026-09-09","1","https://creator.douyin.com/creator-micro/creator-count/vertical-analysis?tabValue=creativity&areaId=625","2026-09-11T16:56:24.194Z"
"职场","9","经验","376,372","239,787","2w+","统计周期： 2026-09-09","1","https://creator.douyin.com/creator-micro/creator-count/vertical-analysis?tabValue=creativity&areaId=625","2026-09-11T16:56:24.194Z"
"职场","10","技能","372,693","871,391","2w+","统计周期： 2026-09-09","1","https://creator.douyin.com/creator-micro/creator-count/vertical-analysis?tabValue=creativity&areaId=625","2026-09-11T16:56:24.194Z"
"职场","11","简历","359,943","1,136,695","3w+","统计周期： 2026-09-09","2","https://creator.douyin.com/creator-micro/creator-count/vertical-analysis?tabValue=creativity&areaId=625","2026-09-11T16:56:24.499Z"
"职场","12","创作灵感","345,482","286,002","3w+","统计周期： 2026-09-09","2","https://creator.douyin.com/creator-micro/creator-count/vertical-analysis?tabValue=creativity&areaId=625","2026-09-11T16:56:24.499Z"
"职场","13","职场","317,520","418,481","20w+","统计周期： 2026-09-09","2","https://creator.douyin.com/creator-micro/creator-count/vertical-analysis?tabValue=creativity&areaId=625","2026-09-11T16:56:24.499Z"
"职场","14","客户","309,430","239,376","9w+","统计周期： 2026-09-09","2","https://creator.douyin.com/creator-micro/creator-count/vertical-analysis?tabValue=creativity&areaId=625","2026-09-11T16:56:24.499Z"
"职场","15","领导","276,113","566,693","7w+","统计周期： 2026-09-09","2","https://creator.douyin.com/creator-micro/creator-count/vertical-analysis?tabValue=creativity&areaId=625","2026-09-11T16:56:24.499Z"
"职场","16","干货","263,413","215,023","14w+","统计周期： 2026-09-09","2","https://creator.douyin.com/creator-micro/creator-count/vertical-analysis?tabValue=creativity&areaId=625","2026-09-11T16:56:24.499Z"
"职场","17","销售","226,971","516,207","4w+","统计周期： 2026-09-09","2","https://creator.douyin.com/creator-micro/creator-count/vertical-analysis?tabValue=creativity&areaId=625","2026-09-11T16:56:24.499Z"
"职场","18","公式","221,154","414,895","3w+","统计周期： 2026-09-09","2","https://creator.douyin.com/creator-micro/creator-count/vertical-analysis?tabValue=creativity&areaId=625","2026-09-11T16:56:24.499Z"
"职场","19","面试","217,407","549,152","4w+","统计周期： 2026-09-09","2","https://creator.douyin.com/creator-micro/creator-count/vertical-analysis?tabValue=creativity&areaId=625","2026-09-11T16:56:24.499Z"
"职场","20","同事","210,391","292,460","2w+","统计周期： 2026-09-09","2","https://creator.douyin.com/creator-micro/creator-count/vertical-analysis?tabValue=creativity&areaId=625","2026-09-11T16:56:24.499Z"
"母婴","1","儿童","6,806,357","19,968,320","32w+","统计周期： 2026-09-09","1","https://creator.douyin.com/creator-micro/creator-count/vertical-analysis?tabValue=creativity&areaId=617","2026-09-11T16:56:27.850Z"
"母婴","2","孩子","4,913,119","8,643,361","127w+","统计周期： 2026-09-09","1","https://creator.douyin.com/creator-micro/creator-count/vertical-analysis?tabValue=creativity&areaId=617","2026-09-11T16:56:27.850Z"
"母婴","3","早教","2,098,018","6,527,389","19w+","统计周期： 2026-09-09","1","https://creator.douyin.com/creator-micro/creator-count/vertical-analysis?tabValue=creativity&areaId=617","2026-09-11T16:56:27.850Z"
"母婴","4","幼儿","1,982,878","5,617,204","26w+","统计周期： 2026-09-09","1","https://creator.douyin.com/creator-micro/creator-count/vertical-analysis?tabValue=creativity&areaId=617","2026-09-11T16:56:27.850Z"
"母婴","5","0-3岁","1,661,811","5,494,260","11w+","统计周期： 2026-09-09","1","https://creator.douyin.com/creator-micro/creator-count/vertical-analysis?tabValue=creativity&areaId=617","2026-09-11T16:56:27.850Z"
"母婴","6","3-6岁","1,613,948","5,318,235","6w+","统计周期： 2026-09-09","1","https://creator.douyin.com/creator-micro/creator-count/vertical-analysis?tabValue=creativity&areaId=617","2026-09-11T16:56:27.850Z"
"母婴","7","动画片","1,344,414","4,273,971","16w+","统计周期： 2026-09-09","1","https://creator.douyin.com/creator-micro/creator-count/vertical-analysis?tabValue=creativity&areaId=617","2026-09-11T16:56:27.850Z"
"母婴","8","婴儿","1,290,270","3,799,345","9w+","统计周期： 2026-09-09","1","https://creator.douyin.com/creator-micro/creator-count/vertical-analysis?tabValue=creativity&areaId=617","2026-09-11T16:56:27.850Z"
"母婴","9","启蒙","1,173,847","3,409,880","12w+","统计周期： 2026-09-09","1","https://creator.douyin.com/creator-micro/creator-count/vertical-analysis?tabValue=creativity&areaId=617","2026-09-11T16:56:27.850Z"
"母婴","10","幼儿园","1,131,901","3,006,561","39w+","统计周期： 2026-09-09","1","https://creator.douyin.com/creator-micro/creator-count/vertical-analysis?tabValue=creativity&areaId=617","2026-09-11T16:56:27.850Z"
"母婴","11","教育","1,062,747","2,453,571","8w+","统计周期： 2026-09-09","2","https://creator.douyin.com/creator-micro/creator-count/vertical-analysis?tabValue=creativity&areaId=617","2026-09-11T16:56:28.158Z"
"母婴","12","颜色","825,702","1,758,866","7w+","统计周期： 2026-09-09","2","https://creator.douyin.com/creator-micro/creator-count/vertical-analysis?tabValue=creativity&areaId=617","2026-09-11T16:56:28.158Z"
"母婴","13","孕妇","640,116","1,817,621","5w+","统计周期： 2026-09-09","2","https://creator.douyin.com/creator-micro/creator-count/vertical-analysis?tabValue=creativity&areaId=617","2026-09-11T16:56:28.158Z"
"母婴","14","亲子","617,921","934,748","19w+","统计周期： 2026-09-09","2","https://creator.douyin.com/creator-micro/creator-count/vertical-analysis?tabValue=creativity&areaId=617","2026-09-11T16:56:28.158Z"
"母婴","15","带娃","485,102","625,721","14w+","统计周期： 2026-09-09","2","https://creator.douyin.com/creator-micro/creator-count/vertical-analysis?tabValue=creativity&areaId=617","2026-09-11T16:56:28.158Z"
"母婴","16","奶粉","449,157","1,240,089","15w+","统计周期： 2026-09-09","2","https://creator.douyin.com/creator-micro/creator-count/vertical-analysis?tabValue=creativity&areaId=617","2026-09-11T16:56:28.158Z"
"母婴","17","宝妈","449,053","589,702","27w+","统计周期： 2026-09-09","2","https://creator.douyin.com/creator-micro/creator-count/vertical-analysis?tabValue=creativity&areaId=617","2026-09-11T16:56:28.158Z"
"母婴","18","儿童动画","347,073","947,380","29w+","统计周期： 2026-09-09","2","https://creator.douyin.com/creator-micro/creator-count/vertical-analysis?tabValue=creativity&areaId=617","2026-09-11T16:56:28.158Z"
"母婴","19","儿童启蒙","313,443","1,002,775","6w+","统计周期： 2026-09-09","2","https://creator.douyin.com/creator-micro/creator-count/vertical-analysis?tabValue=creativity&areaId=617","2026-09-11T16:56:28.158Z"
"母婴","20","新生儿","301,645","732,823","15w+","统计周期： 2026-09-09","2","https://creator.douyin.com/creator-micro/creator-count/vertical-analysis?tabValue=creativity&areaId=617","2026-09-11T16:56:28.158Z"
"生活家居","1","厨房","1,281,926","1,817,327","35w+","统计周期： 2026-09-09","1","https://creator.douyin.com/creator-micro/creator-count/vertical-analysis?tabValue=creativity&areaId=619","2026-09-11T16:56:43.580Z"
"生活家居","2","设计","1,280,231","1,954,197","46w+","统计周期： 2026-09-09","1","https://creator.douyin.com/creator-micro/creator-count/vertical-analysis?tabValue=creativity&areaId=619","2026-09-11T16:56:43.580Z"
"生活家居","3","家用","1,252,748","2,087,577","30w+","统计周期： 2026-09-09","1","https://creator.douyin.com/creator-micro/creator-count/vertical-analysis?tabValue=creativity&areaId=619","2026-09-11T16:56:43.580Z"
"生活家居","4","装修","1,039,170","2,184,311","214w+","统计周期： 2026-09-09","1","https://creator.douyin.com/creator-micro/creator-count/vertical-analysis?tabValue=creativity&areaId=619","2026-09-11T16:56:43.580Z"
"生活家居","5","玻璃","1,027,171","2,506,841","26w+","统计周期： 2026-09-09","1","https://creator.douyin.com/creator-micro/creator-count/vertical-analysis?tabValue=creativity&areaId=619","2026-09-11T16:56:43.580Z"
"生活家居","6","安装","1,025,889","2,166,046","50w+","统计周期： 2026-09-09","1","https://creator.douyin.com/creator-micro/creator-count/vertical-analysis?tabValue=creativity&areaId=619","2026-09-11T16:56:43.580Z"
"生活家居","7","收纳","888,315","1,607,125","26w+","统计周期： 2026-09-09","1","https://creator.douyin.com/creator-micro/creator-count/vertical-analysis?tabValue=creativity&areaId=619","2026-09-11T16:56:43.580Z"
"生活家居","8","防水","797,968","1,299,822","21w+","统计周期： 2026-09-09","1","https://creator.douyin.com/creator-micro/creator-count/vertical-analysis?tabValue=creativity&areaId=619","2026-09-11T16:56:43.580Z"
"生活家居","9","定制","691,419","1,361,063","30w+","统计周期： 2026-09-09","1","https://creator.douyin.com/creator-micro/creator-count/vertical-analysis?tabValue=creativity&areaId=619","2026-09-11T16:56:43.580Z"
"生活家居","10","卫生间","615,409","842,856","45w+","统计周期： 2026-09-09","1","https://creator.douyin.com/creator-micro/creator-count/vertical-analysis?tabValue=creativity&areaId=619","2026-09-11T16:56:43.580Z"
"生活家居","11","马桶","517,916","1,047,005","21w+","统计周期： 2026-09-09","2","https://creator.douyin.com/creator-micro/creator-count/vertical-analysis?tabValue=creativity&areaId=619","2026-09-11T16:56:43.880Z"
"生活家居","12","沙发","507,997","1,216,821","52w+","统计周期： 2026-09-09","2","https://creator.douyin.com/creator-micro/creator-count/vertical-analysis?tabValue=creativity&areaId=619","2026-09-11T16:56:43.880Z"
"生活家居","13","家居","501,703","826,999","41w+","统计周期： 2026-09-09","2","https://creator.douyin.com/creator-micro/creator-count/vertical-analysis?tabValue=creativity&areaId=619","2026-09-11T16:56:43.880Z"
"生活家居","14","装饰","467,178","1,090,276","44w+","统计周期： 2026-09-09","2","https://creator.douyin.com/creator-micro/creator-count/vertical-analysis?tabValue=creativity&areaId=619","2026-09-11T16:56:43.880Z"
"生活家居","15","家具","451,439","1,010,727","118w+","统计周期： 2026-09-09","2","https://creator.douyin.com/creator-micro/creator-count/vertical-analysis?tabValue=creativity&areaId=619","2026-09-11T16:56:43.880Z"
"生活家居","16","客厅","409,886","771,782","43w+","统计周期： 2026-09-09","2","https://creator.douyin.com/creator-micro/creator-count/vertical-analysis?tabValue=creativity&areaId=619","2026-09-11T16:56:43.880Z"
"生活家居","17","自建房","400,805","993,156","44w+","统计周期： 2026-09-09","2","https://creator.douyin.com/creator-micro/creator-count/vertical-analysis?tabValue=creativity&areaId=619","2026-09-11T16:56:43.880Z"
"生活家居","18","别墅","398,236","972,420","28w+","统计周期： 2026-09-09","2","https://creator.douyin.com/creator-micro/creator-count/vertical-analysis?tabValue=creativity&areaId=619","2026-09-11T16:56:43.880Z"
"生活家居","19","阳台","390,259","511,407","40w+","统计周期： 2026-09-09","2","https://creator.douyin.com/creator-micro/creator-count/vertical-analysis?tabValue=creativity&areaId=619","2026-09-11T16:56:43.880Z"
"生活家居","20","卧室","351,936","563,902","29w+","统计周期： 2026-09-09","2","https://creator.douyin.com/creator-micro/creator-count/vertical-analysis?tabValue=creativity&areaId=619","2026-09-11T16:56:43.880Z"
"医疗健康","1","皮肤","1,435,472","3,762,005","10w+","统计周期： 2026-09-09","1","https://creator.douyin.com/creator-micro/creator-count/vertical-analysis?tabValue=creativity&areaId=621","2026-09-11T16:56:47.213Z"
"医疗健康","2","营养","603,014","795,762","11w+","统计周期： 2026-09-09","1","https://creator.douyin.com/creator-micro/creator-count/vertical-analysis?tabValue=creativity&areaId=621","2026-09-11T16:56:47.213Z"
"医疗健康","3","症状","597,498","1,912,831","15w+","统计周期： 2026-09-09","1","https://creator.douyin.com/creator-micro/creator-count/vertical-analysis?tabValue=creativity&areaId=621","2026-09-11T16:56:47.213Z"
"医疗健康","4","手术","566,765","1,541,932","39w+","统计周期： 2026-09-09","1","https://creator.douyin.com/creator-micro/creator-count/vertical-analysis?tabValue=creativity&areaId=621","2026-09-11T16:56:47.213Z"
"医疗健康","5","养生","547,804","1,204,726","26w+","统计周期： 2026-09-09","1","https://creator.douyin.com/creator-micro/creator-count/vertical-analysis?tabValue=creativity&areaId=621","2026-09-11T16:56:47.213Z"
"医疗健康","6","中医","395,882","1,044,239","62w+","统计周期： 2026-09-09","1","https://creator.douyin.com/creator-micro/creator-count/vertical-analysis?tabValue=creativity&areaId=621","2026-09-11T16:56:47.213Z"
"医疗健康","7","腰椎","373,211","893,007","7w+","统计周期： 2026-09-09","1","https://creator.douyin.com/creator-micro/creator-count/vertical-analysis?tabValue=creativity&areaId=621","2026-09-11T16:56:47.213Z"
"医疗健康","8","口腔","345,675","874,277","11w+","统计周期： 2026-09-09","1","https://creator.douyin.com/creator-micro/creator-count/vertical-analysis?tabValue=creativity&areaId=621","2026-09-11T16:56:47.213Z"
"医疗健康","9","牙齿","334,070","576,729","9w+","统计周期： 2026-09-09","1","https://creator.douyin.com/creator-micro/creator-count/vertical-analysis?tabValue=creativity&areaId=621","2026-09-11T16:56:47.213Z"
"医疗健康","10","疼痛","298,694","481,584","11w+","统计周期： 2026-09-09","1","https://creator.douyin.com/creator-micro/creator-count/vertical-analysis?tabValue=creativity&areaId=621","2026-09-11T16:56:47.213Z"
"医疗健康","11","维生素","250,621","689,275","7w+","统计周期： 2026-09-09","2","https://creator.douyin.com/creator-micro/creator-count/vertical-analysis?tabValue=creativity&areaId=621","2026-09-11T16:56:47.522Z"
"医疗健康","12","饮食","234,444","316,406","8w+","统计周期： 2026-09-09","2","https://creator.douyin.com/creator-micro/creator-count/vertical-analysis?tabValue=creativity&areaId=621","2026-09-11T16:56:47.522Z"
"医疗健康","13","关节","232,564","317,376","11w+","统计周期： 2026-09-09","2","https://creator.douyin.com/creator-micro/creator-count/vertical-analysis?tabValue=creativity&areaId=621","2026-09-11T16:56:47.522Z"
"医疗健康","14","血糖","226,817","641,443","7w+","统计周期： 2026-09-09","2","https://creator.douyin.com/creator-micro/creator-count/vertical-analysis?tabValue=creativity&areaId=621","2026-09-11T16:56:47.522Z"
"医疗健康","15","孕期","217,351","364,686","8w+","统计周期： 2026-09-09","2","https://creator.douyin.com/creator-micro/creator-count/vertical-analysis?tabValue=creativity&areaId=621","2026-09-11T16:56:47.522Z"
"医疗健康","16","颈椎","198,468","371,269","9w+","统计周期： 2026-09-09","2","https://creator.douyin.com/creator-micro/creator-count/vertical-analysis?tabValue=creativity&areaId=621","2026-09-11T16:56:47.522Z"
"医疗健康","17","膝盖","197,121","283,895","9w+","统计周期： 2026-09-09","2","https://creator.douyin.com/creator-micro/creator-count/vertical-analysis?tabValue=creativity&areaId=621","2026-09-11T16:56:47.522Z"
"医疗健康","18","心脏","195,720","389,402","6w+","统计周期： 2026-09-09","2","https://creator.douyin.com/creator-micro/creator-count/vertical-analysis?tabValue=creativity&areaId=621","2026-09-11T16:56:47.522Z"
"医疗健康","19","康复","175,554","371,119","13w+","统计周期： 2026-09-09","2","https://creator.douyin.com/creator-micro/creator-count/vertical-analysis?tabValue=creativity&areaId=621","2026-09-11T16:56:47.522Z"
"医疗健康","20","益生菌","170,071","382,526","10w+","统计周期： 2026-09-09","2","https://creator.douyin.com/creator-micro/creator-count/vertical-analysis?tabValue=creativity&areaId=621","2026-09-11T16:56:47.522Z"
"美食","1","好吃","2,834,613","4,646,068","218w+","统计周期： 2026-09-09","1","https://creator.douyin.com/creator-micro/creator-count/vertical-analysis?tabValue=creativity&areaId=628","2026-09-11T16:56:50.895Z"
"美食","2","火锅","2,342,207","6,741,053","204w+","统计周期： 2026-09-09","1","https://creator.douyin.com/creator-micro/creator-count/vertical-analysis?tabValue=creativity&areaId=628","2026-09-11T16:56:50.895Z"
"美食","3","咖啡","1,665,857","4,635,215","96w+","统计周期： 2026-09-09","1","https://creator.douyin.com/creator-micro/creator-count/vertical-analysis?tabValue=creativity&areaId=628","2026-09-11T16:56:50.895Z"
"美食","4","牛肉","1,653,403","4,558,677","106w+","统计周期： 2026-09-09","1","https://creator.douyin.com/creator-micro/creator-count/vertical-analysis?tabValue=creativity&areaId=628","2026-09-11T16:56:50.895Z"
"美食","5","月饼","1,548,530","4,332,521","52w+","统计周期： 2026-09-09","1","https://creator.douyin.com/creator-micro/creator-count/vertical-analysis?tabValue=creativity&areaId=628","2026-09-11T16:56:50.895Z"
"美食","6","鸡蛋","1,403,326","3,898,909","57w+","统计周期： 2026-09-09","1","https://creator.douyin.com/creator-micro/creator-count/vertical-analysis?tabValue=creativity&areaId=628","2026-09-11T16:56:50.895Z"
"美食","7","蛋糕","1,327,139","3,855,843","98w+","统计周期： 2026-09-09","1","https://creator.douyin.com/creator-micro/creator-count/vertical-analysis?tabValue=creativity&areaId=628","2026-09-11T16:56:50.895Z"
"美食","8","零食","1,158,749","2,322,107","79w+","统计周期： 2026-09-09","1","https://creator.douyin.com/creator-micro/creator-count/vertical-analysis?tabValue=creativity&areaId=628","2026-09-11T16:56:50.895Z"
"美食","9","水果","1,016,368","2,487,829","76w+","统计周期： 2026-09-09","1","https://creator.douyin.com/creator-micro/creator-count/vertical-analysis?tabValue=creativity&areaId=628","2026-09-11T16:56:50.895Z"
"美食","10","面包","932,801","2,561,514","57w+","统计周期： 2026-09-09","1","https://creator.douyin.com/creator-micro/creator-count/vertical-analysis?tabValue=creativity&areaId=628","2026-09-11T16:56:50.895Z"
"美食","11","烧烤","922,215","2,470,646","153w+","统计周期： 2026-09-09","2","https://creator.douyin.com/creator-micro/creator-count/vertical-analysis?tabValue=creativity&areaId=628","2026-09-11T16:56:51.197Z"
"美食","12","海鲜","873,457","2,345,015","82w+","统计周期： 2026-09-09","2","https://creator.douyin.com/creator-micro/creator-count/vertical-analysis?tabValue=creativity&areaId=628","2026-09-11T16:56:51.197Z"
"美食","13","辣椒","832,376","2,212,405","51w+","统计周期： 2026-09-09","2","https://creator.douyin.com/creator-micro/creator-count/vertical-analysis?tabValue=creativity&areaId=628","2026-09-11T16:56:51.197Z"
"美食","14","牛奶","811,803","2,217,098","37w+","统计周期： 2026-09-09","2","https://creator.douyin.com/creator-micro/creator-count/vertical-analysis?tabValue=creativity&areaId=628","2026-09-11T16:56:51.197Z"
"美食","15","早餐","807,413","1,523,419","121w+","统计周期： 2026-09-09","2","https://creator.douyin.com/creator-micro/creator-count/vertical-analysis?tabValue=creativity&areaId=628","2026-09-11T16:56:51.197Z"
"美食","16","烤肉","757,266","2,190,998","103w+","统计周期： 2026-09-09","2","https://creator.douyin.com/creator-micro/creator-count/vertical-analysis?tabValue=creativity&areaId=628","2026-09-11T16:56:51.197Z"
"美食","17","豆腐","698,752","1,933,880","37w+","统计周期： 2026-09-09","2","https://creator.douyin.com/creator-micro/creator-count/vertical-analysis?tabValue=creativity&areaId=628","2026-09-11T16:56:51.197Z"
"美食","18","奶茶","698,681","1,757,140","68w+","统计周期： 2026-09-09","2","https://creator.douyin.com/creator-micro/creator-count/vertical-analysis?tabValue=creativity&areaId=628","2026-09-11T16:56:51.197Z"
"美食","19","干饭","657,737","1,966,238","42w+","统计周期： 2026-09-09","2","https://creator.douyin.com/creator-micro/creator-count/vertical-analysis?tabValue=creativity&areaId=628","2026-09-11T16:56:51.197Z"
"美食","20","榴莲","615,204","1,684,503","72w+","统计周期： 2026-09-09","2","https://creator.douyin.com/creator-micro/creator-count/vertical-analysis?tabValue=creativity&areaId=628","2026-09-11T16:56:51.197Z"
"旅行","1","酒店","2,251,981","6,579,321","123w+","统计周期： 2026-09-09","1","https://creator.douyin.com/creator-micro/creator-count/vertical-analysis?tabValue=creativity&areaId=629","2026-09-11T16:56:59.449Z"
"旅行","2","北京","2,147,080","5,942,080","48w+","统计周期： 2026-09-09","1","https://creator.douyin.com/creator-micro/creator-count/vertical-analysis?tabValue=creativity&areaId=629","2026-09-11T16:56:59.449Z"
"旅行","3","旅游","1,397,382","3,567,050","108w+","统计周期： 2026-09-09","1","https://creator.douyin.com/creator-micro/creator-count/vertical-analysis?tabValue=creativity&areaId=629","2026-09-11T16:56:59.449Z"
"旅行","4","西安","1,265,276","3,793,275","31w+","统计周期： 2026-09-09","1","https://creator.douyin.com/creator-micro/creator-count/vertical-analysis?tabValue=creativity&areaId=629","2026-09-11T16:56:59.449Z"
"旅行","5","城市","1,101,588","2,162,945","133w+","统计周期： 2026-09-09","1","https://creator.douyin.com/creator-micro/creator-count/vertical-analysis?tabValue=creativity&areaId=629","2026-09-11T16:56:59.449Z"
"旅行","6","云南","1,098,624","2,997,628","37w+","统计周期： 2026-09-09","1","https://creator.douyin.com/creator-micro/creator-count/vertical-analysis?tabValue=creativity&areaId=629","2026-09-11T16:56:59.449Z"
"旅行","7","贵州","838,394","2,309,187","28w+","统计周期： 2026-09-09","1","https://creator.douyin.com/creator-micro/creator-count/vertical-analysis?tabValue=creativity&areaId=629","2026-09-11T16:56:59.449Z"
"旅行","8","旅行","783,043","1,333,616","206w+","统计周期： 2026-09-09","1","https://creator.douyin.com/creator-micro/creator-count/vertical-analysis?tabValue=creativity&areaId=629","2026-09-11T16:56:59.449Z"
"旅行","9","公园","746,848","1,938,124","55w+","统计周期： 2026-09-09","1","https://creator.douyin.com/creator-micro/creator-count/vertical-analysis?tabValue=creativity&areaId=629","2026-09-11T16:56:59.449Z"
"旅行","10","青岛","654,831","1,893,620","34w+","统计周期： 2026-09-09","1","https://creator.douyin.com/creator-micro/creator-count/vertical-analysis?tabValue=creativity&areaId=629","2026-09-11T16:56:59.449Z"
"旅行","11","景区","493,649","1,337,908","77w+","统计周期： 2026-09-09","2","https://creator.douyin.com/creator-micro/creator-count/vertical-analysis?tabValue=creativity&areaId=629","2026-09-11T16:56:59.761Z"
"旅行","12","西藏","461,785","1,278,739","52w+","统计周期： 2026-09-09","2","https://creator.douyin.com/creator-micro/creator-count/vertical-analysis?tabValue=creativity&areaId=629","2026-09-11T16:56:59.761Z"
"旅行","13","海边","392,631","797,499","108w+","统计周期： 2026-09-09","2","https://creator.douyin.com/creator-micro/creator-count/vertical-analysis?tabValue=creativity&areaId=629","2026-09-11T16:56:59.761Z"
"旅行","14","民宿","384,012","1,088,381","69w+","统计周期： 2026-09-09","2","https://creator.douyin.com/creator-micro/creator-count/vertical-analysis?tabValue=creativity&areaId=629","2026-09-11T16:56:59.761Z"
"旅行","15","徒步","343,982","732,041","31w+","统计周期： 2026-09-09","2","https://creator.douyin.com/creator-micro/creator-count/vertical-analysis?tabValue=creativity&areaId=629","2026-09-11T16:56:59.761Z"
"旅行","16","草原","324,582","756,393","75w+","统计周期： 2026-09-09","2","https://creator.douyin.com/creator-micro/creator-count/vertical-analysis?tabValue=creativity&areaId=629","2026-09-11T16:56:59.761Z"
"旅行","17","露营","269,312","609,512","57w+","统计周期： 2026-09-09","2","https://creator.douyin.com/creator-micro/creator-count/vertical-analysis?tabValue=creativity&areaId=629","2026-09-11T16:56:59.761Z"
"旅行","18","大理","253,070","671,728","31w+","统计周期： 2026-09-09","2","https://creator.douyin.com/creator-micro/creator-count/vertical-analysis?tabValue=creativity&areaId=629","2026-09-11T16:56:59.761Z"
"旅行","19","景点","243,034","662,818","52w+","统计周期： 2026-09-09","2","https://creator.douyin.com/creator-micro/creator-count/vertical-analysis?tabValue=creativity&areaId=629","2026-09-11T16:56:59.761Z"
"旅行","20","古城","233,506","607,365","63w+","统计周期： 2026-09-09","2","https://creator.douyin.com/creator-micro/creator-count/vertical-analysis?tabValue=creativity&areaId=629","2026-09-11T16:56:59.761Z"
"三农","1","农村","2,277,158","5,096,911","273w+","统计周期： 2026-09-09","1","https://creator.douyin.com/creator-micro/creator-count/vertical-analysis?tabValue=creativity&areaId=614","2026-09-11T16:57:03.120Z"
"三农","2","乡村","947,561","1,468,826","161w+","统计周期： 2026-09-09","1","https://creator.douyin.com/creator-micro/creator-count/vertical-analysis?tabValue=creativity&areaId=614","2026-09-11T16:57:03.120Z"
"三农","3","葡萄","555,732","1,539,071","33w+","统计周期： 2026-09-09","1","https://creator.douyin.com/creator-micro/creator-count/vertical-analysis?tabValue=creativity&areaId=614","2026-09-11T16:57:03.120Z"
"三农","4","种植","431,637","693,435","110w+","统计周期： 2026-09-09","1","https://creator.douyin.com/creator-micro/creator-count/vertical-analysis?tabValue=creativity&areaId=614","2026-09-11T16:57:03.120Z"
"三农","5","农村生活","355,431","433,896","207w+","统计周期： 2026-09-09","1","https://creator.douyin.com/creator-micro/creator-count/vertical-analysis?tabValue=creativity&areaId=614","2026-09-11T16:57:03.120Z"
"三农","6","农业","318,543","794,696","48w+","统计周期： 2026-09-09","1","https://creator.douyin.com/creator-micro/creator-count/vertical-analysis?tabValue=creativity&areaId=614","2026-09-11T16:57:03.120Z"
"三农","7","种子","279,493","603,843","25w+","统计周期： 2026-09-09","1","https://creator.douyin.com/creator-micro/creator-count/vertical-analysis?tabValue=creativity&areaId=614","2026-09-11T16:57:03.120Z"
"三农","8","养殖","278,978","471,527","22w+","统计周期： 2026-09-09","1","https://creator.douyin.com/creator-micro/creator-count/vertical-analysis?tabValue=creativity&areaId=614","2026-09-11T16:57:03.120Z"
"三农","9","乡村生活","262,349","258,438","157w+","统计周期： 2026-09-09","1","https://creator.douyin.com/creator-micro/creator-count/vertical-analysis?tabValue=creativity&areaId=614","2026-09-11T16:57:03.120Z"
"三农","10","农家","258,614","390,635","23w+","统计周期： 2026-09-09","1","https://creator.douyin.com/creator-micro/creator-count/vertical-analysis?tabValue=creativity&areaId=614","2026-09-11T16:57:03.120Z"
"三农","11","田园","208,126","355,238","36w+","统计周期： 2026-09-09","2","https://creator.douyin.com/creator-micro/creator-count/vertical-analysis?tabValue=creativity&areaId=614","2026-09-11T16:57:03.440Z"
"三农","12","三农","172,790","136,976","24w+","统计周期： 2026-09-09","2","https://creator.douyin.com/creator-micro/creator-count/vertical-analysis?tabValue=creativity&areaId=614","2026-09-11T16:57:03.440Z"
"三农","13","果园","168,896","314,110","49w+","统计周期： 2026-09-09","2","https://creator.douyin.com/creator-micro/creator-count/vertical-analysis?tabValue=creativity&areaId=614","2026-09-11T16:57:03.440Z"
"三农","14","粮食","151,746","301,513","15w+","统计周期： 2026-09-09","2","https://creator.douyin.com/creator-micro/creator-count/vertical-analysis?tabValue=creativity&areaId=614","2026-09-11T16:57:03.440Z"
"三农","15","小麦","134,584","338,788","37w+","统计周期： 2026-09-09","2","https://creator.douyin.com/creator-micro/creator-count/vertical-analysis?tabValue=creativity&areaId=614","2026-09-11T16:57:03.440Z"
"三农","16","丰收","129,441","164,366","33w+","统计周期： 2026-09-09","2","https://creator.douyin.com/creator-micro/creator-count/vertical-analysis?tabValue=creativity&areaId=614","2026-09-11T16:57:03.440Z"
"三农","17","种菜","119,666","156,696","38w+","统计周期： 2026-09-09","2","https://creator.douyin.com/creator-micro/creator-count/vertical-analysis?tabValue=creativity&areaId=614","2026-09-11T16:57:03.440Z"
"三农","18","新农人","101,226","69,217","104w+","统计周期： 2026-09-09","2","https://creator.douyin.com/creator-micro/creator-count/vertical-analysis?tabValue=creativity&areaId=614","2026-09-11T16:57:03.440Z"
"三农","19","菜园","98,147","149,611","28w+","统计周期： 2026-09-09","2","https://creator.douyin.com/creator-micro/creator-count/vertical-analysis?tabValue=creativity&areaId=614","2026-09-11T16:57:03.440Z"
"三农","20","采摘","97,900","174,844","40w+","统计周期： 2026-09-09","2","https://creator.douyin.com/creator-micro/creator-count/vertical-analysis?tabValue=creativity&areaId=614","2026-09-11T16:57:03.440Z"
"体育","1","运动","2,592,306","6,002,372","290w+","统计周期： 2026-09-09","1","https://creator.douyin.com/creator-micro/creator-count/vertical-analysis?tabValue=creativity&areaId=633","2026-09-11T16:57:06.806Z"
"体育","2","健身","2,154,366","5,498,444","359w+","统计周期： 2026-09-09","1","https://creator.douyin.com/creator-micro/creator-count/vertical-analysis?tabValue=creativity&areaId=633","2026-09-11T16:57:06.806Z"
"体育","3","训练","1,384,778","3,237,888","97w+","统计周期： 2026-09-09","1","https://creator.douyin.com/creator-micro/creator-count/vertical-analysis?tabValue=creativity&areaId=633","2026-09-11T16:57:06.806Z"
"体育","4","身体","1,048,222","1,704,551","63w+","统计周期： 2026-09-09","1","https://creator.douyin.com/creator-micro/creator-count/vertical-analysis?tabValue=creativity&areaId=633","2026-09-11T16:57:06.806Z"
"体育","5","减肥","928,108","2,476,006","53w+","统计周期： 2026-09-09","1","https://creator.douyin.com/creator-micro/creator-count/vertical-analysis?tabValue=creativity&areaId=633","2026-09-11T16:57:06.806Z"
"体育","6","台球","876,795","2,492,101","122w+","统计周期： 2026-09-09","1","https://creator.douyin.com/creator-micro/creator-count/vertical-analysis?tabValue=creativity&areaId=633","2026-09-11T16:57:06.806Z"
"体育","7","足球","782,250","2,269,173","88w+","统计周期： 2026-09-09","1","https://creator.douyin.com/creator-micro/creator-count/vertical-analysis?tabValue=creativity&areaId=633","2026-09-11T16:57:06.806Z"
"体育","8","体育","746,536","1,928,473","62w+","统计周期： 2026-09-09","1","https://creator.douyin.com/creator-micro/creator-count/vertical-analysis?tabValue=creativity&areaId=633","2026-09-11T16:57:06.806Z"
"体育","9","跑步","608,995","1,555,100","113w+","统计周期： 2026-09-09","1","https://creator.douyin.com/creator-micro/creator-count/vertical-analysis?tabValue=creativity&areaId=633","2026-09-11T16:57:06.806Z"
"体育","10","减脂","544,163","1,329,235","35w+","统计周期： 2026-09-09","1","https://creator.douyin.com/creator-micro/creator-count/vertical-analysis?tabValue=creativity&areaId=633","2026-09-11T16:57:06.806Z"
"体育","11","游泳","540,334","1,415,481","89w+","统计周期： 2026-09-09","2","https://creator.douyin.com/creator-micro/creator-count/vertical-analysis?tabValue=creativity&areaId=633","2026-09-11T16:57:07.115Z"
"体育","12","瑜伽","510,025","1,385,279","58w+","统计周期： 2026-09-09","2","https://creator.douyin.com/creator-micro/creator-count/vertical-analysis?tabValue=creativity&areaId=633","2026-09-11T16:57:07.115Z"
"体育","13","锻炼","413,697","578,634","80w+","统计周期： 2026-09-09","2","https://creator.douyin.com/creator-micro/creator-count/vertical-analysis?tabValue=creativity&areaId=633","2026-09-11T16:57:07.115Z"
"体育","14","骑行","399,004","724,874","156w+","统计周期： 2026-09-09","2","https://creator.douyin.com/creator-micro/creator-count/vertical-analysis?tabValue=creativity&areaId=633","2026-09-11T16:57:07.115Z"
"体育","15","健身房","366,385","999,002","81w+","统计周期： 2026-09-09","2","https://creator.douyin.com/creator-micro/creator-count/vertical-analysis?tabValue=creativity&areaId=633","2026-09-11T16:57:07.115Z"
"体育","16","羽毛球","326,417","917,419","78w+","统计周期： 2026-09-09","2","https://creator.douyin.com/creator-micro/creator-count/vertical-analysis?tabValue=creativity&areaId=633","2026-09-11T16:57:07.115Z"
"体育","17","肌肉","316,123","671,720","45w+","统计周期： 2026-09-09","2","https://creator.douyin.com/creator-micro/creator-count/vertical-analysis?tabValue=creativity&areaId=633","2026-09-11T16:57:07.115Z"
"体育","18","运动员","305,158","889,644","19w+","统计周期： 2026-09-09","2","https://creator.douyin.com/creator-micro/creator-count/vertical-analysis?tabValue=creativity&areaId=633","2026-09-11T16:57:07.115Z"
"体育","19","乒乓球","298,402","835,036","45w+","统计周期： 2026-09-09","2","https://creator.douyin.com/creator-micro/creator-count/vertical-analysis?tabValue=creativity&areaId=633","2026-09-11T16:57:07.115Z"
"体育","20","网球","270,659","726,213","29w+","统计周期： 2026-09-09","2","https://creator.douyin.com/creator-micro/creator-count/vertical-analysis?tabValue=creativity&areaId=633","2026-09-11T16:57:07.115Z"
"游戏","1","游戏","4,272,277","10,975,091","311w+","统计周期： 2026-09-09","1","https://creator.douyin.com/creator-micro/creator-count/vertical-analysis?tabValue=creativity&areaId=608","2026-09-11T16:57:21.627Z"
"游戏","2","王者","2,775,632","8,366,462","62w+","统计周期： 2026-09-09","1","https://creator.douyin.com/creator-micro/creator-count/vertical-analysis?tabValue=creativity&areaId=608","2026-09-11T16:57:21.627Z"
"游戏","3","和平","1,110,567","3,349,379","13w+","统计周期： 2026-09-09","1","https://creator.douyin.com/creator-micro/creator-count/vertical-analysis?tabValue=creativity&areaId=608","2026-09-11T16:57:21.627Z"
"游戏","4","手游","918,155","2,598,478","45w+","统计周期： 2026-09-09","1","https://creator.douyin.com/creator-micro/creator-count/vertical-analysis?tabValue=creativity&areaId=608","2026-09-11T16:57:21.627Z"
"游戏","5","和平精英","902,556","2,780,384","104w+","统计周期： 2026-09-09","1","https://creator.douyin.com/creator-micro/creator-count/vertical-analysis?tabValue=creativity&areaId=608","2026-09-11T16:57:21.627Z"
"游戏","6","小游戏","817,013","2,192,346","24w+","统计周期： 2026-09-09","1","https://creator.douyin.com/creator-micro/creator-count/vertical-analysis?tabValue=creativity&areaId=608","2026-09-11T16:57:21.627Z"
"游戏","7","赛季","619,269","1,679,559","22w+","统计周期： 2026-09-09","1","https://creator.douyin.com/creator-micro/creator-count/vertical-analysis?tabValue=creativity&areaId=608","2026-09-11T16:57:21.627Z"
"游戏","8","我的世界","581,829","1,805,658","63w+","统计周期： 2026-09-09","1","https://creator.douyin.com/creator-micro/creator-count/vertical-analysis?tabValue=creativity&areaId=608","2026-09-11T16:57:21.627Z"
"游戏","9","战神","489,868","1,357,086","12w+","统计周期： 2026-09-09","1","https://creator.douyin.com/creator-micro/creator-count/vertical-analysis?tabValue=creativity&areaId=608","2026-09-11T16:57:21.627Z"
"游戏","10","第五人格","421,870","1,188,526","43w+","统计周期： 2026-09-09","1","https://creator.douyin.com/creator-micro/creator-count/vertical-analysis?tabValue=creativity&areaId=608","2026-09-11T16:57:21.627Z"
"游戏","11","光遇","408,099","1,180,631","51w+","统计周期： 2026-09-09","2","https://creator.douyin.com/creator-micro/creator-count/vertical-analysis?tabValue=creativity&areaId=608","2026-09-11T16:57:21.936Z"
"游戏","12","原神","299,430","845,274","48w+","统计周期： 2026-09-09","2","https://creator.douyin.com/creator-micro/creator-count/vertical-analysis?tabValue=creativity&areaId=608","2026-09-11T16:57:21.936Z"
"游戏","13","队友","294,248","526,538","55w+","统计周期： 2026-09-09","2","https://creator.douyin.com/creator-micro/creator-count/vertical-analysis?tabValue=creativity&areaId=608","2026-09-11T16:57:21.936Z"
"游戏","14","开局","247,064","470,082","12w+","统计周期： 2026-09-09","2","https://creator.douyin.com/creator-micro/creator-count/vertical-analysis?tabValue=creativity&areaId=608","2026-09-11T16:57:21.936Z"
"游戏","15","梦幻西游","240,799","733,907","32w+","统计周期： 2026-09-09","2","https://creator.douyin.com/creator-micro/creator-count/vertical-analysis?tabValue=creativity&areaId=608","2026-09-11T16:57:21.936Z"
"游戏","16","模拟器","237,571","742,225","18w+","统计周期： 2026-09-09","2","https://creator.douyin.com/creator-micro/creator-count/vertical-analysis?tabValue=creativity&areaId=608","2026-09-11T16:57:21.936Z"
"游戏","17","洛克王国","231,248","718,772","21w+","统计周期： 2026-09-09","2","https://creator.douyin.com/creator-micro/creator-count/vertical-analysis?tabValue=creativity&areaId=608","2026-09-11T16:57:21.936Z"
"游戏","18","战队","217,664","651,976","12w+","统计周期： 2026-09-09","2","https://creator.douyin.com/creator-micro/creator-count/vertical-analysis?tabValue=creativity&areaId=608","2026-09-11T16:57:21.936Z"
"游戏","19","国服","204,493","585,722","22w+","统计周期： 2026-09-09","2","https://creator.douyin.com/creator-micro/creator-count/vertical-analysis?tabValue=creativity&areaId=608","2026-09-11T16:57:21.936Z"
"游戏","20","植物大战僵尸","183,491","567,466","14w+","统计周期： 2026-09-09","2","https://creator.douyin.com/creator-micro/creator-count/vertical-analysis?tabValue=creativity&areaId=608","2026-09-11T16:57:21.936Z"
"财经","1","黄金","1,474,549","4,111,979","31w+","统计周期： 2026-09-09","1","https://creator.douyin.com/creator-micro/creator-count/vertical-analysis?tabValue=creativity&areaId=616","2026-09-11T16:57:25.309Z"
"财经","2","金价","1,123,950","3,672,103","11w+","统计周期： 2026-09-09","1","https://creator.douyin.com/creator-micro/creator-count/vertical-analysis?tabValue=creativity&areaId=616","2026-09-11T16:57:25.309Z"
"财经","3","同城","941,131","1,325,761","89w+","统计周期： 2026-09-09","1","https://creator.douyin.com/creator-micro/creator-count/vertical-analysis?tabValue=creativity&areaId=616","2026-09-11T16:57:25.309Z"
"财经","4","今日金价","865,103","2,854,418","10w+","统计周期： 2026-09-09","1","https://creator.douyin.com/creator-micro/creator-count/vertical-analysis?tabValue=creativity&areaId=616","2026-09-11T16:57:25.309Z"
"财经","5","股票","800,326","2,542,374","24w+","统计周期： 2026-09-09","1","https://creator.douyin.com/creator-micro/creator-count/vertical-analysis?tabValue=creativity&areaId=616","2026-09-11T16:57:25.309Z"
"财经","6","银行","794,517","2,338,437","17w+","统计周期： 2026-09-09","1","https://creator.douyin.com/creator-micro/creator-count/vertical-analysis?tabValue=creativity&areaId=616","2026-09-11T16:57:25.309Z"
"财经","7","出租","761,017","2,256,454","32w+","统计周期： 2026-09-09","1","https://creator.douyin.com/creator-micro/creator-count/vertical-analysis?tabValue=creativity&areaId=616","2026-09-11T16:57:25.309Z"
"财经","8","市场","711,455","1,884,083","16w+","统计周期： 2026-09-09","1","https://creator.douyin.com/creator-micro/creator-count/vertical-analysis?tabValue=creativity&areaId=616","2026-09-11T16:57:25.309Z"
"财经","9","保险","524,879","1,295,105","9w+","统计周期： 2026-09-09","1","https://creator.douyin.com/creator-micro/creator-count/vertical-analysis?tabValue=creativity&areaId=616","2026-09-11T16:57:25.309Z"
"财经","10","门店","493,541","1,063,671","15w+","统计周期： 2026-09-09","1","https://creator.douyin.com/creator-micro/creator-count/vertical-analysis?tabValue=creativity&areaId=616","2026-09-11T16:57:25.309Z"
"财经","11","创业","450,042","742,572","16w+","统计周期： 2026-09-09","2","https://creator.douyin.com/creator-micro/creator-count/vertical-analysis?tabValue=creativity&areaId=616","2026-09-11T16:57:25.614Z"
"财经","12","店铺","387,993","1,084,739","12w+","统计周期： 2026-09-09","2","https://creator.douyin.com/creator-micro/creator-count/vertical-analysis?tabValue=creativity&areaId=616","2026-09-11T16:57:25.614Z"
"财经","13","财经","361,287","1,069,939","20w+","统计周期： 2026-09-09","2","https://creator.douyin.com/creator-micro/creator-count/vertical-analysis?tabValue=creativity&areaId=616","2026-09-11T16:57:25.614Z"
"财经","14","企业","344,450","645,705","12w+","统计周期： 2026-09-09","2","https://creator.douyin.com/creator-micro/creator-count/vertical-analysis?tabValue=creativity&areaId=616","2026-09-11T16:57:25.614Z"
"财经","15","行情","309,757","849,508","10w+","统计周期： 2026-09-09","2","https://creator.douyin.com/creator-micro/creator-count/vertical-analysis?tabValue=creativity&areaId=616","2026-09-11T16:57:25.614Z"
"财经","16","二手房","296,315","895,998","166w+","统计周期： 2026-09-09","2","https://creator.douyin.com/creator-micro/creator-count/vertical-analysis?tabValue=creativity&areaId=616","2026-09-11T16:57:25.614Z"
"财经","17","商业","284,985","422,757","11w+","统计周期： 2026-09-09","2","https://creator.douyin.com/creator-micro/creator-count/vertical-analysis?tabValue=creativity&areaId=616","2026-09-11T16:57:25.614Z"
"财经","18","餐饮","278,033","507,786","24w+","统计周期： 2026-09-09","2","https://creator.douyin.com/creator-micro/creator-count/vertical-analysis?tabValue=creativity&areaId=616","2026-09-11T16:57:25.614Z"
"财经","19","生意","268,448","393,656","11w+","统计周期： 2026-09-09","2","https://creator.douyin.com/creator-micro/creator-count/vertical-analysis?tabValue=creativity&areaId=616","2026-09-11T16:57:25.614Z"
"财经","20","贷款","266,025","775,698","16w+","统计周期： 2026-09-09","2","https://creator.douyin.com/creator-micro/creator-count/vertical-analysis?tabValue=creativity&areaId=616","2026-09-11T16:57:25.614Z"
"情感","1","快乐","2,287,951","3,415,231","46w+","统计周期： 2026-09-09","1","https://creator.douyin.com/creator-micro/creator-count/vertical-analysis?tabValue=creativity&areaId=623","2026-09-11T16:57:28.980Z"
"情感","2","男人","1,609,371","3,035,747","91w+","统计周期： 2026-09-09","1","https://creator.douyin.com/creator-micro/creator-count/vertical-analysis?tabValue=creativity&areaId=623","2026-09-11T16:57:28.980Z"
"情感","3","幸福","1,558,954","2,346,210","37w+","统计周期： 2026-09-09","1","https://creator.douyin.com/creator-micro/creator-count/vertical-analysis?tabValue=creativity&areaId=623","2026-09-11T16:57:28.980Z"
"情感","4","爱情","1,046,173","2,558,447","34w+","统计周期： 2026-09-09","1","https://creator.douyin.com/creator-micro/creator-count/vertical-analysis?tabValue=creativity&areaId=623","2026-09-11T16:57:28.980Z"
"情感","5","能量","861,808","1,453,193","10w+","统计周期： 2026-09-09","1","https://creator.douyin.com/creator-micro/creator-count/vertical-analysis?tabValue=creativity&areaId=623","2026-09-11T16:57:28.980Z"
"情感","6","聊天","819,093","1,898,633","10w+","统计周期： 2026-09-09","1","https://creator.douyin.com/creator-micro/creator-count/vertical-analysis?tabValue=creativity&areaId=623","2026-09-11T16:57:28.980Z"
"情感","7","自由","812,149","1,287,218","12w+","统计周期： 2026-09-09","1","https://creator.douyin.com/creator-micro/creator-count/vertical-analysis?tabValue=creativity&areaId=623","2026-09-11T16:57:28.980Z"
"情感","8","温柔","809,224","821,984","24w+","统计周期： 2026-09-09","1","https://creator.douyin.com/creator-micro/creator-count/vertical-analysis?tabValue=creativity&areaId=623","2026-09-11T16:57:28.980Z"
"情感","9","努力","733,415","819,768","38w+","统计周期： 2026-09-09","1","https://creator.douyin.com/creator-micro/creator-count/vertical-analysis?tabValue=creativity&areaId=623","2026-09-11T16:57:28.980Z"
"情感","10","正能量","684,471","1,205,093","23w+","统计周期： 2026-09-09","1","https://creator.douyin.com/creator-micro/creator-count/vertical-analysis?tabValue=creativity&areaId=623","2026-09-11T16:57:28.980Z"
"情感","11","心里","443,974","291,384","41w+","统计周期： 2026-09-09","2","https://creator.douyin.com/creator-micro/creator-count/vertical-analysis?tabValue=creativity&areaId=623","2026-09-11T16:57:29.282Z"
"情感","12","智慧","419,670","591,280","20w+","统计周期： 2026-09-09","2","https://creator.douyin.com/creator-micro/creator-count/vertical-analysis?tabValue=creativity&areaId=623","2026-09-11T16:57:29.282Z"
"情感","13","社会","405,280","767,846","14w+","统计周期： 2026-09-09","2","https://creator.douyin.com/creator-micro/creator-count/vertical-analysis?tabValue=creativity&areaId=623","2026-09-11T16:57:29.282Z"
"情感","14","人心","402,673","521,356","42w+","统计周期： 2026-09-09","2","https://creator.douyin.com/creator-micro/creator-count/vertical-analysis?tabValue=creativity&areaId=623","2026-09-11T16:57:29.282Z"
"情感","15","命运","347,581","461,269","17w+","统计周期： 2026-09-09","2","https://creator.douyin.com/creator-micro/creator-count/vertical-analysis?tabValue=creativity&areaId=623","2026-09-11T16:57:29.282Z"
"情感","16","性格","325,597","664,170","18w+","统计周期： 2026-09-09","2","https://creator.douyin.com/creator-micro/creator-count/vertical-analysis?tabValue=creativity&areaId=623","2026-09-11T16:57:29.282Z"
"情感","17","语录","324,992","865,427","9w+","统计周期： 2026-09-09","2","https://creator.douyin.com/creator-micro/creator-count/vertical-analysis?tabValue=creativity&areaId=623","2026-09-11T16:57:29.282Z"
"情感","18","烦恼","317,201","310,760","15w+","统计周期： 2026-09-09","2","https://creator.douyin.com/creator-micro/creator-count/vertical-analysis?tabValue=creativity&areaId=623","2026-09-11T16:57:29.282Z"
"情感","19","中年","309,188","451,430","13w+","统计周期： 2026-09-09","2","https://creator.douyin.com/creator-micro/creator-count/vertical-analysis?tabValue=creativity&areaId=623","2026-09-11T16:57:29.282Z"
"情感","20","温暖","291,896","205,440","12w+","统计周期： 2026-09-09","2","https://creator.douyin.com/creator-micro/creator-count/vertical-analysis?tabValue=creativity&areaId=623","2026-09-11T16:57:29.282Z"
"明星","1","演员","1,803,722","5,623,119","24w+","统计周期： 2026-09-09","1","https://creator.douyin.com/creator-micro/creator-count/vertical-analysis?tabValue=creativity&areaId=602","2026-09-11T16:57:36.429Z"
"明星","2","明星","661,075","1,608,834","41w+","统计周期： 2026-09-09","1","https://creator.douyin.com/creator-micro/creator-count/vertical-analysis?tabValue=creativity&areaId=602","2026-09-11T16:57:36.429Z"
"明星","3","白鹿","583,743","1,884,755","13w+","统计周期： 2026-09-09","1","https://creator.douyin.com/creator-micro/creator-count/vertical-analysis?tabValue=creativity&areaId=602","2026-09-11T16:57:36.429Z"
"明星","4","娱乐","489,503","650,063","12w+","统计周期： 2026-09-09","1","https://creator.douyin.com/creator-micro/creator-count/vertical-analysis?tabValue=creativity&areaId=602","2026-09-11T16:57:36.429Z"
"明星","5","薛之谦","487,231","1,494,517","16w+","统计周期： 2026-09-09","1","https://creator.douyin.com/creator-micro/creator-count/vertical-analysis?tabValue=creativity&areaId=602","2026-09-11T16:57:36.429Z"
"明星","6","赵露思","450,773","1,434,185","15w+","统计周期： 2026-09-09","1","https://creator.douyin.com/creator-micro/creator-count/vertical-analysis?tabValue=creativity&areaId=602","2026-09-11T16:57:36.429Z"
"明星","7","刘德华","416,102","1,303,202","6w+","统计周期： 2026-09-09","1","https://creator.douyin.com/creator-micro/creator-count/vertical-analysis?tabValue=creativity&areaId=602","2026-09-11T16:57:36.429Z"
"明星","8","baby","297,962","783,940","6w+","统计周期： 2026-09-09","1","https://creator.douyin.com/creator-micro/creator-count/vertical-analysis?tabValue=creativity&areaId=602","2026-09-11T16:57:36.429Z"
"明星","9","天使","276,129","722,089","7w+","统计周期： 2026-09-09","1","https://creator.douyin.com/creator-micro/creator-count/vertical-analysis?tabValue=creativity&areaId=602","2026-09-11T16:57:36.429Z"
"明星","10","虞书欣","273,842","871,836","10w+","统计周期： 2026-09-09","1","https://creator.douyin.com/creator-micro/creator-count/vertical-analysis?tabValue=creativity&areaId=602","2026-09-11T16:57:36.429Z"
"明星","11","周杰伦","257,759","763,712","7w+","统计周期： 2026-09-09","2","https://creator.douyin.com/creator-micro/creator-count/vertical-analysis?tabValue=creativity&areaId=602","2026-09-11T16:57:36.739Z"
"明星","12","导演","243,959","310,401","9w+","统计周期： 2026-09-09","2","https://creator.douyin.com/creator-micro/creator-count/vertical-analysis?tabValue=creativity&areaId=602","2026-09-11T16:57:36.739Z"
"明星","13","王一博","239,362","740,410","15w+","统计周期： 2026-09-09","2","https://creator.douyin.com/creator-micro/creator-count/vertical-analysis?tabValue=creativity&areaId=602","2026-09-11T16:57:36.739Z"
"明星","14","蔡徐坤","231,235","692,536","10w+","统计周期： 2026-09-09","2","https://creator.douyin.com/creator-micro/creator-count/vertical-analysis?tabValue=creativity&areaId=602","2026-09-11T16:57:36.739Z"
"明星","15","歌手","228,316","578,458","12w+","统计周期： 2026-09-09","2","https://creator.douyin.com/creator-micro/creator-count/vertical-analysis?tabValue=creativity&areaId=602","2026-09-11T16:57:36.739Z"
"明星","16","演出","221,789","467,018","7w+","统计周期： 2026-09-09","2","https://creator.douyin.com/creator-micro/creator-count/vertical-analysis?tabValue=creativity&areaId=602","2026-09-11T16:57:36.739Z"
"明星","17","刘亦菲","202,129","610,029","6w+","统计周期： 2026-09-09","2","https://creator.douyin.com/creator-micro/creator-count/vertical-analysis?tabValue=creativity&areaId=602","2026-09-11T16:57:36.739Z"
"明星","18","鞠婧祎","189,270","586,467","14w+","统计周期： 2026-09-09","2","https://creator.douyin.com/creator-micro/creator-count/vertical-analysis?tabValue=creativity&areaId=602","2026-09-11T16:57:36.739Z"
"明星","19","张元英","183,547","571,735","8w+","统计周期： 2026-09-09","2","https://creator.douyin.com/creator-micro/creator-count/vertical-analysis?tabValue=creativity&areaId=602","2026-09-11T16:57:36.739Z"
"明星","20","肖战","179,515","547,384","18w+","统计周期： 2026-09-09","2","https://creator.douyin.com/creator-micro/creator-count/vertical-analysis?tabValue=creativity&areaId=602","2026-09-11T16:57:36.739Z"
"舞蹈","1","舞蹈","2,426,382","6,904,648","332w+","统计周期： 2026-09-09","1","https://creator.douyin.com/creator-micro/creator-count/vertical-analysis?tabValue=creativity&areaId=612","2026-09-11T16:57:40.087Z"
"舞蹈","2","跳舞","1,809,404","5,366,931","129w+","统计周期： 2026-09-09","1","https://creator.douyin.com/creator-micro/creator-count/vertical-analysis?tabValue=creativity&areaId=612","2026-09-11T16:57:40.087Z"
"舞蹈","3","广场","1,623,789","4,796,776","4w+","统计周期： 2026-09-09","1","https://creator.douyin.com/creator-micro/creator-count/vertical-analysis?tabValue=creativity&areaId=612","2026-09-11T16:57:40.087Z"
"舞蹈","4","手势舞","1,052,336","3,048,986","429w+","统计周期： 2026-09-09","1","https://creator.douyin.com/creator-micro/creator-count/vertical-analysis?tabValue=creativity&areaId=612","2026-09-11T16:57:40.087Z"
"舞蹈","5","舞台","929,672","2,416,048","29w+","统计周期： 2026-09-09","1","https://creator.douyin.com/creator-micro/creator-count/vertical-analysis?tabValue=creativity&areaId=612","2026-09-11T16:57:40.087Z"
"舞蹈","6","广场舞","736,851","2,272,785","7w+","统计周期： 2026-09-09","1","https://creator.douyin.com/creator-micro/creator-count/vertical-analysis?tabValue=creativity&areaId=612","2026-09-11T16:57:40.087Z"
"舞蹈","7","练习","517,364","1,140,920","9w+","统计周期： 2026-09-09","1","https://creator.douyin.com/creator-micro/creator-count/vertical-analysis?tabValue=creativity&areaId=612","2026-09-11T16:57:40.087Z"
"舞蹈","8","表演","470,297","1,122,664","5w+","统计周期： 2026-09-09","1","https://creator.douyin.com/creator-micro/creator-count/vertical-analysis?tabValue=creativity&areaId=612","2026-09-11T16:57:40.087Z"
"舞蹈","9","大舞台","440,000","1,305,134","5w+","统计周期： 2026-09-09","1","https://creator.douyin.com/creator-micro/creator-count/vertical-analysis?tabValue=creativity&areaId=612","2026-09-11T16:57:40.087Z"
"舞蹈","10","女团","199,299","567,061","15w+","统计周期： 2026-09-09","1","https://creator.douyin.com/creator-micro/creator-count/vertical-analysis?tabValue=creativity&areaId=612","2026-09-11T16:57:40.087Z"
"舞蹈","11","编舞","177,424","405,239","66w+","统计周期： 2026-09-09","2","https://creator.douyin.com/creator-micro/creator-count/vertical-analysis?tabValue=creativity&areaId=612","2026-09-11T16:57:40.399Z"
"舞蹈","12","舞蹈教学","123,677","399,582","7w+","统计周期： 2026-09-09","2","https://creator.douyin.com/creator-micro/creator-count/vertical-analysis?tabValue=creativity&areaId=612","2026-09-11T16:57:40.399Z"
"舞蹈","13","舞团","118,814","360,023","6w+","统计周期： 2026-09-09","2","https://creator.douyin.com/creator-micro/creator-count/vertical-analysis?tabValue=creativity&areaId=612","2026-09-11T16:57:40.399Z"
"舞蹈","14","拉丁","112,691","324,663","5w+","统计周期： 2026-09-09","2","https://creator.douyin.com/creator-micro/creator-count/vertical-analysis?tabValue=creativity&areaId=612","2026-09-11T16:57:40.399Z"
"舞蹈","15","律动","106,144","290,722","4w+","统计周期： 2026-09-09","2","https://creator.douyin.com/creator-micro/creator-count/vertical-analysis?tabValue=creativity&areaId=612","2026-09-11T16:57:40.399Z"
"舞蹈","16","蹦迪","104,327","246,600","4w+","统计周期： 2026-09-09","2","https://creator.douyin.com/creator-micro/creator-count/vertical-analysis?tabValue=creativity&areaId=612","2026-09-11T16:57:40.399Z"
"舞蹈","17","街舞","100,356","262,651","29w+","统计周期： 2026-09-09","2","https://creator.douyin.com/creator-micro/creator-count/vertical-analysis?tabValue=creativity&areaId=612","2026-09-11T16:57:40.399Z"
"舞蹈","18","舞蹈生","95,510","240,243","9w+","统计周期： 2026-09-09","2","https://creator.douyin.com/creator-micro/creator-count/vertical-analysis?tabValue=creativity&areaId=612","2026-09-11T16:57:40.399Z"
"舞蹈","19","基本功","74,545","125,556","12w+","统计周期： 2026-09-09","2","https://creator.douyin.com/creator-micro/creator-count/vertical-analysis?tabValue=creativity&areaId=612","2026-09-11T16:57:40.399Z"
"舞蹈","20","拉丁舞","68,074","193,507","11w+","统计周期： 2026-09-09","2","https://creator.douyin.com/creator-micro/creator-count/vertical-analysis?tabValue=creativity&areaId=612","2026-09-11T16:57:40.399Z"
"社会时政","1","国际","1,548,853","4,674,862","6w+","统计周期： 2026-09-09","1","https://creator.douyin.com/creator-micro/creator-count/vertical-analysis?tabValue=creativity&areaId=609","2026-09-11T16:57:43.779Z"
"社会时政","2","天气","1,465,329","3,888,442","10w+","统计周期： 2026-09-09","1","https://creator.douyin.com/creator-micro/creator-count/vertical-analysis?tabValue=creativity&areaId=609","2026-09-11T16:57:43.779Z"
"社会时政","3","医生","1,357,087","3,273,737","6w+","统计周期： 2026-09-09","1","https://creator.douyin.com/creator-micro/creator-count/vertical-analysis?tabValue=creativity&areaId=609","2026-09-11T16:57:43.779Z"
"社会时政","4","香港","1,135,094","3,342,884","5w+","统计周期： 2026-09-09","1","https://creator.douyin.com/creator-micro/creator-count/vertical-analysis?tabValue=creativity&areaId=609","2026-09-11T16:57:43.779Z"
"社会时政","5","美国","1,099,186","3,156,933","36w+","统计周期： 2026-09-09","1","https://creator.douyin.com/creator-micro/creator-count/vertical-analysis?tabValue=creativity&areaId=609","2026-09-11T16:57:43.779Z"
"社会时政","6","韩国","1,039,628","3,154,668","5w+","统计周期： 2026-09-09","1","https://creator.douyin.com/creator-micro/creator-count/vertical-analysis?tabValue=creativity&areaId=609","2026-09-11T16:57:43.779Z"
"社会时政","7","日本","938,809","2,782,699","17w+","统计周期： 2026-09-09","1","https://creator.douyin.com/creator-micro/creator-count/vertical-analysis?tabValue=creativity&areaId=609","2026-09-11T16:57:43.779Z"
"社会时政","8","司机","878,096","2,243,628","9w+","统计周期： 2026-09-09","1","https://creator.douyin.com/creator-micro/creator-count/vertical-analysis?tabValue=creativity&areaId=609","2026-09-11T16:57:43.779Z"
"社会时政","9","事故","813,236","2,354,323","6w+","统计周期： 2026-09-09","1","https://creator.douyin.com/creator-micro/creator-count/vertical-analysis?tabValue=creativity&areaId=609","2026-09-11T16:57:43.779Z"
"社会时政","10","全国","706,743","1,296,920","8w+","统计周期： 2026-09-09","1","https://creator.douyin.com/creator-micro/creator-count/vertical-analysis?tabValue=creativity&areaId=609","2026-09-11T16:57:43.779Z"
"社会时政","11","热点","683,029","924,514","16w+","统计周期： 2026-09-09","2","https://creator.douyin.com/creator-micro/creator-count/vertical-analysis?tabValue=creativity&areaId=609","2026-09-11T16:57:44.087Z"
"社会时政","12","警察","638,593","1,749,748","9w+","统计周期： 2026-09-09","2","https://creator.douyin.com/creator-micro/creator-count/vertical-analysis?tabValue=creativity&areaId=609","2026-09-11T16:57:44.087Z"
"社会时政","13","印度","611,889","1,914,709","7w+","统计周期： 2026-09-09","2","https://creator.douyin.com/creator-micro/creator-count/vertical-analysis?tabValue=creativity&areaId=609","2026-09-11T16:57:44.087Z"
"社会时政","14","全球","573,400","1,386,701","9w+","统计周期： 2026-09-09","2","https://creator.douyin.com/creator-micro/creator-count/vertical-analysis?tabValue=creativity&areaId=609","2026-09-11T16:57:44.087Z"
"社会时政","15","伊朗","566,145","1,731,628","12w+","统计周期： 2026-09-09","2","https://creator.douyin.com/creator-micro/creator-count/vertical-analysis?tabValue=creativity&areaId=609","2026-09-11T16:57:44.087Z"
"社会时政","16","新闻","561,186","1,516,657","23w+","统计周期： 2026-09-09","2","https://creator.douyin.com/creator-micro/creator-count/vertical-analysis?tabValue=creativity&areaId=609","2026-09-11T16:57:44.087Z"
"社会时政","17","地震","554,876","1,762,785","4w+","统计周期： 2026-09-09","2","https://creator.douyin.com/creator-micro/creator-count/vertical-analysis?tabValue=creativity&areaId=609","2026-09-11T16:57:44.087Z"
"社会时政","18","交通","498,986","1,228,451","7w+","统计周期： 2026-09-09","2","https://creator.douyin.com/creator-micro/creator-count/vertical-analysis?tabValue=creativity&areaId=609","2026-09-11T16:57:44.087Z"
"社会时政","19","英国","467,315","1,391,769","4w+","统计周期： 2026-09-09","2","https://creator.douyin.com/creator-micro/creator-count/vertical-analysis?tabValue=creativity&areaId=609","2026-09-11T16:57:44.087Z"
"社会时政","20","案件","399,212","1,179,152","5w+","统计周期： 2026-09-09","2","https://creator.douyin.com/creator-micro/creator-count/vertical-analysis?tabValue=creativity&areaId=609","2026-09-11T16:57:44.087Z"
"时尚","1","穿搭","4,788,908","8,484,571","490w+","统计周期： 2026-09-09","1","https://creator.douyin.com/creator-micro/creator-count/vertical-analysis?tabValue=creativity&areaId=631","2026-09-11T16:57:52.667Z"
"时尚","2","衣服","2,895,713","7,352,522","190w+","统计周期： 2026-09-09","1","https://creator.douyin.com/creator-micro/creator-count/vertical-analysis?tabValue=creativity&areaId=631","2026-09-11T16:57:52.667Z"
"时尚","3","外套","2,827,325","7,929,388","59w+","统计周期： 2026-09-09","1","https://creator.douyin.com/creator-micro/creator-count/vertical-analysis?tabValue=creativity&areaId=631","2026-09-11T16:57:52.667Z"
"时尚","4","女装","2,585,299","7,768,710","181w+","统计周期： 2026-09-09","1","https://creator.douyin.com/creator-micro/creator-count/vertical-analysis?tabValue=creativity&areaId=631","2026-09-11T16:57:52.667Z"
"时尚","5","裤子","2,003,236","5,548,487","130w+","统计周期： 2026-09-09","1","https://creator.douyin.com/creator-micro/creator-count/vertical-analysis?tabValue=creativity&areaId=631","2026-09-11T16:57:52.667Z"
"时尚","6","套装","1,970,901","5,229,112","61w+","统计周期： 2026-09-09","1","https://creator.douyin.com/creator-micro/creator-count/vertical-analysis?tabValue=creativity&areaId=631","2026-09-11T16:57:52.667Z"
"时尚","7","男士","1,929,532","4,297,239","69w+","统计周期： 2026-09-09","1","https://creator.douyin.com/creator-micro/creator-count/vertical-analysis?tabValue=creativity&areaId=631","2026-09-11T16:57:52.667Z"
"时尚","8","高级感","1,387,047","3,350,224","130w+","统计周期： 2026-09-09","1","https://creator.douyin.com/creator-micro/creator-count/vertical-analysis?tabValue=creativity&areaId=631","2026-09-11T16:57:52.667Z"
"时尚","9","上衣","1,355,087","3,459,819","89w+","统计周期： 2026-09-09","1","https://creator.douyin.com/creator-micro/creator-count/vertical-analysis?tabValue=creativity&areaId=631","2026-09-11T16:57:52.667Z"
"时尚","10","搭配","1,227,817","2,051,343","55w+","统计周期： 2026-09-09","1","https://creator.douyin.com/creator-micro/creator-count/vertical-analysis?tabValue=creativity&areaId=631","2026-09-11T16:57:52.667Z"
"时尚","11","黑色","1,155,922","3,151,138","53w+","统计周期： 2026-09-09","2","https://creator.douyin.com/creator-micro/creator-count/vertical-analysis?tabValue=creativity&areaId=631","2026-09-11T16:57:52.961Z"
"时尚","12","美甲","1,088,529","3,125,408","116w+","统计周期： 2026-09-09","2","https://creator.douyin.com/creator-micro/creator-count/vertical-analysis?tabValue=creativity&areaId=631","2026-09-11T16:57:52.961Z"
"时尚","13","百搭","1,077,793","761,119","107w+","统计周期： 2026-09-09","2","https://creator.douyin.com/creator-micro/creator-count/vertical-analysis?tabValue=creativity&areaId=631","2026-09-11T16:57:52.961Z"
"时尚","14","牛仔裤","979,920","2,509,073","90w+","统计周期： 2026-09-09","2","https://creator.douyin.com/creator-micro/creator-count/vertical-analysis?tabValue=creativity&areaId=631","2026-09-11T16:57:52.961Z"
"时尚","15","显瘦","953,122","709,165","95w+","统计周期： 2026-09-09","2","https://creator.douyin.com/creator-micro/creator-count/vertical-analysis?tabValue=creativity&areaId=631","2026-09-11T16:57:52.961Z"
"时尚","16","头发","799,549","1,886,367","111w+","统计周期： 2026-09-09","2","https://creator.douyin.com/creator-micro/creator-count/vertical-analysis?tabValue=creativity&areaId=631","2026-09-11T16:57:52.961Z"
"时尚","17","时尚","758,973","865,533","132w+","统计周期： 2026-09-09","2","https://creator.douyin.com/creator-micro/creator-count/vertical-analysis?tabValue=creativity&areaId=631","2026-09-11T16:57:52.961Z"
"时尚","18","男装","684,094","1,708,652","62w+","统计周期： 2026-09-09","2","https://creator.douyin.com/creator-micro/creator-count/vertical-analysis?tabValue=creativity&areaId=631","2026-09-11T16:57:52.961Z"
"时尚","19","服装","645,943","1,701,867","58w+","统计周期： 2026-09-09","2","https://creator.douyin.com/creator-micro/creator-count/vertical-analysis?tabValue=creativity&areaId=631","2026-09-11T16:57:52.961Z"
"时尚","20","发型","619,344","1,439,164","171w+","统计周期： 2026-09-09","2","https://creator.douyin.com/creator-micro/creator-count/vertical-analysis?tabValue=creativity&areaId=631","2026-09-11T16:57:52.961Z"
"休闲娱乐","1","电影","2,405,038","6,777,087","4w+","统计周期： 2026-09-09","1","https://creator.douyin.com/creator-micro/creator-count/vertical-analysis?tabValue=creativity&areaId=634","2026-09-11T16:57:56.330Z"
"休闲娱乐","2","名场面","1,761,400","5,049,764","2w+","统计周期： 2026-09-09","1","https://creator.douyin.com/creator-micro/creator-count/vertical-analysis?tabValue=creativity&areaId=634","2026-09-11T16:57:56.330Z"
"休闲娱乐","3","电竞","1,126,271","3,387,339","18w+","统计周期： 2026-09-09","1","https://creator.douyin.com/creator-micro/creator-count/vertical-analysis?tabValue=creativity&areaId=634","2026-09-11T16:57:56.330Z"
"休闲娱乐","4","重生","1,032,196","2,449,311","<1w","统计周期： 2026-09-09","1","https://creator.douyin.com/creator-micro/creator-count/vertical-analysis?tabValue=creativity&areaId=634","2026-09-11T16:57:56.330Z"
"休闲娱乐","5","功夫","645,963","1,684,276","<1w","统计周期： 2026-09-09","1","https://creator.douyin.com/creator-micro/creator-count/vertical-analysis?tabValue=creativity&areaId=634","2026-09-11T16:57:56.330Z"
"休闲娱乐","6","模仿","608,416","1,614,065","<1w","统计周期： 2026-09-09","1","https://creator.douyin.com/creator-micro/creator-count/vertical-analysis?tabValue=creativity&areaId=634","2026-09-11T16:57:56.330Z"
"休闲娱乐","7","影视","563,694","748,948","<1w","统计周期： 2026-09-09","1","https://creator.douyin.com/creator-micro/creator-count/vertical-analysis?tabValue=creativity&areaId=634","2026-09-11T16:57:56.330Z"
"休闲娱乐","8","追剧","527,105","454,297","<1w","统计周期： 2026-09-09","1","https://creator.douyin.com/creator-micro/creator-count/vertical-analysis?tabValue=creativity&areaId=634","2026-09-11T16:57:56.330Z"
"休闲娱乐","9","封神","388,945","975,522","<1w","统计周期： 2026-09-09","1","https://creator.douyin.com/creator-micro/creator-count/vertical-analysis?tabValue=creativity&areaId=634","2026-09-11T16:57:56.330Z"
"休闲娱乐","10","王国","385,110","1,156,213","<1w","统计周期： 2026-09-09","1","https://creator.douyin.com/creator-micro/creator-count/vertical-analysis?tabValue=creativity&areaId=634","2026-09-11T16:57:56.330Z"
"休闲娱乐","11","综艺","363,369","898,014","<1w","统计周期： 2026-09-09","2","https://creator.douyin.com/creator-micro/creator-count/vertical-analysis?tabValue=creativity&areaId=634","2026-09-11T16:57:56.630Z"
"休闲娱乐","12","花絮","359,171","1,012,835","<1w","统计周期： 2026-09-09","2","https://creator.douyin.com/creator-micro/creator-count/vertical-analysis?tabValue=creativity&areaId=634","2026-09-11T16:57:56.630Z"
"休闲娱乐","13","剧场","338,513","583,531","4w+","统计周期： 2026-09-09","2","https://creator.douyin.com/creator-micro/creator-count/vertical-analysis?tabValue=creativity&areaId=634","2026-09-11T16:57:56.630Z"
"休闲娱乐","14","魔术","295,303","789,946","<1w","统计周期： 2026-09-09","2","https://creator.douyin.com/creator-micro/creator-count/vertical-analysis?tabValue=creativity&areaId=634","2026-09-11T16:57:56.630Z"
"休闲娱乐","15","魔法","253,980","686,440","<1w","统计周期： 2026-09-09","2","https://creator.douyin.com/creator-micro/creator-count/vertical-analysis?tabValue=creativity&areaId=634","2026-09-11T16:57:56.630Z"
"休闲娱乐","16","西游记","245,428","669,372","<1w","统计周期： 2026-09-09","2","https://creator.douyin.com/creator-micro/creator-count/vertical-analysis?tabValue=creativity&areaId=634","2026-09-11T16:57:56.630Z"
"休闲娱乐","17","观影","179,424","149,999","3w+","统计周期： 2026-09-09","2","https://creator.douyin.com/creator-micro/creator-count/vertical-analysis?tabValue=creativity&areaId=634","2026-09-11T16:57:56.630Z"
"休闲娱乐","18","king","170,934","499,257","<1w","统计周期： 2026-09-09","2","https://creator.douyin.com/creator-micro/creator-count/vertical-analysis?tabValue=creativity&areaId=634","2026-09-11T16:57:56.630Z"
"休闲娱乐","19","上瘾","151,726","38,982","<1w","统计周期： 2026-09-09","2","https://creator.douyin.com/creator-micro/creator-count/vertical-analysis?tabValue=creativity&areaId=634","2026-09-11T16:57:56.630Z"
"休闲娱乐","20","影院","142,746","399,916","6w+","统计周期： 2026-09-09","2","https://creator.douyin.com/creator-micro/creator-count/vertical-analysis?tabValue=creativity&areaId=634","2026-09-11T16:57:56.630Z"
"汽车","1","新款","4,255,551","10,749,260","40w+","统计周期： 2026-09-09","1","https://creator.douyin.com/creator-micro/creator-count/vertical-analysis?tabValue=creativity&areaId=635","2026-09-11T16:58:00.002Z"
"汽车","2","汽车","2,571,579","6,294,319","205w+","统计周期： 2026-09-09","1","https://creator.douyin.com/creator-micro/creator-count/vertical-analysis?tabValue=creativity&areaId=635","2026-09-11T16:58:00.002Z"
"汽车","3","摩托","1,276,336","3,649,209","46w+","统计周期： 2026-09-09","1","https://creator.douyin.com/creator-micro/creator-count/vertical-analysis?tabValue=creativity&areaId=635","2026-09-11T16:58:00.002Z"
"汽车","4","摩托车","988,111","2,813,366","148w+","统计周期： 2026-09-09","1","https://creator.douyin.com/creator-micro/creator-count/vertical-analysis?tabValue=creativity&areaId=635","2026-09-11T16:58:00.002Z"
"汽车","5","宝马","761,014","2,354,394","70w+","统计周期： 2026-09-09","1","https://creator.douyin.com/creator-micro/creator-count/vertical-analysis?tabValue=creativity&areaId=635","2026-09-11T16:58:00.002Z"
"汽车","6","奔驰","732,695","2,251,003","56w+","统计周期： 2026-09-09","1","https://creator.douyin.com/creator-micro/creator-count/vertical-analysis?tabValue=creativity&areaId=635","2026-09-11T16:58:00.002Z"
"汽车","7","奥迪","709,729","2,216,545","53w+","统计周期： 2026-09-09","1","https://creator.douyin.com/creator-micro/creator-count/vertical-analysis?tabValue=creativity&areaId=635","2026-09-11T16:58:00.002Z"
"汽车","8","二手车","684,360","1,978,262","217w+","统计周期： 2026-09-09","1","https://creator.douyin.com/creator-micro/creator-count/vertical-analysis?tabValue=creativity&areaId=635","2026-09-11T16:58:00.002Z"
"汽车","9","大众","677,375","1,976,940","34w+","统计周期： 2026-09-09","1","https://creator.douyin.com/creator-micro/creator-count/vertical-analysis?tabValue=creativity&areaId=635","2026-09-11T16:58:00.002Z"
"汽车","10","租车","589,024","1,865,843","26w+","统计周期： 2026-09-09","1","https://creator.douyin.com/creator-micro/creator-count/vertical-analysis?tabValue=creativity&areaId=635","2026-09-11T16:58:00.002Z"
"汽车","11","比亚迪","581,678","1,842,625","42w+","统计周期： 2026-09-09","2","https://creator.douyin.com/creator-micro/creator-count/vertical-analysis?tabValue=creativity&areaId=635","2026-09-11T16:58:00.331Z"
"汽车","12","三轮车","483,748","1,430,680","55w+","统计周期： 2026-09-09","2","https://creator.douyin.com/creator-micro/creator-count/vertical-analysis?tabValue=creativity&areaId=635","2026-09-11T16:58:00.331Z"
"汽车","13","特斯拉","432,928","1,342,077","32w+","统计周期： 2026-09-09","2","https://creator.douyin.com/creator-micro/creator-count/vertical-analysis?tabValue=creativity&areaId=635","2026-09-11T16:58:00.331Z"
"汽车","14","机车","426,115","1,107,755","138w+","统计周期： 2026-09-09","2","https://creator.douyin.com/creator-micro/creator-count/vertical-analysis?tabValue=creativity&areaId=635","2026-09-11T16:58:00.331Z"
"汽车","15","吉利","424,842","1,319,181","24w+","统计周期： 2026-09-09","2","https://creator.douyin.com/creator-micro/creator-count/vertical-analysis?tabValue=creativity&areaId=635","2026-09-11T16:58:00.331Z"
"汽车","16","本田","405,859","1,276,725","46w+","统计周期： 2026-09-09","2","https://creator.douyin.com/creator-micro/creator-count/vertical-analysis?tabValue=creativity&areaId=635","2026-09-11T16:58:00.331Z"
"汽车","17","丰田","349,617","1,065,779","34w+","统计周期： 2026-09-09","2","https://creator.douyin.com/creator-micro/creator-count/vertical-analysis?tabValue=creativity&areaId=635","2026-09-11T16:58:00.331Z"
"汽车","18","电车","335,305","950,583","38w+","统计周期： 2026-09-09","2","https://creator.douyin.com/creator-micro/creator-count/vertical-analysis?tabValue=creativity&areaId=635","2026-09-11T16:58:00.331Z"
"汽车","19","新能源","332,730","822,769","51w+","统计周期： 2026-09-09","2","https://creator.douyin.com/creator-micro/creator-count/vertical-analysis?tabValue=creativity&areaId=635","2026-09-11T16:58:00.331Z"
"汽车","20","雅迪","323,419","1,021,678","33w+","统计周期： 2026-09-09","2","https://creator.douyin.com/creator-micro/creator-count/vertical-analysis?tabValue=creativity&areaId=635","2026-09-11T16:58:00.331Z"
