"关键词","读取状态","搜索均值","搜索同比","搜索环比","综合均值","综合同比","综合环比","区间","来源","观察时间"
"历史人物","indexed","13.4万","+100.19%","-0.11%","6.6万","+55.58%","-3.08%","2026-08-10 ~ 2026-09-10","https://creator.douyin.com/creator-micro/creator-count/arithmetic-index/analysis?source=creator&keyword=%E5%8E%86%E5%8F%B2%E4%BA%BA%E7%89%A9&appName=aweme","2026-09-11T17:03:16.666Z"
"历史","indexed","246.4万","+17.26%","-9.25%","114.2万","+16.57%","-3.63%","2026-08-10 ~ 2026-09-10","https://creator.douyin.com/creator-micro/creator-count/arithmetic-index/analysis?source=creator&keyword=%E5%8E%86%E5%8F%B2&appName=aweme","2026-09-11T17:02:42.971Z"
"科普","indexed","72.0万","+5.20%","-9.60%","72.8万","+4.93%","-5.75%","2026-08-10 ~ 2026-09-10","https://creator.douyin.com/creator-micro/creator-count/arithmetic-index/analysis?source=creator&keyword=%E7%A7%91%E6%99%AE&appName=aweme","2026-09-11T17:08:05.979Z"
"地图","indexed","215.5万","+1.95%","-4.05%","76.4万","-7.30%","-7.22%","2026-08-10 ~ 2026-09-10","https://creator.douyin.com/creator-micro/creator-count/arithmetic-index/analysis?source=creator&keyword=%E5%9C%B0%E5%9B%BE&appName=aweme","2026-09-11T17:09:22.026Z"
"历史故事","indexed","16.6万","+176.90%","-19.06%","7.6万","+102.68%","-19.66%","2026-08-10 ~ 2026-09-10","https://creator.douyin.com/creator-micro/creator-count/arithmetic-index/analysis?source=creator&keyword=%E5%8E%86%E5%8F%B2%E6%95%85%E4%BA%8B&appName=aweme","2026-09-11T17:10:11.399Z"
"影视剧解说","indexed","3399","-27.48%","+48.62%","2123","+4.27%","+3.92%","2026-08-10 ~ 2026-09-10","https://creator.douyin.com/creator-micro/creator-count/arithmetic-index/analysis?source=creator&keyword=%E5%BD%B1%E8%A7%86%E5%89%A7%E8%A7%A3%E8%AF%B4&appName=aweme","2026-09-11T17:10:41.225Z"
"电影解说","indexed","72.9万","-33.18%","-9.71%","27.5万","-31.78%","-14.18%","2026-08-10 ~ 2026-09-10","https://creator.douyin.com/creator-micro/creator-count/arithmetic-index/analysis?source=creator&keyword=%E7%94%B5%E5%BD%B1%E8%A7%A3%E8%AF%B4&appName=aweme","2026-09-11T17:10:55.558Z"
"科普动画","indexed","3174","-16.78%","-8.85%","1842","-14.37%","-0.75%","2026-08-10 ~ 2026-09-10","https://creator.douyin.com/creator-micro/creator-count/arithmetic-index/analysis?source=creator&keyword=%E7%A7%91%E6%99%AE%E5%8A%A8%E7%94%BB&appName=aweme","2026-09-11T17:10:57.091Z"
"动物科普","indexed","7058","-44.28%","-22.73%","1.7万","-3.69%","-11.18%","2026-08-10 ~ 2026-09-10","https://creator.douyin.com/creator-micro/creator-count/arithmetic-index/analysis?source=creator&keyword=%E5%8A%A8%E7%89%A9%E7%A7%91%E6%99%AE&appName=aweme","2026-09-11T17:10:58.616Z"
"听书","indexed","21.9万","-6.04%","-1.09%","8.7万","-11.77%","-4.76%","2026-08-10 ~ 2026-09-10","https://creator.douyin.com/creator-micro/creator-count/arithmetic-index/analysis?source=creator&keyword=%E5%90%AC%E4%B9%A6&appName=aweme","2026-09-11T17:11:00.194Z"
"诗词","indexed","21.7万","-6.38%","-8.29%","11.1万","+2.17%","-1.77%","2026-08-10 ~ 2026-09-10","https://creator.douyin.com/creator-micro/creator-count/arithmetic-index/analysis?source=creator&keyword=%E8%AF%97%E8%AF%8D&appName=aweme","2026-09-11T17:11:28.149Z"
"非遗","indexed","29.4万","+11.75%","-11.55%","22.9万","+12.08%","-6.16%","2026-08-10 ~ 2026-09-10","https://creator.douyin.com/creator-micro/creator-count/arithmetic-index/analysis?source=creator&keyword=%E9%9D%9E%E9%81%97&appName=aweme","2026-09-11T17:11:29.937Z"
"宇宙","indexed","105.6万","+0.32%","-15.74%","42.9万","+10.15%","-15.08%","2026-08-10 ~ 2026-09-10","https://creator.douyin.com/creator-micro/creator-count/arithmetic-index/analysis?source=creator&keyword=%E5%AE%87%E5%AE%99&appName=aweme","2026-09-11T17:11:34.685Z"
"天文","indexed","21.8万","+46.07%","+13.69%","8.1万","+25.96%","+14.48%","2026-08-10 ~ 2026-09-10","https://creator.douyin.com/creator-micro/creator-count/arithmetic-index/analysis?source=creator&keyword=%E5%A4%A9%E6%96%87&appName=aweme","2026-09-11T17:16:20.750Z"
"苏轼","indexed","5.2万","+8.41%","+6.87%","2.1万","+3.33%","+2.00%","2026-08-10 ~ 2026-09-10","https://creator.douyin.com/creator-micro/creator-count/arithmetic-index/analysis?source=creator&keyword=%E8%8B%8F%E8%BD%BC&appName=aweme","2026-09-11T17:11:38.282Z"
"配音","indexed","154.3万","-12.07%","-12.63%","60.1万","-5.99%","-10.67%","2026-08-10 ~ 2026-09-10","https://creator.douyin.com/creator-micro/creator-count/arithmetic-index/analysis?source=creator&keyword=%E9%85%8D%E9%9F%B3&appName=aweme","2026-09-11T17:12:32.587Z"
"分镜","indexed","1.4万","+219.14%","-27.21%","1.0万","+301.12%","-12.82%","2026-08-10 ~ 2026-09-10","https://creator.douyin.com/creator-micro/creator-count/arithmetic-index/analysis?source=creator&keyword=%E5%88%86%E9%95%9C&appName=aweme","2026-09-11T17:12:34.188Z"
"字幕","indexed","13.3万","-6.51%","-7.83%","5.0万","-6.18%","-6.25%","2026-08-10 ~ 2026-09-10","https://creator.douyin.com/creator-micro/creator-count/arithmetic-index/analysis?source=creator&keyword=%E5%AD%97%E5%B9%95&appName=aweme","2026-09-11T17:12:35.802Z"
"剪辑","indexed","249.0万","-9.29%","-10.13%","91.5万","-6.66%","-9.73%","2026-08-10 ~ 2026-09-10","https://creator.douyin.com/creator-micro/creator-count/arithmetic-index/analysis?source=creator&keyword=%E5%89%AA%E8%BE%91&appName=aweme","2026-09-11T17:12:37.621Z"
"修仙","indexed","191.0万","-41.63%","-11.64%","66.1万","-38.88%","-10.85%","2026-08-10 ~ 2026-09-10","https://creator.douyin.com/creator-micro/creator-count/arithmetic-index/analysis?source=creator&keyword=%E4%BF%AE%E4%BB%99&appName=aweme","2026-09-11T17:15:06.826Z"
"绘本","indexed","29.6万","+17.52%","-0.81%","11.4万","+25.56%","-0.23%","2026-08-10 ~ 2026-09-10","https://creator.douyin.com/creator-micro/creator-count/arithmetic-index/analysis?source=creator&keyword=%E7%BB%98%E6%9C%AC&appName=aweme","2026-09-11T17:15:11.613Z"
"历史人文","indexed","417","+233.60%","+9.74%","1009","+203.92%","+28.21%","2026-08-10 ~ 2026-09-10","https://creator.douyin.com/creator-micro/creator-count/arithmetic-index/analysis?source=creator&keyword=%E5%8E%86%E5%8F%B2%E4%BA%BA%E6%96%87&appName=aweme","2026-09-11T17:15:19.344Z"
"儿童英语启蒙","indexed","1.9万","+107.41%","-1.09%","7054","+101.08%","-5.75%","2026-08-10 ~ 2026-09-10","https://creator.douyin.com/creator-micro/creator-count/arithmetic-index/analysis?source=creator&keyword=%E5%84%BF%E7%AB%A5%E8%8B%B1%E8%AF%AD%E5%90%AF%E8%92%99&appName=aweme","2026-09-11T17:16:05.779Z"
"历史民间故事","indexed","132","-20.00%","-21.43%","41","-22.64%","-28.07%","2026-08-10 ~ 2026-09-10","https://creator.douyin.com/creator-micro/creator-count/arithmetic-index/analysis?source=creator&keyword=%E5%8E%86%E5%8F%B2%E6%B0%91%E9%97%B4%E6%95%85%E4%BA%8B&appName=aweme","2026-09-11T17:16:07.403Z"
"动物纪录片","indexed","3627","-23.80%","-27.10%","1845","-13.79%","-30.11%","2026-08-10 ~ 2026-09-10","https://creator.douyin.com/creator-micro/creator-count/arithmetic-index/analysis?source=creator&keyword=%E5%8A%A8%E7%89%A9%E7%BA%AA%E5%BD%95%E7%89%87&appName=aweme","2026-09-11T17:16:08.916Z"
"人文纪录片","indexed","355","+151.77%","-5.33%","158","+68.09%","-48.70%","2026-08-10 ~ 2026-09-10","https://creator.douyin.com/creator-micro/creator-count/arithmetic-index/analysis?source=creator&keyword=%E4%BA%BA%E6%96%87%E7%BA%AA%E5%BD%95%E7%89%87&appName=aweme","2026-09-11T17:16:10.435Z"
"数据可视化","indexed","1120","-54.25%","-21.46%","1835","-36.79%","-26.19%","2026-08-10 ~ 2026-09-10","https://creator.douyin.com/creator-micro/creator-count/arithmetic-index/analysis?source=creator&keyword=%E6%95%B0%E6%8D%AE%E5%8F%AF%E8%A7%86%E5%8C%96&appName=aweme","2026-09-11T17:16:11.968Z"
"科幻","indexed","5.6万","-10.67%","-11.32%","4.4万","+4.04%","+2.25%","2026-08-10 ~ 2026-09-10","https://creator.douyin.com/creator-micro/creator-count/arithmetic-index/analysis?source=creator&keyword=%E7%A7%91%E5%B9%BB&appName=aweme","2026-09-11T17:16:13.823Z"
"植物","indexed","217.1万","-0.25%","+12.94%","82.8万","-0.04%","+10.53%","2026-08-10 ~ 2026-09-10","https://creator.douyin.com/creator-micro/creator-count/arithmetic-index/analysis?source=creator&keyword=%E6%A4%8D%E7%89%A9&appName=aweme","2026-09-11T17:16:25.672Z"
"汽车知识","indexed","1.1万","-18.23%","+16.78%","3.5万","+1.52%","+6.20%","2026-08-10 ~ 2026-09-10","https://creator.douyin.com/creator-micro/creator-count/arithmetic-index/analysis?source=creator&keyword=%E6%B1%BD%E8%BD%A6%E7%9F%A5%E8%AF%86&appName=aweme","2026-09-11T17:16:27.239Z"
"减脂","indexed","125.7万","+31.48%","-15.48%","51.5万","+38.19%","-13.26%","2026-08-10 ~ 2026-09-10","https://creator.douyin.com/creator-micro/creator-count/arithmetic-index/analysis?source=creator&keyword=%E5%87%8F%E8%84%82&appName=aweme","2026-09-11T17:16:29.141Z"
"育儿","indexed","23.4万","-87.38%","-29.02%","22.3万","-69.13%","-16.88%","2026-08-10 ~ 2026-09-10","https://creator.douyin.com/creator-micro/creator-count/arithmetic-index/analysis?source=creator&keyword=%E8%82%B2%E5%84%BF&appName=aweme","2026-09-11T17:16:30.943Z"
