"方向","领域","消费问题","已见用词","制作任务","AI支持","交付形态","回访理由","人工供给","缺口依据","下一条观察","来源JSON"
"历史人物的选择与处境","历史与文化","这个人物为什么做出这些选择，他与同时代的人有什么区别？","王阳明；知行合一；历史人物","整理人物时间线与关键争议；核对行为、背景和因果；把人物图、关系图与讲述脚本对应","辅助整理已给出的史料、制作人物与场景示意；不能生成证据。 未知：本组未取得消费者内容的明确AI生成声明，或只有工具/关键词材料","人物系列＋时间线＋出处卡。人物理解需要前后因果，单张肖像无法承载；章节和时间线便于回看。","沿人物经历或同一时代人物继续看；可观察行为：继续阅读下一章、比较人物、带出处提问。待观察，不等于已证明复访","史料选择与不同说法对照；人物评价与虚构画面标识","人物讲述与肖像/信息图供给都已出现。 没有证明观众缺哪类人物内容，或愿意转站追更。","检查同一作者连续3期的普通评论是否追问人物后续；区分考据纠错、价值讨论和一般赞美","[{""id"":""DC-001"",""url"":""https://www.douyin.com/video/7664551837873261858"",""platformId"":""douyin"",""evidenceDepth"":""listing"",""role"":""consumer-content-title"",""recordLocator"":""douyin-observed.json / samples / DC-001""},{""id"":""cn-jimeng-09"",""url"":""https://jimeng.jianying.com/ai-tool/work-detail/7649030276185656627?itemType=9&workDetailType=Image"",""platformId"":""jimeng"",""evidenceDepth"":""detail"",""role"":""competitor-supply"",""recordLocator"":""china-samples.json / samples / cn-jimeng-09""},{""id"":""gl-seaart-13"",""url"":""https://www.seaart.ai/explore/detail/cugas1le878c73dir0hg?source=share_link"",""platformId"":""seaart"",""evidenceDepth"":""detail"",""role"":""competitor-supply"",""recordLocator"":""global-samples.json / samples / gl-seaart-13""}]"
"战争与政权演变的地图讲解","历史与文化","各方在哪里、为什么交战，局势怎样一步步变化？","赤壁之战；地图；八王之乱","核对时代地名、范围与兵力说法；按事件节点制作路线和图层；把时间、地图与解说同步","可辅助地图样式、动画和分镜；真实地理与事件关系要独立核验。 未知：本组未取得消费者内容的明确AI生成声明，或只有工具/关键词材料","分段地图动画＋可回看的时间轴。观看者需要定位空间关系，地图应随事件变化，并允许暂停核对。","同一时间线继续推进或补看前因；可观察行为：从下一场战役返回前一节点、提出路线或因果问题。待观察，不等于已证明复访","史料与地图校核；区分传说、游戏叙事与史实","八王之乱详情已有历史评价评论；赤壁条目还带游戏标签。 评论未显示地图是否看懂；现有动画供给是否不足未知。","读取同类地图内容中对方位、节奏、因果的困惑；对照战争分镜能否支撑一个完整节点而非仅漂亮镜头","[{""id"":""DC-007"",""url"":""https://www.douyin.com/video/7659012964128722191"",""platformId"":""douyin"",""evidenceDepth"":""listing"",""role"":""consumer-content-title"",""recordLocator"":""douyin-observed.json / samples / DC-007""},{""id"":""DC-015"",""url"":""https://www.douyin.com/video/7662693254986501382"",""platformId"":""douyin"",""evidenceDepth"":""detail-text-comments"",""role"":""consumer-content-and-visible-comments"",""recordLocator"":""douyin-observed.json / samples / DC-015""},{""id"":""cn-jimeng-03"",""url"":""https://jimeng.jianying.com/ai-tool/work-detail/7622187414223736102?itemType=53&workDetailType=AiVideo"",""platformId"":""jimeng"",""evidenceDepth"":""detail"",""role"":""competitor-supply"",""recordLocator"":""china-samples.json / samples / cn-jimeng-03""},{""id"":""cn-jimeng-06"",""url"":""https://jimeng.jianying.com/ai-tool/work-detail/7654622192352644390?itemType=9&workDetailType=Image"",""platformId"":""jimeng"",""evidenceDepth"":""detail"",""role"":""competitor-supply"",""recordLocator"":""china-samples.json / samples / cn-jimeng-06""},{""id"":""gl-openart-11"",""url"":""https://openart.ai/blog/post/stable-diffusion-prompts-for-map"",""platformId"":""openart"",""evidenceDepth"":""detail"",""role"":""competitor-supply"",""recordLocator"":""global-samples.json / samples / gl-openart-11""}]"
"文物与古代器物解读","历史与文化","这件器物怎么使用，哪些细节说明了它的时代和用途？","古代战舰；古玩","取得展品资料与细节图；拆解构造、用途和流传经历；标明推测复原与实物证据","辅助剖面、局部放大和历史场景示意；样本未验证准确器物复原。 未知：本组未取得消费者内容的明确AI生成声明，或只有工具/关键词材料","实物细节卡＋结构示意＋讲解短片。器物理解依赖细部对照，应让解释落到可见位置，避免只呈现气氛画面。","按收藏主题、展览或器物类别继续探索；可观察行为：收藏展品索引、到馆后查阅、提出细节问题。待观察，不等于已证明复访","展品许可与来源；年代、结构和用途考证","有战舰讲解、文物议题短片与古玩关键词。 没有证明文博解释不足；生成博物馆场景也不能替代展品知识。","观察参观前后用户问的是路线、器物用途还是复制资源；核查3件器物的公开解释是否能逐项对应实物细节","[{""id"":""DC-160"",""url"":""https://www.douyin.com/video/7666781839138344227"",""platformId"":""douyin"",""evidenceDepth"":""listing"",""role"":""consumer-content-title"",""recordLocator"":""douyin-observed.json / samples / DC-160""},{""id"":""DG-文化-2"",""url"":""https://creator.douyin.com/creator-micro/creator-count/vertical-analysis?tabValue=creativity&areaId=624"",""platformId"":""douyin"",""evidenceDepth"":""keyword-guide"",""role"":""topic-keyword-only"",""recordLocator"":""douyin-observed.json / guide / 文化 / page 2"",""period"":""统计周期： 2026-09-09""},{""id"":""cn-kling-06"",""url"":""https://m.thepaper.cn/newsDetail_forward_33577472"",""platformId"":""kling"",""evidenceDepth"":""listing"",""role"":""competitor-supply"",""recordLocator"":""china-samples.json / samples / cn-kling-06""},{""id"":""gl-seaart-11"",""url"":""https://www.seaart.ai/explore/detail/cj67oep4msbabq81epi0"",""platformId"":""seaart"",""evidenceDepth"":""detail"",""role"":""competitor-supply"",""recordLocator"":""global-samples.json / samples / gl-seaart-11""}]"
"地方沿革与文化旅行","历史与文化","一个地方为什么长成今天这样，哪些地点值得带着背景去看？","西安东郊；伊斯坦布尔；文脉里的中国","整理地名、街区与年代变化；把故事关联到实际地点；分别提供文化阅读与可执行出行信息","辅助旧貌示意、关系图和视觉叙事；不能凭生成画面补造当地事实。 未知：本组未取得消费者内容的明确AI生成声明，或只有工具/关键词材料","城市专题＋新旧地图对照＋地点索引。地点天然相互关联；专题适合文化阅读，地图索引方便去现场时再次使用。","换城区、换地点或旅行前后再次查询；可观察行为：按路线串读、补充现场信息、更新失效说明。待观察，不等于已证明复访","本地资料与现场核对；时效信息维护","已见城市沿革讲述、古城观看和旅游视觉资源。 宣传视觉是否满足出行任务未知；当前没有攻略使用反馈。","区分“想了解城市”和“准备出行”的评论；核查路线、预约、交通信息由谁持续更新","[{""id"":""DC-003"",""url"":""https://www.douyin.com/video/7665250198007926042"",""platformId"":""douyin"",""evidenceDepth"":""listing"",""role"":""consumer-content-title"",""recordLocator"":""douyin-observed.json / samples / DC-003""},{""id"":""DC-144"",""url"":""https://www.douyin.com/video/7655594988025220406"",""platformId"":""douyin"",""evidenceDepth"":""listing"",""role"":""consumer-content-title"",""recordLocator"":""douyin-observed.json / samples / DC-144""},{""id"":""DC-137"",""url"":""https://www.douyin.com/video/7670868276804685071"",""platformId"":""douyin"",""evidenceDepth"":""listing"",""role"":""consumer-content-title"",""recordLocator"":""douyin-observed.json / samples / DC-137""},{""id"":""cn-liblib-01"",""url"":""https://www.liblib.art/modelinfo/fd511c7c882e45ee89b4792178a38967"",""platformId"":""liblib"",""evidenceDepth"":""detail"",""role"":""competitor-supply"",""recordLocator"":""china-samples.json / samples / cn-liblib-01""},{""id"":""cn-liblib-02"",""url"":""https://www.liblib.art/modelinfo/96c04c52edd94210bf830d13bbd8d02f"",""platformId"":""liblib"",""evidenceDepth"":""detail"",""role"":""competitor-supply"",""recordLocator"":""china-samples.json / samples / cn-liblib-02""},{""id"":""cn-kling-01"",""url"":""https://m.thepaper.cn/newsDetail_forward_29699661"",""platformId"":""kling"",""evidenceDepth"":""listing"",""role"":""competitor-supply"",""recordLocator"":""china-samples.json / samples / cn-kling-01""}]"
"文学名著的人物关系与背景","历史与文化","人物之间是什么关系，作品借这个情节在讨论什么？","水浒传；四大名著；网文小说","对照原作梳理人物与情节；区分文本、改编和解释观点；建立章节与主题索引","辅助关系图和场景示意；书封生成不能替代阅读与解释。 未知：本组未取得消费者内容的明确AI生成声明，或只有工具/关键词材料","章节精读＋人物关系图＋原文定位。关系与伏笔跨章节出现，图谱和定位能支持反复查阅，避免只剩剧情缩写。","随着阅读进度回来查人物或讨论；可观察行为：补看某章、参与解释讨论、指出文本依据。待观察，不等于已证明复访","原作阅读与引用核对；观点与改编边界","抖音已有名著和网文解读；NightCafe有读者自述为书制作封面。 书籍视觉生产与读者深读是不同任务，不能互相证明需求规模。","观察评论是问人物关系、情节还是求书封方法；检查系列是否按阅读进度组织并存在跨章讨论","[{""id"":""DC-009"",""url"":""https://www.douyin.com/video/7665567647748082994"",""platformId"":""douyin"",""evidenceDepth"":""listing"",""role"":""consumer-content-title"",""recordLocator"":""douyin-observed.json / samples / DC-009""},{""id"":""DC-089"",""url"":""https://www.douyin.com/video/7676780364475534607"",""platformId"":""douyin"",""evidenceDepth"":""listing"",""role"":""consumer-content-title"",""recordLocator"":""douyin-observed.json / samples / DC-089""},{""id"":""DC-090"",""url"":""https://www.douyin.com/video/7650745869591006504"",""platformId"":""douyin"",""evidenceDepth"":""listing"",""role"":""consumer-content-title"",""recordLocator"":""douyin-observed.json / samples / DC-090""},{""id"":""gl-nightcafe-03"",""url"":""https://nightcafe.studio/blogs/blog/turn-stories-into-ai-art-prompt-guide"",""platformId"":""nightcafe"",""evidenceDepth"":""detail"",""role"":""competitor-supply"",""recordLocator"":""global-samples.json / samples / gl-nightcafe-03""},{""id"":""gl-openart-03"",""url"":""https://openart.ai/blog/post/stable-diffusion-prompts-for-book-cover"",""platformId"":""openart"",""evidenceDepth"":""detail"",""role"":""competitor-supply"",""recordLocator"":""global-samples.json / samples / gl-openart-03""}]"
"古诗文与课文的理解","历史与文化","文字里的场景和情感怎样理解，相关故事与课文本身是什么关系？","敕勒歌；小学二年级；经典课文","对照课文确定学习目标；设计逐句解释、背景补充与练习；标明联想故事和文本事实的区别","可把抽象场景可视化并制作不同难度版本；文本理解与年龄适配仍需教师判断。 部分来源有作者AI生成声明；未逐镜验证","课文分段讲读＋可切换背景＋小练习。文本、解释和联想不能混在一条情绪视频中；分层能兼顾感受与学习。","跟随教材进度与孩子的问题持续使用；可观察行为：完成练习、追问具体句子、回看易错部分。待观察，不等于已证明复访","教师审阅与教材版本核对；史实关系与儿童理解测试","敕勒歌详情有感谢传播的反馈，也有质疑课文与现代事件关联的留言。 高互动并不证明课文理解有效；教材共创个案也不代表普遍学习效果。","把“喜欢故事”和“读懂课文”的反馈分开；观察孩子能否解释句义及指出故事与原文的关系","[{""id"":""DC-236"",""url"":""https://www.douyin.com/video/7678155357679602995"",""platformId"":""douyin"",""evidenceDepth"":""detail-text-comments"",""role"":""consumer-content-and-visible-comments"",""recordLocator"":""douyin-observed.json / samples / DC-236""},{""id"":""DYD-13"",""url"":""https://www.douyin.com/video/7656887895558507810"",""platformId"":""douyin"",""evidenceDepth"":""detail-text-comments"",""role"":""consumer-content-and-visible-comments"",""recordLocator"":""douyin-observed.json / details / index 12""},{""id"":""cn-jimeng-09"",""url"":""https://jimeng.jianying.com/ai-tool/work-detail/7649030276185656627?itemType=9&workDetailType=Image"",""platformId"":""jimeng"",""evidenceDepth"":""detail"",""role"":""competitor-supply"",""recordLocator"":""china-samples.json / samples / cn-jimeng-09""},{""id"":""cn-liblib-10"",""url"":""https://www.liblib.art/modelinfo/074b24c27f344523ad2d098faed48c40"",""platformId"":""liblib"",""evidenceDepth"":""detail"",""role"":""competitor-supply"",""recordLocator"":""china-samples.json / samples / cn-liblib-10""}]"
"神话与民间故事改编","历史与文化","这个故事接下来会怎样，改编和熟悉的版本哪里不同？","聊斋志异；民间故事；民间传说","选择版本并梳理人物动机；改写场景与对白；检查故事内时间和因果一致性","支持角色、场景、分镜和动画；故事合理性不能由成图质量代替。 未知：本组未取得消费者内容的明确AI生成声明，或只有工具/关键词材料","独立短篇＋系列目录＋改编说明。民间故事适合单篇完整观看，目录便于连读，改编说明承接版本比较。","相同作者风格、母题或下一篇故事；可观察行为：继续观看、讨论人物选择、比较原作。待观察，不等于已证明复访","版本选择与叙事编辑；虚构标识及素材权利","新郎详情出现对人物关系和时间线的疑问，说明读者在追踪故事。 这不是整个题材供给不足，也不能把故事当历史真实。","记录故事理解问题是否得到作者回应；比较独立短篇与连载的有效讨论类型","[{""id"":""DC-078"",""url"":""https://www.douyin.com/video/7681931544092495154"",""platformId"":""douyin"",""evidenceDepth"":""listing"",""role"":""consumer-content-title"",""recordLocator"":""douyin-observed.json / samples / DC-078""},{""id"":""DC-086"",""url"":""https://www.douyin.com/video/7679390867152604467"",""platformId"":""douyin"",""evidenceDepth"":""detail-text-comments"",""role"":""consumer-content-and-visible-comments"",""recordLocator"":""douyin-observed.json / samples / DC-086""},{""id"":""DC-169"",""url"":""https://www.douyin.com/video/7673499815631768842"",""platformId"":""douyin"",""evidenceDepth"":""listing"",""role"":""consumer-content-title"",""recordLocator"":""douyin-observed.json / samples / DC-169""},{""id"":""DC-174"",""url"":""https://www.douyin.com/video/7684200722115693866"",""platformId"":""douyin"",""evidenceDepth"":""listing"",""role"":""consumer-content-title"",""recordLocator"":""douyin-observed.json / samples / DC-174""},{""id"":""cn-tusi-01"",""url"":""https://tusi.cn/template/927966263844578246"",""platformId"":""tusi"",""evidenceDepth"":""detail"",""role"":""competitor-supply"",""recordLocator"":""china-samples.json / samples / cn-tusi-01""},{""id"":""cn-liblib-09"",""url"":""https://www.liblib.art/modelinfo/5dbf5f658fa14419ab4277f48a13cee0"",""platformId"":""liblib"",""evidenceDepth"":""detail"",""role"":""competitor-supply"",""recordLocator"":""china-samples.json / samples / cn-liblib-09""},{""id"":""gl-nightcafe-02"",""url"":""https://nightcafe.studio/blogs/blog/past-future-ai-art"",""platformId"":""nightcafe"",""evidenceDepth"":""detail"",""role"":""competitor-supply"",""recordLocator"":""global-samples.json / samples / gl-nightcafe-02""}]"
"睡前听书与陪伴式阅读","历史与文化","能否在不盯屏幕时听懂一本书的重点，并方便接着听？","睡前听书；听书；杀死一只知更鸟","选定阅读目的与章节结构；改写成适合听的讲述；核对观点、发音与章节衔接","可辅助摘要和口语初稿；样本未验证音频合成或完整听书流程。 部分来源有作者AI生成声明；未逐镜验证","分章音频＋短摘要＋进度记忆。听书用户可能不看画面，连续播放和找回进度比增加视觉特效更重要。","固定场景下继续听与按章节回听；可观察行为：继续播放下一章、标记听不懂处、讨论书中观点。待观察，不等于已证明复访","原作理解与权利处理；声音节奏和发音检查","听书详情有正在读书、价值讨论和异议，且作者声明AI生成。 未见真实收听时长、再次播放或睡前使用证明。","查明听众需要全书朗读、摘要还是解释；观察断点续听、章节请求与实际回听","[{""id"":""DC-092"",""url"":""https://www.douyin.com/video/7681583082998205705"",""platformId"":""douyin"",""evidenceDepth"":""detail-text-comments"",""role"":""consumer-content-and-visible-comments"",""recordLocator"":""douyin-observed.json / samples / DC-092""},{""id"":""cn-dify-07"",""url"":""https://marketplace.dify.ai/template/langgenius/008cedde-aa22-4d9b-8628-5ef272f5ecba"",""platformId"":""dify"",""evidenceDepth"":""detail"",""role"":""competitor-supply"",""recordLocator"":""china-samples.json / samples / cn-dify-07""},{""id"":""cn-dify-09"",""url"":""https://marketplace.dify.ai/template/langgenius/Human%20Input:%20Writing%20Assistant?creationType=templates&templateId=646708b7-26d9-44d9-8c8b-e2ebf41d44b6"",""platformId"":""dify"",""evidenceDepth"":""detail"",""role"":""competitor-supply"",""recordLocator"":""china-samples.json / samples / cn-dify-09""}]"
"非遗与节气生活手作","历史与文化","这项传统怎么做，为什么在这个时节这样做？","非遗手作；二十四节气香；习俗","记录真实技法与材料；解释地方习俗和来源；按完成步骤组织图文与视频","可制作步骤示意和节气视觉；当前资源没有证明真实手作流程可执行。 未知：本组未取得消费者内容的明确AI生成声明，或只有工具/关键词材料","短纪录＋材料清单＋步骤卡。观看文化故事与亲手制作需要不同入口；步骤卡便于操作时反复查看。","节气循环、技法进阶和作品交流；可观察行为：带作品回来反馈、询问材料替代、补充地方版本。待观察，不等于已证明复访","真人示范与文化来源核对；材料获取和操作条件检查","有节气手作内容、传统风格模型和民族文化作品。 艺术风格资源不能证明技法供给充分或不足。","观察评论是文化欣赏还是明确求材料/步骤；核对普通人按教程能否完成同类作品","[{""id"":""DC-186"",""url"":""https://www.douyin.com/video/7670457453901384698"",""platformId"":""douyin"",""evidenceDepth"":""listing"",""role"":""consumer-content-title"",""recordLocator"":""douyin-observed.json / samples / DC-186""},{""id"":""DG-文化-2"",""url"":""https://creator.douyin.com/creator-micro/creator-count/vertical-analysis?tabValue=creativity&areaId=624"",""platformId"":""douyin"",""evidenceDepth"":""keyword-guide"",""role"":""topic-keyword-only"",""recordLocator"":""douyin-observed.json / guide / 文化 / page 2"",""period"":""统计周期： 2026-09-09""},{""id"":""cn-liblib-06"",""url"":""https://www.liblib.art/modelinfo/fb945508a0464f03af28f001110c8297"",""platformId"":""liblib"",""evidenceDepth"":""detail"",""role"":""competitor-supply"",""recordLocator"":""china-samples.json / samples / cn-liblib-06""},{""id"":""cn-kling-04"",""url"":""https://m.thepaper.cn/newsDetail_forward_33577472"",""platformId"":""kling"",""evidenceDepth"":""listing"",""role"":""competitor-supply"",""recordLocator"":""china-samples.json / samples / cn-kling-04""}]"
"野生动物行为与生态叙事","自然科学与教育","动物为什么这样行动，画面中的判断有什么依据？","动物科普；海洋生物；动物纪录片","定位真实影像与研究依据；解释行为和环境条件；区分观察、拟人化表达与想象","可辅助看不见的过程示意、图像后期；生成动物行为不能作为实拍证据。 未知：本组未取得消费者内容的明确AI生成声明，或只有工具/关键词材料","行为片段＋旁白解释＋依据注释。具体动作便于吸引观看，解释和依据帮助辨别拟人化与科学说法。","追看某个物种、生态主题或生命阶段；可观察行为：提出行为问题、补充观察、继续看同主题。待观察，不等于已证明复访","物种与行为事实核对；影像出处和拟人化边界","抖音存在动物行为内容，竞品同时供给保真编辑与幻想动物图。 没有观察到普通观众的具体求知反馈；不能合并两类供给算科普容量。","读取对行为因果、物种识别与真实性的疑问；核查解释是否与可见镜头一致","[{""id"":""DC-091"",""url"":""https://www.douyin.com/video/7664499989342719274"",""platformId"":""douyin"",""evidenceDepth"":""listing"",""role"":""consumer-content-title"",""recordLocator"":""douyin-observed.json / samples / DC-091""},{""id"":""DC-212"",""url"":""https://www.douyin.com/video/7663727615248715014"",""platformId"":""douyin"",""evidenceDepth"":""listing"",""role"":""consumer-content-title"",""recordLocator"":""douyin-observed.json / samples / DC-212""},{""id"":""DC-224"",""url"":""https://www.douyin.com/video/7658197554126966079"",""platformId"":""douyin"",""evidenceDepth"":""listing"",""role"":""consumer-content-title"",""recordLocator"":""douyin-observed.json / samples / DC-224""},{""id"":""cn-liblib-05"",""url"":""https://www.liblib.art/modelinfo/3b3ef5c172154618be9d74cb4fe154ba"",""platformId"":""liblib"",""evidenceDepth"":""detail"",""role"":""competitor-supply"",""recordLocator"":""china-samples.json / samples / cn-liblib-05""},{""id"":""gl-leonardo-07"",""url"":""https://app.leonardo.ai/generation/image/apply-high-end-cinematic-wildlife-photography-edit-78bf1942-c444-40b1-aa02-ff03e44139b3"",""platformId"":""leonardo"",""evidenceDepth"":""detail"",""role"":""competitor-supply"",""recordLocator"":""global-samples.json / samples / gl-leonardo-07""},{""id"":""gl-leonardo-08"",""url"":""https://app.leonardo.ai/generation/image/photorealistic-wildlife-photography-cinematic-c618e5fe-a0f1-4937-ae5e-2fb9b351a0f2"",""platformId"":""leonardo"",""evidenceDepth"":""detail"",""role"":""competitor-supply"",""recordLocator"":""global-samples.json / samples / gl-leonardo-08""}]"
"宠物选择与日常饲养经验","自然科学与教育","这个品种适合我的家庭吗，具体照料时会遇到什么差异？","美短；洗猫注意事项；养宠日常","把家庭条件与宠物差异对应；记录长期照料经历和限制；区分品种概括与个体差异","消费者样本有AI声明，但具体生成环节未知；不据此确认自动宠物建议能力。 部分来源有作者AI生成声明；未逐镜验证","条件对照卡＋真实日常日志＋问题答复。选择需要对照自身条件，照料需要可重复查询；单次品种排名不够。","宠物成长阶段与实际照料问题不断变化；可观察行为：回来更新经历、追问具体情况、修正过度概括。待观察，不等于已证明复访","真实照料记录；专业问题转交具备资质的人","美短详情有多宠家庭的个体经验与品种比较留言。 经验不代表品种定律；没有证明读者按建议养宠或需要AI社区。","辨别选择前咨询与饲养后问题；查找明确条件、失败经历和长期回传","[{""id"":""DC-220"",""url"":""https://www.douyin.com/video/7654404354560118050"",""platformId"":""douyin"",""evidenceDepth"":""detail-text-comments"",""role"":""consumer-content-and-visible-comments"",""recordLocator"":""douyin-observed.json / samples / DC-220""},{""id"":""DC-217"",""url"":""https://www.douyin.com/video/7671259073238093108"",""platformId"":""douyin"",""evidenceDepth"":""listing"",""role"":""consumer-content-title"",""recordLocator"":""douyin-observed.json / samples / DC-217""},{""id"":""DC-213"",""url"":""https://www.douyin.com/video/7682742329056486070"",""platformId"":""douyin"",""evidenceDepth"":""listing"",""role"":""consumer-content-title"",""recordLocator"":""douyin-observed.json / samples / DC-213""}]"
"植物、种植与生态争议","自然科学与教育","一种植物的影响在什么条件下成立，经验和一般结论哪里不同？","桉树；林业；种植","明确地域、管理方式和观察条件；对照资料与地方经验；把植物识别、栽培和生态问题分开","可生成识别示意或图鉴结构；药用、生态和政策结论必须另有证据。 未知：本组未取得消费者内容的明确AI生成声明，或只有工具/关键词材料","问题解释＋条件对照表＋纠错记录。争议常来自条件不同，列清范围比给出单一好坏结论更有用。","季节、地域与新观察推动内容更新；可观察行为：提交带条件的观察、核对证据、查看修订。待观察，不等于已证明复访","生态或农业专业审阅；地方经验与政策信息核对","桉树详情出现种植经验、除草反例和地方管理说法。 评论本身不能证实政策或生态结论，也不能当已解决争议。","把相互矛盾的留言按地区、时间和管理条件编码；观察作者是否核查并修改结论","[{""id"":""DC-017"",""url"":""https://www.douyin.com/video/7674875864693116194"",""platformId"":""douyin"",""evidenceDepth"":""detail-text-comments"",""role"":""consumer-content-and-visible-comments"",""recordLocator"":""douyin-observed.json / samples / DC-017""},{""id"":""DG-三农-1"",""url"":""https://creator.douyin.com/creator-micro/creator-count/vertical-analysis?tabValue=creativity&areaId=614"",""platformId"":""douyin"",""evidenceDepth"":""keyword-guide"",""role"":""topic-keyword-only"",""recordLocator"":""douyin-observed.json / guide / 三农 / page 1"",""period"":""统计周期： 2026-09-09""},{""id"":""cn-jimeng-08"",""url"":""https://jimeng.jianying.com/ai-tool/work-detail/7589462225853680922?itemType=9&workDetailType=Image"",""platformId"":""jimeng"",""evidenceDepth"":""detail"",""role"":""competitor-supply"",""recordLocator"":""china-samples.json / samples / cn-jimeng-08""},{""id"":""cn-runninghub-02"",""url"":""https://www.runninghub.cn/ai-detail/2014613196321067009"",""platformId"":""runninghub"",""evidenceDepth"":""detail"",""role"":""competitor-supply"",""recordLocator"":""china-samples.json / samples / cn-runninghub-02""}]"
"天文概念与宇宙想象的区分","自然科学与教育","这个宇宙现象是什么，哪些画面是科学示意、哪些是想象？","Solar System structure；black hole；星空","明确概念和尺度；采用可核对的结构与运动数据；给假想场景和示意比例标识","可制作宇宙氛围、结构示意和动画草图；现有样本未验证天文学正确性。 未知：本组未取得消费者内容的明确AI生成声明，或只有工具/关键词材料","概念短片＋尺度对照＋可暂停示意。天文理解常依赖空间和尺度，单张壮观画面容易掩盖关系。","连续探索相邻概念与观测事件；可观察行为：提出概念问题、按系列复习、比较图示。待观察，不等于已证明复访","天文学资料审阅；尺度、颜色与假想内容说明","已经有太阳系图与太空教程；消费者侧只有宽泛星空关键词。 缺少直接天文消费者任务与反馈，当前是供给较明确的候选。","补读普通天文内容的概念困惑与续题请求；确认观众要科学解释还是科幻观赏","[{""id"":""gl-seaart-06"",""url"":""https://www.seaart.ai/explore/detail/d6bico5e878c7387h2t0?pt=cluster_image_49"",""platformId"":""seaart"",""evidenceDepth"":""detail"",""role"":""competitor-supply"",""recordLocator"":""global-samples.json / samples / gl-seaart-06""},{""id"":""gl-openart-07"",""url"":""https://openart.ai/blog/post/stable-diffusion-prompts-for-space"",""platformId"":""openart"",""evidenceDepth"":""detail"",""role"":""competitor-supply"",""recordLocator"":""global-samples.json / samples / gl-openart-07""},{""id"":""DG-摄影摄像-2"",""url"":""https://creator.douyin.com/creator-micro/creator-count/vertical-analysis?tabValue=creativity&areaId=627"",""platformId"":""douyin"",""evidenceDepth"":""keyword-guide"",""role"":""topic-keyword-only"",""recordLocator"":""douyin-observed.json / guide / 摄影摄像 / page 2"",""period"":""统计周期： 2026-09-09""},{""id"":""cn-liblib-04"",""url"":""https://www.liblib.art/modelinfo/1c03c98a394b4eb29f94bbaa772918cc"",""platformId"":""liblib"",""evidenceDepth"":""detail"",""role"":""competitor-supply"",""recordLocator"":""china-samples.json / samples / cn-liblib-04""}]"
"工程结构与运作原理","自然科学与教育","这个系统怎样工作，某个设计为什么能解决问题？","分水；排沙；汽车动力电池","拆分输入、过程与结果；绘制关键结构和状态变化；将模型、示意与真实设备对应","可辅助剖面、流程图和动画；机械、流体和电池性能需技术核验。 部分来源有作者AI生成声明；未逐镜验证","分步结构动画＋剖面图＋状态对比。工程解释依赖变化过程，让读者看到条件变化比堆术语更有帮助。","从一个系统追问关联结构或应用；可观察行为：重看某步骤、提条件变化问题、对照实物。待观察，不等于已证明复访","工程原理和数据核对；动画简化造成的误解检查","都江堰详情有地点识别、时间尺度补充和到访自述；电池对比仍只有标题。 互动不能证明观众理解了原理，也不能验证生成动画正确。","找出具体哪个结构或步骤被误解；比较评论是否能复述过程而非只评价震撼","[{""id"":""DYD-02"",""url"":""https://www.douyin.com/video/7673513119460773120"",""platformId"":""douyin"",""evidenceDepth"":""detail-text-comments"",""role"":""consumer-content-and-visible-comments"",""recordLocator"":""douyin-observed.json / details / index 1""},{""id"":""DC-298"",""url"":""https://www.douyin.com/video/7665292740883647790"",""platformId"":""douyin"",""evidenceDepth"":""listing"",""role"":""consumer-content-title"",""recordLocator"":""douyin-observed.json / samples / DC-298""},{""id"":""DC-011"",""url"":""https://www.douyin.com/video/7673932746623929643"",""platformId"":""douyin"",""evidenceDepth"":""listing"",""role"":""consumer-content-title"",""recordLocator"":""douyin-observed.json / samples / DC-011""},{""id"":""cn-runninghub-01"",""url"":""https://www.runninghub.cn/post/2012894465811288065"",""platformId"":""runninghub"",""evidenceDepth"":""detail"",""role"":""competitor-supply"",""recordLocator"":""china-samples.json / samples / cn-runninghub-01""},{""id"":""cn-runninghub-04"",""url"":""https://www.runninghub.cn/post/1992951508994031617/aiDetail"",""platformId"":""runninghub"",""evidenceDepth"":""detail"",""role"":""competitor-supply"",""recordLocator"":""china-samples.json / samples / cn-runninghub-04""},{""id"":""gl-leonardo-01"",""url"":""https://app.leonardo.ai/generation/image/generate-educational-infographic-based-following-8e9d5f4f-26b4-4b4f-ad3c-035ca1d6f64d"",""platformId"":""leonardo"",""evidenceDepth"":""detail"",""role"":""competitor-supply"",""recordLocator"":""global-samples.json / samples / gl-leonardo-01""}]"
"科学概念图与科研教学图示","自然科学与教育","这个概念如何准确看懂，图能否直接服务我的讲解或学习？","CRISPR；TiO2 nanotube arrays；LAN Connections and Uses","确定受众与知识层级；把术语、数据与视觉元素一一对应；提供可编辑版本与改错说明","已有信息图和图文摘要生成对象；准确性、数据真实性和可编辑交付未证实。 未知：本组未取得消费者内容的明确AI生成声明，或只有工具/关键词材料","有来源的分层图示＋讲解稿＋编辑文件。同一图要被讲授、修改和复习，静态成图难以承接版本与纠错。","新课程、不同受众和修订需求反复出现；可观察行为：提出具体改图请求、引用版本、回传课堂问题。待观察，不等于已证明复访","专业审阅与数据核对；可读性及误导性视觉检查","三个具体任务分别面向课堂、分子机制和科研摘要。 它们是生产任务，不是已验证的学习消费或论文采用。","查找教师/研究者实际改图和使用反馈；记录无法复用的原因是知识错误、版式还是文件形式","[{""id"":""gl-leonardo-02"",""url"":""https://app.leonardo.ai/generation/image/scientific-editorial-illustration-style-reference-9001d959-c3ab-4337-8107-0ae0c6788aa2"",""platformId"":""leonardo"",""evidenceDepth"":""detail"",""role"":""competitor-supply"",""recordLocator"":""global-samples.json / samples / gl-leonardo-02""},{""id"":""gl-leonardo-03"",""url"":""https://app.leonardo.ai/generation/image/create-high-quality-scientific-graphical-abstract-2e21b414-726d-4d38-9a33-f9d45627d59c"",""platformId"":""leonardo"",""evidenceDepth"":""detail"",""role"":""competitor-supply"",""recordLocator"":""global-samples.json / samples / gl-leonardo-03""},{""id"":""gl-leonardo-01"",""url"":""https://app.leonardo.ai/generation/image/generate-educational-infographic-based-following-8e9d5f4f-26b4-4b4f-ad3c-035ca1d6f64d"",""platformId"":""leonardo"",""evidenceDepth"":""detail"",""role"":""competitor-supply"",""recordLocator"":""global-samples.json / samples / gl-leonardo-01""},{""id"":""cn-liblib-03"",""url"":""https://www.liblib.art/modelinfo/30cc314731b943fc9404268747a4b17e"",""platformId"":""liblib"",""evidenceDepth"":""detail"",""role"":""competitor-supply"",""recordLocator"":""china-samples.json / samples / cn-liblib-03""}]"
"健康与营养说法的辨析","自然科学与教育","这类说法适用于谁，依据和限制是什么？","健康饮食；营养；维生素","定位具体主张和适用人群；核对证据、限制与更新时间；把通用信息和个体诊疗分开","可辅助材料整理与图示初稿；模型判断模板和解剖图片不证明医疗可靠性。 未知：本组未取得消费者内容的明确AI生成声明，或只有工具/关键词材料","单一问题解释＋证据与适用范围＋更新记录。观看者需要知道能否适用于自己，明确条件比煽动性的结果承诺更重要。","反复核查新主张和维护可信知识库；可观察行为：带具体说法提问、查看更新、发现引用错误。待观察，不等于已证明复访","相应专业审阅；避免把一般信息变成个体诊疗建议","有健康类关键词与减肥说法辨析标题。 本批未获得该方向的直接消费者详情反馈，不能据热词判断缺口。","采集真正的困惑、错误理解与信息来源问题；核查普通内容是否给出适用范围和证据","[{""id"":""DC-324"",""url"":""https://www.douyin.com/video/7668984762966510890"",""platformId"":""douyin"",""evidenceDepth"":""listing"",""role"":""consumer-content-title"",""recordLocator"":""douyin-observed.json / samples / DC-324""},{""id"":""DG-医疗健康-2"",""url"":""https://creator.douyin.com/creator-micro/creator-count/vertical-analysis?tabValue=creativity&areaId=621"",""platformId"":""douyin"",""evidenceDepth"":""keyword-guide"",""role"":""topic-keyword-only"",""recordLocator"":""douyin-observed.json / guide / 医疗健康 / page 2"",""period"":""统计周期： 2026-09-09""},{""id"":""cn-dify-03"",""url"":""https://marketplace.dify.ai/template/langgenius/e9e12fc5-22de-4c3b-9bb3-510e4363be0e"",""platformId"":""dify"",""evidenceDepth"":""detail"",""role"":""competitor-supply"",""recordLocator"":""china-samples.json / samples / cn-dify-03""},{""id"":""cn-jimeng-01"",""url"":""https://jimeng.jianying.com/ai-tool/work-detail/7527675377557310746?itemType=9&workDetailType=Image"",""platformId"":""jimeng"",""evidenceDepth"":""detail"",""role"":""competitor-supply"",""recordLocator"":""china-samples.json / samples / cn-jimeng-01""}]"
"中小学知识点与解题过程","自然科学与教育","我卡在解题的哪一步，同类题怎样自己做出来？","一元二次方程；初中数学；中考","定位知识前提与典型错误；分步展示解法与替代方法；提供可检验的同类练习","可辅助步骤动画和题目初稿；现有模板未验证解答正确或提升学习。 未知：本组未取得消费者内容的明确AI生成声明，或只有工具/关键词材料","可分步展开的解题卡＋练习＋反馈。学生需要定位卡点并尝试，而不是只看快速演示；步骤展开支持自主操作。","知识递进、错题复习与作业触发；可观察行为：提交解题过程、订正错误、完成同类练习。待观察，不等于已证明复访","教师审题和解法核对；难度、学段与教材适配","具体方程教学标题与学科关键词已出现。 未见学生卡点或答题数据，不能把观看当作学会。","读取具体哪一步不懂的留言；观察订正后的同类题是否能独立完成","[{""id"":""DC-023"",""url"":""https://www.douyin.com/video/7684128336159562853"",""platformId"":""douyin"",""evidenceDepth"":""listing"",""role"":""consumer-content-title"",""recordLocator"":""douyin-observed.json / samples / DC-023""},{""id"":""DG-教育校园-2"",""url"":""https://creator.douyin.com/creator-micro/creator-count/vertical-analysis?tabValue=creativity&areaId=626"",""platformId"":""douyin"",""evidenceDepth"":""keyword-guide"",""role"":""topic-keyword-only"",""recordLocator"":""douyin-observed.json / guide / 教育校园 / page 2"",""period"":""统计周期： 2026-09-09""},{""id"":""cn-runninghub-03"",""url"":""https://www.runninghub.cn/ai-detail/2047914396705366017"",""platformId"":""runninghub"",""evidenceDepth"":""detail"",""role"":""competitor-supply"",""recordLocator"":""china-samples.json / samples / cn-runninghub-03""},{""id"":""cn-dify-01"",""url"":""https://marketplace.dify.ai/template/langgenius/db1972b0-b019-47dd-a2a6-cb3736bb5bab"",""platformId"":""dify"",""evidenceDepth"":""detail"",""role"":""competitor-supply"",""recordLocator"":""china-samples.json / samples / cn-dify-01""}]"
"早教启蒙与亲子共读材料","自然科学与教育","在孩子当前阶段，怎样用短而清楚的材料一起认识和表达？","早教；0-3岁；3-6岁；儿童启蒙","明确年龄与一个小目标；选用可辨识图形、语言和操作；说明家长参与方式与停止条件","可辅助图卡和故事视觉变体；现有卡通资源不证明适龄性或教育效果。 未知：本组未取得消费者内容的明确AI生成声明，或只有工具/关键词材料","简短共读页＋图卡＋成人指导。幼儿不应被假定能独立操作复杂内容；短材料让家长观察理解和互动。","成长变化与共同活动不断产生新题目；可观察行为：家长反馈孩子理解、重复共读、提出调整需求。待观察，不等于已证明复访","早教专业审阅；实际家庭试用与可理解性检查","现有证据主要是母婴指南词和泛插画资源。 没有具体启蒙内容的消费者反馈；不能把两个年龄段当已验证画像。","补具体共读内容与家长原话；确认年龄、陪伴方式和孩子能完成的活动","[{""id"":""DG-母婴-2"",""url"":""https://creator.douyin.com/creator-micro/creator-count/vertical-analysis?tabValue=creativity&areaId=617"",""platformId"":""douyin"",""evidenceDepth"":""keyword-guide"",""role"":""topic-keyword-only"",""recordLocator"":""douyin-observed.json / guide / 母婴 / page 2"",""period"":""统计周期： 2026-09-09""},{""id"":""cn-liblib-10"",""url"":""https://www.liblib.art/modelinfo/074b24c27f344523ad2d098faed48c40"",""platformId"":""liblib"",""evidenceDepth"":""detail"",""role"":""competitor-supply"",""recordLocator"":""china-samples.json / samples / cn-liblib-10""}]"
"亲子手工、玩具与共同活动","自然科学与教育","需要准备什么，两个人怎样一起做，遇到问题如何继续？","亲子手工；手工diy；亲子互动","列材料和真实步骤；说明时间、成人协助与可替代做法；展示失败情形和收尾方法","可辅助示意图与活动卡；纸艺风格图片不等于可制作纸模。 未知：本组未取得消费者内容的明确AI生成声明，或只有工具/关键词材料","活动卡＋材料清单＋分步短视频＋作品回传。动手时需反复查步骤，家长还要提前判断准备成本和协助程度。","周末、节日与技能递进反复触发；可观察行为：提交作品、问材料替代、解决中断步骤。待观察，不等于已证明复访","真人试做与条件核查；根据实际活动检查材料和操作适合性","手工详情出现真实性质疑，说明仅好玩外观不足以证明能跟做。 尚未取得可执行过程与真实完成反馈。","核查普通家庭能否按同一材料清单完成；将娱乐观看、购买玩具和亲手制作留言分开","[{""id"":""DC-229"",""url"":""https://www.douyin.com/video/7665582813676047668"",""platformId"":""douyin"",""evidenceDepth"":""detail-text-comments"",""role"":""consumer-content-and-visible-comments"",""recordLocator"":""douyin-observed.json / samples / DC-229""},{""id"":""DC-231"",""url"":""https://www.douyin.com/video/7672954189099101538"",""platformId"":""douyin"",""evidenceDepth"":""listing"",""role"":""consumer-content-title"",""recordLocator"":""douyin-observed.json / samples / DC-231""},{""id"":""DC-233"",""url"":""https://www.douyin.com/video/7652740238620292507"",""platformId"":""douyin"",""evidenceDepth"":""listing"",""role"":""consumer-content-title"",""recordLocator"":""douyin-observed.json / samples / DC-233""},{""id"":""DC-243"",""url"":""https://www.douyin.com/video/7657525893891722822"",""platformId"":""douyin"",""evidenceDepth"":""listing"",""role"":""consumer-content-title"",""recordLocator"":""douyin-observed.json / samples / DC-243""},{""id"":""cn-liblib-10"",""url"":""https://www.liblib.art/modelinfo/074b24c27f344523ad2d098faed48c40"",""platformId"":""liblib"",""evidenceDepth"":""detail"",""role"":""competitor-supply"",""recordLocator"":""china-samples.json / samples / cn-liblib-10""},{""id"":""gl-seaart-07"",""url"":""https://www.seaart.ai/explore/detail/d0cjmble878c73d51230"",""platformId"":""seaart"",""evidenceDepth"":""detail"",""role"":""competitor-supply"",""recordLocator"":""global-samples.json / samples / gl-seaart-07""}]"
"影视精讲、观点与陪伴观看","叙事与娱乐","怎样理解情节和人物，我是否认同这个作者的解释？","影视万字精讲；电视剧解说；如懿传","阅读和观看原作；定位片段、论点与反例；组织长视频章节与剪辑节奏","可辅助转写、整理和字幕草稿；本批未验证整套影视解说流程。 未知：本组未取得消费者内容的明确AI生成声明，或只有工具/关键词材料","有章节的长解说＋关键片段索引＋讨论。用户可能为解释和作者观点停留，章节既支持连续观看也支持带问题返回。","同一作品的新解读、作者系列与观点讨论；可观察行为：跨章回看、给出原作依据、讨论不同解释。待观察，不等于已证明复访","原作理解与素材权利；观点论证、剪辑和声音节奏","几十分钟的精讲、吐槽和陪伴观看标题已存在。 生成视频资源不能替代观点质量；没有该批观众详情反馈。","比较观众回来是为了作者、作品还是陪伴场景；采集带情节依据的异议与补充","[{""id"":""DC-049"",""url"":""https://www.douyin.com/video/7665611658169250277"",""platformId"":""douyin"",""evidenceDepth"":""listing"",""role"":""consumer-content-title"",""recordLocator"":""douyin-observed.json / samples / DC-049""},{""id"":""DC-052"",""url"":""https://www.douyin.com/video/7673822641677636857"",""platformId"":""douyin"",""evidenceDepth"":""listing"",""role"":""consumer-content-title"",""recordLocator"":""douyin-observed.json / samples / DC-052""},{""id"":""DC-056"",""url"":""https://www.douyin.com/video/7661454153507441970"",""platformId"":""douyin"",""evidenceDepth"":""listing"",""role"":""consumer-content-title"",""recordLocator"":""douyin-observed.json / samples / DC-056""},{""id"":""cn-dify-09"",""url"":""https://marketplace.dify.ai/template/langgenius/Human%20Input:%20Writing%20Assistant?creationType=templates&templateId=646708b7-26d9-44d9-8c8b-e2ebf41d44b6"",""platformId"":""dify"",""evidenceDepth"":""detail"",""role"":""competitor-supply"",""recordLocator"":""china-samples.json / samples / cn-dify-09""},{""id"":""cn-dify-06"",""url"":""https://marketplace.dify.ai/template/sonilo/Generate%20a%20licensed%20soundtrack%20for%20your%20video?creationType=templates&templateId=c558a1fb-bb8c-4a5e-9404-d681c6659cf2"",""platformId"":""dify"",""evidenceDepth"":""detail"",""role"":""competitor-supply"",""recordLocator"":""china-samples.json / samples / cn-dify-06""},{""id"":""gl-leonardo-06"",""url"":""https://app.leonardo.ai/generation/image/high-quality-vibrant-comic-book-style-illustration-bfba00b9-91e6-4029-9938-a614814d6634"",""platformId"":""leonardo"",""evidenceDepth"":""detail"",""role"":""competitor-supply"",""recordLocator"":""global-samples.json / samples / gl-leonardo-06""}]"
"游戏剧情与世界观解读","叙事与娱乐","这一段剧情讲了什么，角色和世界观中的线索怎样连起来？","女神异闻录3；黑神话剧情解说；第一集","按原游戏定位文本与剧情；区分版本、隐藏线索和个人解释；制作人物关系与章节索引","可辅助资料整理和示意图；游戏美术生成资源不能证明准确剧情解读。 未知：本组未取得消费者内容的明确AI生成声明，或只有工具/关键词材料","分期剧情讲述＋世界观资料页＋线索出处。长流程游戏难以一次讲完，分期承接观看，资料页便于玩家查漏。","随着游玩或新章节逐步补全理解；可观察行为：带游戏线索讨论、回看某段、追下一期。待观察，不等于已证明复访","原作体验与版本核对；素材权利和剧透提示","游戏列表明确出现分期讲述和长篇剧情解释。 没有读者详情反馈，不能把游戏资产供给当剧情服务。","读取玩家是求补剧情、找线索还是表达情绪；检查后续章节与原游戏节点能否对应","[{""id"":""DC-305"",""url"":""https://www.douyin.com/video/7665680324180872490"",""platformId"":""douyin"",""evidenceDepth"":""listing"",""role"":""consumer-content-title"",""recordLocator"":""douyin-observed.json / samples / DC-305""},{""id"":""DC-308"",""url"":""https://www.douyin.com/video/7669264986102877490"",""platformId"":""douyin"",""evidenceDepth"":""listing"",""role"":""consumer-content-title"",""recordLocator"":""douyin-observed.json / samples / DC-308""},{""id"":""DC-311"",""url"":""https://www.douyin.com/video/7668645197584043274"",""platformId"":""douyin"",""evidenceDepth"":""listing"",""role"":""consumer-content-title"",""recordLocator"":""douyin-observed.json / samples / DC-311""},{""id"":""cn-tusi-04"",""url"":""https://tusi.cn/template/719839714282047453"",""platformId"":""tusi"",""evidenceDepth"":""detail"",""role"":""competitor-supply"",""recordLocator"":""china-samples.json / samples / cn-tusi-04""},{""id"":""gl-openart-14"",""url"":""https://openart.ai/blog/post/stable-diffusion-prompts-for-game-assets"",""platformId"":""openart"",""evidenceDepth"":""detail"",""role"":""competitor-supply"",""recordLocator"":""global-samples.json / samples / gl-openart-14""}]"
"游戏版本、机制与实用攻略","叙事与娱乐","当前版本怎样操作或选择，为什么这套方法在我的情况失效？","18.2版本；上分阵容；罕见招式","记录版本、段位与使用条件；展示操作和失败反例；更新失效方法与替代方案","本批没有可验证的AI游戏攻略生产案例；AI作用保留未知。 未知：本组未取得消费者内容的明确AI生成声明，或只有工具/关键词材料","版本卡＋实战片段＋条件与失效记录。攻略有明显时效和情境条件，需便于迅速判断是否仍可用。","补丁、对局与新问题持续触发；可观察行为：报告失效、补充对局条件、检查版本更新。待观察，不等于已证明复访","实战测试与版本维护；识别样本偏差和结果夸大","标题已经承诺版本阵容与具体招式。 没有证明攻略短缺，也没有读者采用或输赢改善记录。","抽查不同普通玩家的失败留言；核查更新后旧攻略是否标失效并补解释","[{""id"":""DC-304"",""url"":""https://www.douyin.com/video/7675929500500207990"",""platformId"":""douyin"",""evidenceDepth"":""listing"",""role"":""consumer-content-title"",""recordLocator"":""douyin-observed.json / samples / DC-304""},{""id"":""DC-310"",""url"":""https://www.douyin.com/video/7683916613493574963"",""platformId"":""douyin"",""evidenceDepth"":""listing"",""role"":""consumer-content-title"",""recordLocator"":""douyin-observed.json / samples / DC-310""},{""id"":""DC-313"",""url"":""https://www.douyin.com/video/7678248062896196873"",""platformId"":""douyin"",""evidenceDepth"":""listing"",""role"":""consumer-content-title"",""recordLocator"":""douyin-observed.json / samples / DC-313""}]"
"真实人物、地方与社会纪录","叙事与娱乐","这些人正在经历什么，事情后来怎样了？","自制纪录片；社会纪实；茉莉花","现场采访与事实核实；组织人物处境和事件进展；区分实拍、重现和补充资料","可辅助转写、字幕和标明的情境重现；生成片不能充当现场证据。 未知：本组未取得消费者内容的明确AI生成声明，或只有工具/关键词材料","人物纪录＋追踪更新＋资料说明。真实处境需要时间展开，后续追踪能回应观众对人的关心。","人物与事件真实进展推动再次观看；可观察行为：询问后续、补充线索、追踪修订与结果。待观察，不等于已证明复访","实地采访和当事人授权；事实核实与编辑判断","地方纪录和花农事件内容已出现，竞品也有社会议题短片。 主题相同不代表纪录与虚构短片可互换；本批无追踪观看证据。","查明观众询问的是当事人后续还是制作技术；核查作者是否给出可核实后续，避免用虚构续集替代","[{""id"":""DC-055"",""url"":""https://www.douyin.com/video/7677635383936421120"",""platformId"":""douyin"",""evidenceDepth"":""listing"",""role"":""consumer-content-title"",""recordLocator"":""douyin-observed.json / samples / DC-055""},{""id"":""DC-195"",""url"":""https://www.douyin.com/video/7675013114458328363"",""platformId"":""douyin"",""evidenceDepth"":""listing"",""role"":""consumer-content-title"",""recordLocator"":""douyin-observed.json / samples / DC-195""},{""id"":""DC-193"",""url"":""https://www.douyin.com/video/7660322344963001609"",""platformId"":""douyin"",""evidenceDepth"":""listing"",""role"":""consumer-content-title"",""recordLocator"":""douyin-observed.json / samples / DC-193""},{""id"":""cn-kling-09"",""url"":""https://m.thepaper.cn/newsDetail_forward_33577472"",""platformId"":""kling"",""evidenceDepth"":""listing"",""role"":""competitor-supply"",""recordLocator"":""china-samples.json / samples / cn-kling-09""}]"
"原创AI故事连载","叙事与娱乐","角色下一步会怎样，前面留下的疑问会得到回答吗？","归雾镇；原创AIGC故事连载；归墟","维护人物、世界规则和未解决线索；按集规划叙事与镜头；建立素材版本与持续更新节奏","已有AI生成声明与连载成片入口；分镜、转绘、配乐各有工具，完整稳定流水线未验证。 部分来源有作者AI生成声明；未逐镜验证","可追踪的连续剧集＋前情回顾＋角色资料。观众需要知道从哪里开始、上次看到哪里、何时继续；单独作品流容易丢失顺序。","故事悬念、人物关系和更新承诺；可观察行为：继续下一集、讨论线索、查看更新时间。待观察，不等于已证明复访","编剧与连续性检查；筛片、声音、节奏与交付排期","归雾镇评论有等待、第二集提示与时间线讨论；山海有对AI和创意的评价。 留言表明继续观看意愿，不证明已发生跨集留存；“都刷到第一集”提示断更/发现问题待核。","定位真实后续集并核对发布时间；记录跨集重复参与、催更与看不懂前情分别占哪些情况","[{""id"":""DC-176"",""url"":""https://www.douyin.com/video/7675325310220422450"",""platformId"":""douyin"",""evidenceDepth"":""detail-text-comments"",""role"":""consumer-content-and-visible-comments"",""recordLocator"":""douyin-observed.json / samples / DC-176""},{""id"":""DC-067"",""url"":""https://www.douyin.com/video/7663756336345173258"",""platformId"":""douyin"",""evidenceDepth"":""detail-text-comments"",""role"":""consumer-content-and-visible-comments"",""recordLocator"":""douyin-observed.json / samples / DC-067""},{""id"":""DC-161"",""url"":""https://www.douyin.com/video/7658595418254626063"",""platformId"":""douyin"",""evidenceDepth"":""listing"",""role"":""consumer-content-title"",""recordLocator"":""douyin-observed.json / samples / DC-161""},{""id"":""DC-181"",""url"":""https://www.douyin.com/video/7670091555214085417"",""platformId"":""douyin"",""evidenceDepth"":""listing"",""role"":""consumer-content-title"",""recordLocator"":""douyin-observed.json / samples / DC-181""},{""id"":""cn-tusi-01"",""url"":""https://tusi.cn/template/927966263844578246"",""platformId"":""tusi"",""evidenceDepth"":""detail"",""role"":""competitor-supply"",""recordLocator"":""china-samples.json / samples / cn-tusi-01""},{""id"":""cn-liblib-09"",""url"":""https://www.liblib.art/modelinfo/5dbf5f658fa14419ab4277f48a13cee0"",""platformId"":""liblib"",""evidenceDepth"":""detail"",""role"":""competitor-supply"",""recordLocator"":""china-samples.json / samples / cn-liblib-09""},{""id"":""cn-dify-06"",""url"":""https://marketplace.dify.ai/template/sonilo/Generate%20a%20licensed%20soundtrack%20for%20your%20video?creationType=templates&templateId=c558a1fb-bb8c-4a5e-9404-d681c6659cf2"",""platformId"":""dify"",""evidenceDepth"":""detail"",""role"":""competitor-supply"",""recordLocator"":""china-samples.json / samples / cn-dify-06""}]"
"虚构角色的生活、童话与轻情绪陪伴","叙事与娱乐","熟悉的角色今天经历了什么，这段内容是否让我放松或产生共鸣？","森林童话小镇；治愈；Daily Challenges","建立角色特点与生活场景；设计轻量但可持续的小事件；保持画面与情绪连贯","可生成角色生活场景与风格变体；消费者效果、心理获益与稳定一致性未验证。 未知：本组未取得消费者内容的明确AI生成声明，或只有工具/关键词材料","固定角色短篇＋生活日记式系列＋主题参与。熟悉感依赖重复出现的角色和小变化；只追求每条视觉奇观难以累积关系。","角色熟悉感和日常节奏形成观看理由；可观察行为：记住角色、评论其经历、参与下一题创作。待观察，不等于已证明复访","角色设定与情绪表达；避免把“治愈”文案当实际心理效果","有童话小镇AI相关标签和创作者每日主题习惯个案。 尚未取得该虚构角色观众的持续参与反馈。","查看评论是否指向角色关系和前期事件；对比一次性好看评价与明确期待后续的表达","[{""id"":""DC-180"",""url"":""https://www.douyin.com/video/7671656975331412315"",""platformId"":""douyin"",""evidenceDepth"":""listing"",""role"":""consumer-content-title"",""recordLocator"":""douyin-observed.json / samples / DC-180""},{""id"":""DC-175"",""url"":""https://www.douyin.com/video/7669276188178812166"",""platformId"":""douyin"",""evidenceDepth"":""listing"",""role"":""consumer-content-title"",""recordLocator"":""douyin-observed.json / samples / DC-175""},{""id"":""gl-nightcafe-01"",""url"":""https://nightcafe.studio/blogs/blog/ai-art-and-art-therapy"",""platformId"":""nightcafe"",""evidenceDepth"":""detail"",""role"":""competitor-supply"",""recordLocator"":""global-samples.json / samples / gl-nightcafe-01""},{""id"":""gl-nightcafe-09"",""url"":""https://creator.nightcafe.studio/template/D0RzpASNri30AGVTCpDS"",""platformId"":""nightcafe"",""evidenceDepth"":""listing"",""role"":""competitor-supply"",""recordLocator"":""global-samples.json / samples / gl-nightcafe-09""},{""id"":""gl-nightcafe-10"",""url"":""https://creator.nightcafe.studio/template/L9rgyvL1S2d8I8XEKjjG"",""platformId"":""nightcafe"",""evidenceDepth"":""listing"",""role"":""competitor-supply"",""recordLocator"":""global-samples.json / samples / gl-nightcafe-10""}]"
"歌曲、歌词与表演解析","叙事与娱乐","这首歌哪里打动人，歌词或演唱中的细节怎样理解？","郭源潮；音乐故事；音乐人解析","对照歌词、演唱片段与背景；拆解可听见的细节；区分技术解释和个人感受","可辅助转写和视觉示意；配乐生成能力不等于音乐解析能力。 未知：本组未取得消费者内容的明确AI生成声明，或只有工具/关键词材料","带时间点的音乐解析＋歌词注释＋讨论。关键细节发生在具体时刻，时间定位能让听众对照听并形成自己的判断。","新作品、重听发现和作者观点；可观察行为：返回重听片段、讨论解释、推荐同主题。待观察，不等于已证明复访","音乐专业判断与引用权利；事实背景和观点区分","有逐句解析与演唱评论标题；NightCafe有歌曲配图的生产者自述。 配图需求不能代表听众需要AI生成歌曲或解析。","观察留言是问技术、谈情绪还是找歌曲；核查解析能否让读者定位到具体可听细节","[{""id"":""DC-096"",""url"":""https://www.douyin.com/video/7674941866621635883"",""platformId"":""douyin"",""evidenceDepth"":""listing"",""role"":""consumer-content-title"",""recordLocator"":""douyin-observed.json / samples / DC-096""},{""id"":""DC-103"",""url"":""https://www.douyin.com/video/7663493879051701531"",""platformId"":""douyin"",""evidenceDepth"":""listing"",""role"":""consumer-content-title"",""recordLocator"":""douyin-observed.json / samples / DC-103""},{""id"":""DC-095"",""url"":""https://www.douyin.com/video/7657560212093553983"",""platformId"":""douyin"",""evidenceDepth"":""listing"",""role"":""consumer-content-title"",""recordLocator"":""douyin-observed.json / samples / DC-095""},{""id"":""cn-dify-06"",""url"":""https://marketplace.dify.ai/template/sonilo/Generate%20a%20licensed%20soundtrack%20for%20your%20video?creationType=templates&templateId=c558a1fb-bb8c-4a5e-9404-d681c6659cf2"",""platformId"":""dify"",""evidenceDepth"":""detail"",""role"":""competitor-supply"",""recordLocator"":""china-samples.json / samples / cn-dify-06""},{""id"":""gl-nightcafe-03"",""url"":""https://nightcafe.studio/blogs/blog/turn-stories-into-ai-art-prompt-guide"",""platformId"":""nightcafe"",""evidenceDepth"":""detail"",""role"":""competitor-supply"",""recordLocator"":""global-samples.json / samples / gl-nightcafe-03""}]"
"做饭、通勤等场景的音乐与背景内容","叙事与娱乐","在这个场景下能否连续播放，节奏和氛围是否合适？","做饭歌单；通勤歌单；治愈系天空背景","明确使用场景和时长；组织曲目、节奏与转场；处理背景视觉和使用权利","可辅助有授权范围的配乐流程和背景视觉；本批未验证最终音乐权利与使用效果。 未知：本组未取得消费者内容的明确AI生成声明，或只有工具/关键词材料","场景播放列表＋连续播放＋轻量视觉。使用者可能不持续看屏幕，稳定播放和可选时长比复杂交互更重要。","同一生活场景每天或每周重复出现；可观察行为：重复播放、保存列表、反馈打断或风格不匹配。待观察，不等于已证明复访","音乐选编与权利核验；音量、衔接和场景适配","做饭与通勤在列表标签中明确出现。 没有实测重复收听，不能把场景名称当习惯已形成。","采集真实使用场景与打断原因；区分偶尔听到、保存未听和重复播放","[{""id"":""DC-097"",""url"":""https://www.douyin.com/video/7673404565647117604"",""platformId"":""douyin"",""evidenceDepth"":""listing"",""role"":""consumer-content-title"",""recordLocator"":""douyin-observed.json / samples / DC-097""},{""id"":""DC-112"",""url"":""https://www.douyin.com/video/7680679581858172223"",""platformId"":""douyin"",""evidenceDepth"":""listing"",""role"":""consumer-content-title"",""recordLocator"":""douyin-observed.json / samples / DC-112""},{""id"":""DC-110"",""url"":""https://www.douyin.com/video/7655762924574140334"",""platformId"":""douyin"",""evidenceDepth"":""listing"",""role"":""consumer-content-title"",""recordLocator"":""douyin-observed.json / samples / DC-110""},{""id"":""cn-dify-06"",""url"":""https://marketplace.dify.ai/template/sonilo/Generate%20a%20licensed%20soundtrack%20for%20your%20video?creationType=templates&templateId=c558a1fb-bb8c-4a5e-9404-d681c6659cf2"",""platformId"":""dify"",""evidenceDepth"":""detail"",""role"":""competitor-supply"",""recordLocator"":""china-samples.json / samples / cn-dify-06""},{""id"":""gl-openart-13"",""url"":""https://openart.ai/blog/post/stable-diffusion-prompts-for-wallpaper"",""platformId"":""openart"",""evidenceDepth"":""detail"",""role"":""competitor-supply"",""recordLocator"":""global-samples.json / samples / gl-openart-13""}]"
"家庭记忆与旧照片修复","日常生活与消费","照片能否更清楚，同时保留这个人的真实样貌和原有信息？","老照片超清修复上色；烂照片修复；precise","保存原片和修订版本；分离去损伤、增强与生成补全；记录人物确认和细节争议","已有修复工具与教程；没有独立验证真实细节恢复或当事人认可。 未知：本组未取得消费者内容的明确AI生成声明，或只有工具/关键词材料","前后对照＋局部放大＋处理说明＋版本存档。用户关心人物真实性，必须能发现改动并回退，不能只展示“更美”的结果。","整理更多家庭照片、补信息和分享反馈；可观察行为：确认或否认改动、补照片背景、继续整理相册。待观察，不等于已证明复访","当事人/家属确认；隐私授权和原片保存","供给侧修复路径明确，存在保真与增加细节的模式区别。 消费者真实采用、任务频次和愿否在社区交流仍未知。","寻找家属对错误五官或年代细节的反馈；验证一次性修图能否延伸为持续记忆整理","[{""id"":""cn-tusi-03"",""url"":""https://tusi.cn/template/881945735438829337"",""platformId"":""tusi"",""evidenceDepth"":""detail"",""role"":""competitor-supply"",""recordLocator"":""china-samples.json / samples / cn-tusi-03""},{""id"":""cn-liblib-07"",""url"":""https://www.liblib.art/modelinfo/f6c007ddfc0d4055a248b2aa07af5aca"",""platformId"":""liblib"",""evidenceDepth"":""detail"",""role"":""competitor-supply"",""recordLocator"":""china-samples.json / samples / cn-liblib-07""},{""id"":""gl-openart-01"",""url"":""https://openart.ai/blog/how-to-restore-old-photos/"",""platformId"":""openart"",""evidenceDepth"":""detail"",""role"":""competitor-supply"",""recordLocator"":""global-samples.json / samples / gl-openart-01""},{""id"":""gl-leonardo-12"",""url"":""https://app.leonardo.ai/generation/image/restore-enhance-original-photo-maximum-quality-543be252-9f23-45ab-8e86-e6865885ff3c"",""platformId"":""leonardo"",""evidenceDepth"":""detail"",""role"":""competitor-supply"",""recordLocator"":""global-samples.json / samples / gl-leonardo-12""}]"
"家常做饭与厨房步骤","日常生活与消费","这道菜怎样做，在哪一步容易失败，家里的材料能否替换？","家常菜；去腥；食材清单","实际试做并记录份量和条件；拆解关键火候与失败表现；给出经过试做的材料替代","可整理已验证步骤和配图；生成食物图不说明配方能成功。 未知：本组未取得消费者内容的明确AI生成声明，或只有工具/关键词材料","食谱卡＋关键步骤短片＋失败对照。做饭时需要迅速查份量与动作，关键步骤可回看，比长叙述更容易使用。","每天做饭、换食材和调整人数反复发生；可观察行为：按菜谱再做、报告失败步骤、回传修改结果。待观察，不等于已证明复访","实际试做；食品保存和操作条件核查","家常菜、去腥技巧和食材清单均有具体标题。 本批食物生成教程主要供视觉，不支持真实烹饪成效。","读取明确缺份量、火候、替代材料的问题；寻找同一菜谱的复做与失败回传","[{""id"":""DC-272"",""url"":""https://www.douyin.com/video/7664116660126764297"",""platformId"":""douyin"",""evidenceDepth"":""listing"",""role"":""consumer-content-title"",""recordLocator"":""douyin-observed.json / samples / DC-272""},{""id"":""DC-274"",""url"":""https://www.douyin.com/video/7678755112533216512"",""platformId"":""douyin"",""evidenceDepth"":""listing"",""role"":""consumer-content-title"",""recordLocator"":""douyin-observed.json / samples / DC-274""},{""id"":""DC-281"",""url"":""https://www.douyin.com/video/7670486890495216936"",""platformId"":""douyin"",""evidenceDepth"":""listing"",""role"":""consumer-content-title"",""recordLocator"":""douyin-observed.json / samples / DC-281""},{""id"":""gl-openart-02"",""url"":""https://openart.ai/blog/post/stable-diffusion-prompts-for-food"",""platformId"":""openart"",""evidenceDepth"":""detail"",""role"":""competitor-supply"",""recordLocator"":""global-samples.json / samples / gl-openart-02""}]"
"食材、茶与食品选择知识","日常生活与消费","不同种类有什么差别，怎样按自己的使用方式选择？","六大茶类；白茶；榴莲","定义可比较维度与真实样品；解释加工、口感或储存差异；区分知识说明、体验和营销","可辅助对照表与图鉴；不能用生成外观证明口感、品质或健康结论。 未知：本组未取得消费者内容的明确AI生成声明，或只有工具/关键词材料","差异对照卡＋实物例子＋选择条件。消费者需要把差异转为选择，按使用条件组织比纯知识堆叠更有效。","新季节、新产品或实际购买触发；可观察行为：收藏对照、补使用体验、核查误导说法。待观察，不等于已证明复访","真实样品与资料核对；营销和健康主张审查","具体种类差异与价格变化的内容已出现。 未取得购买后的满意度，也未证明现有解释不足。","观察读者问价格、口感、冲泡还是来源；查同一词的知识消费与购买动机是否重合","[{""id"":""DC-006"",""url"":""https://www.douyin.com/video/7670720984210492713"",""platformId"":""douyin"",""evidenceDepth"":""listing"",""role"":""consumer-content-title"",""recordLocator"":""douyin-observed.json / samples / DC-006""},{""id"":""DC-018"",""url"":""https://www.douyin.com/video/7673116987035432182"",""platformId"":""douyin"",""evidenceDepth"":""listing"",""role"":""consumer-content-title"",""recordLocator"":""douyin-observed.json / samples / DC-018""},{""id"":""DC-268"",""url"":""https://www.douyin.com/video/7668646555003538739"",""platformId"":""douyin"",""evidenceDepth"":""listing"",""role"":""consumer-content-title"",""recordLocator"":""douyin-observed.json / samples / DC-268""},{""id"":""cn-runninghub-02"",""url"":""https://www.runninghub.cn/ai-detail/2014613196321067009"",""platformId"":""runninghub"",""evidenceDepth"":""detail"",""role"":""competitor-supply"",""recordLocator"":""china-samples.json / samples / cn-runninghub-02""},{""id"":""gl-openart-02"",""url"":""https://openart.ai/blog/post/stable-diffusion-prompts-for-food"",""platformId"":""openart"",""evidenceDepth"":""detail"",""role"":""competitor-supply"",""recordLocator"":""global-samples.json / samples / gl-openart-02""}]"
"地方美食与探店路线","日常生活与消费","去哪里吃、怎么点，预算和我的口味是否合适？","西安美食；美食探店；旅行攻略","真实到店记录与更新；分清菜品文化和消费建议；按地点、预算、口味整理路线","可辅助素材整理和路线呈现；生成菜图、广告片不代替真实探店。 未知：本组未取得消费者内容的明确AI生成声明，或只有工具/关键词材料","门店/菜品卡＋地图路线＋更新时间。就餐决策受地点和营业信息约束，地图和更新比漂亮菜图更能承接使用。","换目的地、回访与季节菜单带来更新；可观察行为：补充营业变化、反馈实际消费、按路线查店。待观察，不等于已证明复访","到店体验与利益关系说明；价格、地址和经营状态维护","有地方美食、个人口味排名和一天多店路线。 商业食品视觉与消费者路线服务不同，供给多少仍无可比口径。","核对消费反馈是否指出排队、价格或口味偏差；观察作者是否修订已失效门店信息","[{""id"":""DC-266"",""url"":""https://www.douyin.com/video/7655921998211648818"",""platformId"":""douyin"",""evidenceDepth"":""listing"",""role"":""consumer-content-title"",""recordLocator"":""douyin-observed.json / samples / DC-266""},{""id"":""DC-269"",""url"":""https://www.douyin.com/video/7677753069438430611"",""platformId"":""douyin"",""evidenceDepth"":""listing"",""role"":""consumer-content-title"",""recordLocator"":""douyin-observed.json / samples / DC-269""},{""id"":""DC-271"",""url"":""https://www.douyin.com/video/7667898075892976939"",""platformId"":""douyin"",""evidenceDepth"":""listing"",""role"":""consumer-content-title"",""recordLocator"":""douyin-observed.json / samples / DC-271""},{""id"":""DC-283"",""url"":""https://www.douyin.com/video/7684194495398743334"",""platformId"":""douyin"",""evidenceDepth"":""listing"",""role"":""consumer-content-title"",""recordLocator"":""douyin-observed.json / samples / DC-283""},{""id"":""cn-jimeng-10"",""url"":""https://jimeng.jianying.com/ai-tool/work-detail/7633773644845550857?itemType=210&workDetailType=ShowcaseVideo"",""platformId"":""jimeng"",""evidenceDepth"":""detail"",""role"":""competitor-supply"",""recordLocator"":""china-samples.json / samples / cn-jimeng-10""},{""id"":""gl-openart-02"",""url"":""https://openart.ai/blog/post/stable-diffusion-prompts-for-food"",""platformId"":""openart"",""evidenceDepth"":""detail"",""role"":""competitor-supply"",""recordLocator"":""global-samples.json / samples / gl-openart-02""}]"
"穿搭、体型与服饰选择","日常生活与消费","这件衣服或这种搭配适合我的体型、场合和预算吗？","形象管理；cleanfit；微胖女生","记录体型、尺码和真实穿着条件；比较不同搭配与场合；说明面料、活动与舒适性","已有换装工具；索引广告只作候选，虚拟试穿不能证实版型、尺寸与触感。 未知：本组未取得消费者内容的明确AI生成声明，或只有工具/关键词材料","条件筛选的搭配卡＋实穿对照＋衣物清单。可用性取决于个人条件，按场合与体型对照比统一审美排名更实用。","季节、场合和衣橱变化不断发生；可观察行为：提交实际搭配、反馈尺码偏差、复用旧衣组合。待观察，不等于已证明复访","真人实穿与尺码核对；图像美化和广告关系说明","列表含明确体型和风格任务，竞品有一键换装资源。 本批没有实穿回传，不能把生成好看等同购买适合。","区分求搭配思路和求单品链接；查找虚拟效果与实际穿着差异","[{""id"":""DC-248"",""url"":""https://www.douyin.com/video/7679786735651392777"",""platformId"":""douyin"",""evidenceDepth"":""listing"",""role"":""consumer-content-title"",""recordLocator"":""douyin-observed.json / samples / DC-248""},{""id"":""DC-252"",""url"":""https://www.douyin.com/video/7654108051036704040"",""platformId"":""douyin"",""evidenceDepth"":""listing"",""role"":""consumer-content-title"",""recordLocator"":""douyin-observed.json / samples / DC-252""},{""id"":""DC-255"",""url"":""https://www.douyin.com/video/7659374254936333029"",""platformId"":""douyin"",""evidenceDepth"":""listing"",""role"":""consumer-content-title"",""recordLocator"":""douyin-observed.json / samples / DC-255""},{""id"":""DC-253"",""url"":""https://www.douyin.com/video/7680826245919116587"",""platformId"":""douyin"",""evidenceDepth"":""listing"",""role"":""consumer-content-title"",""recordLocator"":""douyin-observed.json / samples / DC-253""},{""id"":""cn-tusi-07"",""url"":""https://tusi.cn/template/730227968860782663"",""platformId"":""tusi"",""evidenceDepth"":""detail"",""role"":""competitor-supply"",""recordLocator"":""china-samples.json / samples / cn-tusi-07""}]"
"小空间布局与收纳改造","日常生活与消费","在我的尺寸、采光和共同使用条件下，空间怎样安排更好用？","8㎡；双人书房；收纳","记录真实尺寸与使用行为；对照几种布局的通行和收纳差别；用实景或尺寸图验证改造","可生成布局视觉备选；没有证明图像满足尺寸、承重或施工要求。 未知：本组未取得消费者内容的明确AI生成声明，或只有工具/关键词材料","带尺寸平面图＋改造前后＋取舍说明。小空间决策受限制条件主导，标尺寸和取舍比只看效果图更关键。","生活变化、局部改造与使用反馈；可观察行为：回传实际尺寸、报告使用问题、迭代布局。待观察，不等于已证明复访","现场测量与设计核对；实际居住与施工条件","有8平方米双人书房与客厅改造问题，竞品已有室内效果图。 效果图供给不少不说明可执行方案充分；也没有测量短缺。","采集面积、家庭人数与具体卡点；核查改造后的实际使用而非拍照效果","[{""id"":""DC-129"",""url"":""https://www.douyin.com/video/7652687974844340721"",""platformId"":""douyin"",""evidenceDepth"":""listing"",""role"":""consumer-content-title"",""recordLocator"":""douyin-observed.json / samples / DC-129""},{""id"":""DC-130"",""url"":""https://www.douyin.com/video/7653429616396209443"",""platformId"":""douyin"",""evidenceDepth"":""listing"",""role"":""consumer-content-title"",""recordLocator"":""douyin-observed.json / samples / DC-130""},{""id"":""DG-生活家居-1"",""url"":""https://creator.douyin.com/creator-micro/creator-count/vertical-analysis?tabValue=creativity&areaId=619"",""platformId"":""douyin"",""evidenceDepth"":""keyword-guide"",""role"":""topic-keyword-only"",""recordLocator"":""douyin-observed.json / guide / 生活家居 / page 1"",""period"":""统计周期： 2026-09-09""},{""id"":""gl-seaart-09"",""url"":""https://www.seaart.ai/explore/detail/cjve98h4msbf9f2h7ing"",""platformId"":""seaart"",""evidenceDepth"":""detail"",""role"":""competitor-supply"",""recordLocator"":""global-samples.json / samples / gl-seaart-09""},{""id"":""gl-openart-12"",""url"":""https://openart.ai/blog/post/stable-diffusion-prompts-for-floor-plan"",""platformId"":""openart"",""evidenceDepth"":""detail"",""role"":""competitor-supply"",""recordLocator"":""global-samples.json / samples / gl-openart-12""}]"
"装修与全屋定制的执行步骤","日常生活与消费","下一步该准备什么，哪些先后关系会影响预算和返工？","全屋定制；自建房设计；步骤","整理阶段、材料和交付清单；记录报价范围、尺寸与修改原因；维护实际施工中的问题解决","可辅助文档整理和视觉沟通；现有样机/布局生成不能代替工程判断。 未知：本组未取得消费者内容的明确AI生成声明，或只有工具/关键词材料","分阶段清单＋过程案例＋可下载记录表。装修跨多环节，阶段入口便于使用者在需要时回来，不必记住一条长视频。","项目进入新阶段或出现问题时返回；可观察行为：更新完成情况、提出具体交接问题、记录返工原因。待观察，不等于已证明复访","施工与设计专业核对；真实预算和变更记录","有明确步骤教程和自建房案例标题。 本批没有独立执行结果，不能把家居热词当持续社区活跃。","观察咨询是否与实际装修阶段对应；核查哪些材料因缺少或错误导致返工","[{""id"":""DC-123"",""url"":""https://www.douyin.com/video/7663135309374180662"",""platformId"":""douyin"",""evidenceDepth"":""listing"",""role"":""consumer-content-title"",""recordLocator"":""douyin-observed.json / samples / DC-123""},{""id"":""DC-120"",""url"":""https://www.douyin.com/video/7660466608942370102"",""platformId"":""douyin"",""evidenceDepth"":""listing"",""role"":""consumer-content-title"",""recordLocator"":""douyin-observed.json / samples / DC-120""},{""id"":""gl-openart-12"",""url"":""https://openart.ai/blog/post/stable-diffusion-prompts-for-floor-plan"",""platformId"":""openart"",""evidenceDepth"":""detail"",""role"":""competitor-supply"",""recordLocator"":""global-samples.json / samples / gl-openart-12""},{""id"":""gl-openart-09"",""url"":""https://openart.ai/blog/post/stable-diffusion-prompts-for-mockup"",""platformId"":""openart"",""evidenceDepth"":""detail"",""role"":""competitor-supply"",""recordLocator"":""global-samples.json / samples / gl-openart-09""}]"
"汽车与数码的使用取舍","日常生活与消费","哪些差异影响我的真实使用，什么条件下值得升级？","优缺点；家用车；iPhone18","统一比较条件和版本；测试具体使用情境；把体验、参数、价格与不确定项分开","可辅助资料对照；研究/优惠聚合模板不证明评价准确或价格实时。 未知：本组未取得消费者内容的明确AI生成声明，或只有工具/关键词材料","使用场景对照＋可追溯测试＋版本更新。耐用品选择复杂，需按真实条件看取舍，并知道数据何时采集。","新型号、价格变化与购后问题触发；可观察行为：补充长期体验、更新问题、复查同条件比较。待观察，不等于已证明复访","实测与利益关系披露；信息时效和参数核查","已有优缺点、空间对比和新旧版本比较标题。 汽车与手机不能合并排名；这里仅共用“按条件比较”的内容方法。","分别查两类消费者最常重复的问题；核对测评后的长期反馈与已修复问题","[{""id"":""DC-020"",""url"":""https://www.douyin.com/video/7679051260921679113"",""platformId"":""douyin"",""evidenceDepth"":""listing"",""role"":""consumer-content-title"",""recordLocator"":""douyin-observed.json / samples / DC-020""},{""id"":""DC-293"",""url"":""https://www.douyin.com/video/7663703039194238227"",""platformId"":""douyin"",""evidenceDepth"":""listing"",""role"":""consumer-content-title"",""recordLocator"":""douyin-observed.json / samples / DC-293""},{""id"":""DC-295"",""url"":""https://www.douyin.com/video/7668305147985956139"",""platformId"":""douyin"",""evidenceDepth"":""listing"",""role"":""consumer-content-title"",""recordLocator"":""douyin-observed.json / samples / DC-295""},{""id"":""DC-301"",""url"":""https://www.douyin.com/video/7656448694903934227"",""platformId"":""douyin"",""evidenceDepth"":""listing"",""role"":""consumer-content-title"",""recordLocator"":""douyin-observed.json / samples / DC-301""},{""id"":""cn-dify-05"",""url"":""https://marketplace.dify.ai/template/langgenius/Agent%20&%20Template:%20Market%20Research%20Agent?creationType=templates&templateId=11ccd3c7-44f4-4695-9970-e8567ebb4b41"",""platformId"":""dify"",""evidenceDepth"":""detail"",""role"":""competitor-supply"",""recordLocator"":""china-samples.json / samples / cn-dify-05""},{""id"":""cn-dify-10"",""url"":""https://marketplace.dify.ai/template/skyfish/85d4848f-9d52-4d33-b423-0169058f3b8c"",""platformId"":""dify"",""evidenceDepth"":""detail"",""role"":""competitor-supply"",""recordLocator"":""china-samples.json / samples / cn-dify-10""}]"
"软件与AI工具的任务入门","工具学习与创作","怎样从安装走到完成一个任务，卡住时去哪里找答案？","零基础；GitHub；codex使用教程","以一个可完成任务组织步骤；列清版本、环境和前提；维护错误说明与练习结果","样本明确讲AI工具使用，但课程观看者不等于专业开发者；完整实操效果未核。 未知：本组未取得消费者内容的明确AI生成声明，或只有工具/关键词材料","任务教程＋样例文件＋版本/错误索引。入门者容易在设置处中断，错误索引和样例帮助恢复进度。","新任务、版本变化和错误促使再次使用；可观察行为：完成样例、报告环境与错误、回传修复结果。待观察，不等于已证明复访","亲自跑通与版本维护；按新手反馈改步骤","标题覆盖安装、配置、案例和非技术人员入门。 没有这些入门内容的详情反馈，不能用课程数量证明学习成效。","跟踪从安装问题到实际结果的求助链；区分只收藏教程和完成具体任务","[{""id"":""DC-002"",""url"":""https://www.douyin.com/video/7680156458940553061"",""platformId"":""douyin"",""evidenceDepth"":""listing"",""role"":""consumer-content-title"",""recordLocator"":""douyin-observed.json / samples / DC-002""},{""id"":""DC-010"",""url"":""https://www.douyin.com/video/7674339465447361838"",""platformId"":""douyin"",""evidenceDepth"":""listing"",""role"":""consumer-content-title"",""recordLocator"":""douyin-observed.json / samples / DC-010""},{""id"":""DC-013"",""url"":""https://www.douyin.com/video/7670140332318772506"",""platformId"":""douyin"",""evidenceDepth"":""listing"",""role"":""consumer-content-title"",""recordLocator"":""douyin-observed.json / samples / DC-013""},{""id"":""DC-021"",""url"":""https://www.douyin.com/video/7659992778310520070"",""platformId"":""douyin"",""evidenceDepth"":""listing"",""role"":""consumer-content-title"",""recordLocator"":""douyin-observed.json / samples / DC-021""},{""id"":""cn-dify-01"",""url"":""https://marketplace.dify.ai/template/langgenius/db1972b0-b019-47dd-a2a6-cb3736bb5bab"",""platformId"":""dify"",""evidenceDepth"":""detail"",""role"":""competitor-supply"",""recordLocator"":""china-samples.json / samples / cn-dify-01""},{""id"":""cn-dify-02"",""url"":""https://marketplace.dify.ai/template/langgenius/d97091e7-9948-475f-90e4-ea85f7632ba2"",""platformId"":""dify"",""evidenceDepth"":""detail"",""role"":""competitor-supply"",""recordLocator"":""china-samples.json / samples / cn-dify-02""}]"
"工作资料整理与可复用文档","工具学习与创作","怎样把散乱资料变成能检查、能继续用的结果？","Business Card Reader；AI Summarizer；囤积式收藏","明确输入质量与输出用途；保存出处和人工确认环节；整理可复用模板与例外处理","有名片识别、文档摘要和人工写作审核模板；业务准确性和采用仍未验证。 未知：本组未取得消费者内容的明确AI生成声明，或只有工具/关键词材料","输入样例＋结构化结果＋出处＋修改历史。工作者要检查和接着做，保留来源与版本比只给一段流畅答案更有价值。","重复材料任务与共同维护促使回用；可观察行为：复用模板、纠正输出、提交新例外。待观察，不等于已证明复访","业务判断与结果核对；敏感资料处理与使用授权","模板展示了信息输入、提取和审核；无边记标题提出收藏失效问题。 缺少实际工作完成与返工记录；消费者任务主要由模板用途推断。","收集输出被退回的具体原因；观察模板是否在第二次任务中真正复用","[{""id"":""cn-dify-02"",""url"":""https://marketplace.dify.ai/template/langgenius/d97091e7-9948-475f-90e4-ea85f7632ba2"",""platformId"":""dify"",""evidenceDepth"":""detail"",""role"":""competitor-supply"",""recordLocator"":""china-samples.json / samples / cn-dify-02""},{""id"":""cn-dify-07"",""url"":""https://marketplace.dify.ai/template/langgenius/008cedde-aa22-4d9b-8628-5ef272f5ecba"",""platformId"":""dify"",""evidenceDepth"":""detail"",""role"":""competitor-supply"",""recordLocator"":""china-samples.json / samples / cn-dify-07""},{""id"":""cn-dify-09"",""url"":""https://marketplace.dify.ai/template/langgenius/Human%20Input:%20Writing%20Assistant?creationType=templates&templateId=646708b7-26d9-44d9-8c8b-e2ebf41d44b6"",""platformId"":""dify"",""evidenceDepth"":""detail"",""role"":""competitor-supply"",""recordLocator"":""china-samples.json / samples / cn-dify-09""},{""id"":""DC-135"",""url"":""https://www.douyin.com/video/7653127455598710059"",""platformId"":""douyin"",""evidenceDepth"":""listing"",""role"":""consumer-content-title"",""recordLocator"":""douyin-observed.json / samples / DC-135""}]"
"镜头制作、动作与工作流排错","工具学习与创作","怎样完成这个镜头或流程，当前工具、限制和失败如何处理？","多人物站位；remotion；插件","给出输入、参数和可检查结果；记录工具限制与典型失败；把技术操作与构图、运镜选择分开","有实际AI制作教程和对应工具资源；跨工具兼容、额度和稳定性未整体实测。 部分来源有作者AI生成声明；未逐镜验证","效果示例＋可复用流程＋失败案例＋版本答疑。生产者需要从失败恢复并重复执行，成片展示不足以支持学习和排错。","新镜头、工具更新和具体故障持续发生；可观察行为：提交失败输入、回传修复结果、复用并改进流程。待观察，不等于已证明复访","实际运行与审美判断；维护依赖、输入边界和工具限制","详情出现工具选择、费用、真人限制、插件缺失等具体问题，也有人强调基本视听技能。 部分留言可能来自同业推广；没有验证问题是否得到解决或长期回来。","追踪至少一条从报错到解决的完整链路；把技术成功、视觉质量与用户采用分别记录","[{""id"":""DC-182"",""url"":""https://www.douyin.com/video/7673074764340650597"",""platformId"":""douyin"",""evidenceDepth"":""detail-text-comments"",""role"":""consumer-content-and-visible-comments"",""recordLocator"":""douyin-observed.json / samples / DC-182""},{""id"":""DC-008"",""url"":""https://www.douyin.com/video/7661104649675623714"",""platformId"":""douyin"",""evidenceDepth"":""detail-text-comments"",""role"":""consumer-content-and-visible-comments"",""recordLocator"":""douyin-observed.json / samples / DC-008""},{""id"":""cn-tusi-01"",""url"":""https://tusi.cn/template/927966263844578246"",""platformId"":""tusi"",""evidenceDepth"":""detail"",""role"":""competitor-supply"",""recordLocator"":""china-samples.json / samples / cn-tusi-01""},{""id"":""cn-runninghub-05"",""url"":""https://www.runninghub.cn/post/1933077979956215810"",""platformId"":""runninghub"",""evidenceDepth"":""detail"",""role"":""competitor-supply"",""recordLocator"":""china-samples.json / samples / cn-runninghub-05""},{""id"":""cn-runninghub-09"",""url"":""https://www.runninghub.cn/post/1980924554673606657"",""platformId"":""runninghub"",""evidenceDepth"":""detail"",""role"":""competitor-supply"",""recordLocator"":""china-samples.json / samples / cn-runninghub-09""}]"
"游戏、漫画与影视的可编辑素材","工具学习与创作","这个资源能否在我的作品里复用，改动和输出需要哪些条件？","游戏三视图及组件生成；speech bubbles；RPG character sprite","明确格式、尺寸和使用场景；提供分层、组件或编辑步骤；记录授权与兼容条件","已见多视图、气泡和游戏美术提示词；未证明可直接导入引擎或专业编辑。 未知：本组未取得消费者内容的明确AI生成声明，或只有工具/关键词材料","资源卡＋格式/授权信息＋预览＋使用示例。素材消费取决于能否接入制作，格式和授权应在下载前看清楚。","连续项目需要同风格素材与版本修订；可观察行为：重复下载、请求变体、报告兼容问题、回传作品。待观察，不等于已证明复访","可编辑交付与权利核对；质量、风格和格式检查","存在明确资产生产任务，但部分只交付静态图。 缺少实际下载复用和制作链路，不能把图片数量算成有效资产供给。","核查一个资源从获取到放进作品的过程；记录真正阻碍复用的是格式、权利还是质量","[{""id"":""cn-tusi-04"",""url"":""https://tusi.cn/template/719839714282047453"",""platformId"":""tusi"",""evidenceDepth"":""detail"",""role"":""competitor-supply"",""recordLocator"":""china-samples.json / samples / cn-tusi-04""},{""id"":""gl-leonardo-05"",""url"":""https://app.leonardo.ai/generation/image/image-features-set-four-comic-style-speech-bubbles-c3c4fcf2-5d08-478d-852b-9dbffe5e40d4"",""platformId"":""leonardo"",""evidenceDepth"":""detail"",""role"":""competitor-supply"",""recordLocator"":""global-samples.json / samples / gl-leonardo-05""},{""id"":""gl-openart-14"",""url"":""https://openart.ai/blog/post/stable-diffusion-prompts-for-game-assets"",""platformId"":""openart"",""evidenceDepth"":""detail"",""role"":""competitor-supply"",""recordLocator"":""global-samples.json / samples / gl-openart-14""}]"
"壁纸、卡牌与个人视觉表达","工具学习与创作","能否找到或做出适合自己风格、设备和场景的图像？","Live Wallpaper Generator；The Fool；desktop background","按设备比例和使用场景提供版本；组织风格与主题收藏；保留可调整的颜色和构图入口","已有壁纸与卡牌生成资源；实际安装、使用时长与系列消费未知。 未知：本组未取得消费者内容的明确AI生成声明，或只有工具/关键词材料","主题画廊＋场景预览＋适配版本＋轻量修改。审美选择适合浏览比较，但必须说明实际比例和使用效果，避免只看封面。","更换心情、主题系列与个性调整；可观察行为：保存后实际使用、请求适配、分享修改结果。待观察，不等于已证明复访","视觉筛选和适配检查；素材权利及生成标识","壁纸用途在资源与提示词中明确存在。 这通常容易一次性满足，不能默认具有高频复访或深度社区交流。","核查保存是否转为真实使用；观察系列更新、适配请求和主动二次创作","[{""id"":""cn-tusi-05"",""url"":""https://tusi.cn/template/855972617843127801"",""platformId"":""tusi"",""evidenceDepth"":""detail"",""role"":""competitor-supply"",""recordLocator"":""china-samples.json / samples / cn-tusi-05""},{""id"":""gl-openart-04"",""url"":""https://openart.ai/blog/post/stable-diffusion-prompts-for-tarot-card"",""platformId"":""openart"",""evidenceDepth"":""detail"",""role"":""competitor-supply"",""recordLocator"":""global-samples.json / samples / gl-openart-04""},{""id"":""gl-openart-13"",""url"":""https://openart.ai/blog/post/stable-diffusion-prompts-for-wallpaper"",""platformId"":""openart"",""evidenceDepth"":""detail"",""role"":""competitor-supply"",""recordLocator"":""global-samples.json / samples / gl-openart-13""},{""id"":""gl-seaart-12"",""url"":""https://www.seaart.ai/explore/detail/cvtgps5e878c738lpmpg"",""platformId"":""seaart"",""evidenceDepth"":""detail"",""role"":""competitor-supply"",""recordLocator"":""global-samples.json / samples / gl-seaart-12""}]"
