"作品编号","作品链接","原位置","身份标记","匿名转述","讨论倾向","主题","经历证据","已读回应","有价值","供给提示"
"DP-001","https://www.douyin.com/video/7673074764340650597","1","unverified_public_commenter","建议以三维制作、结构数据库和智能体作为另一条制作路径。","建议","替代方法；制作流程","未述亲测","未读回复","false",""
"DP-001","https://www.douyin.com/video/7673074764340650597","2","unverified_public_commenter","自称新手，询问 ComfyUI 能否完成同类效果，以及从哪个工具开始学习。","中性提问","入门路径；工具选择；适用条件","只自述新手处境，未报告尝试或完成任务。","可见评论者分别表达使用挫折式评价、推荐工具和继续询问；建议不一致，未形成可确认的完成结果。","true","明确的新手任务入口，回复同时出现推荐、门槛和反面评价，适合检查指导是否足够具体。"
"DP-001","https://www.douyin.com/video/7673074764340650597","3","unverified_public_commenter","询问使用的模型，以及现实人物限制如何处理。","中性提问","模型条件；真人限制","未述亲测","可见回复重复询问现实人物相关限制，没有提供处理办法。","false",""
"DP-001","https://www.douyin.com/video/7673074764340650597","4","unverified_public_commenter","询问所用工具是否收费昂贵。","中性提问","成本；使用门槛","未述亲测","可见评论者有明确试用后满意但认为昂贵的自述，其他回复也表达费用压力；未有原提问者的采用或解决确认。","true","费用问题的楼层有明确尝试后效果满意但认为昂贵的自述，可同时保留正面结果与采用限制。"
"DP-001","https://www.douyin.com/video/7673074764340650597","5","unverified_public_commenter","质疑方法在八人或频繁切镜条件下失效，并认为演示挑选了较容易的条件。","质疑","适用范围；演示选择；方法质疑","未述亲测","未读回复","true","给出人数和切镜条件，可核对教程范围；没有亲测说明，不能认定已发生技术失败。"
"DP-001","https://www.douyin.com/video/7673074764340650597","6","unverified_public_commenter","提出人物移动后仍保持一致性的具体问题。","中性提问","运动一致性；延伸任务","未述亲测","未读回复","false",""
"DP-001","https://www.douyin.com/video/7673074764340650597","7","unverified_public_commenter","询问作者是否在工具平台分享过相关内容。","中性提问","资源入口；材料请求","未述亲测","未读回复","false",""
"DP-001","https://www.douyin.com/video/7673074764340650597","8","unverified_public_commenter","认为演示镜头包含纵深移动，与全景图只能原地旋转的能力不一致。","质疑","镜头解释；演示一致性；方法质疑","未述亲测","未读回复","false",""
"DP-001","https://www.douyin.com/video/7673074764340650597","9","unverified_public_commenter","推荐一条较低成本的模型路线，同时认为其理解能力可能不足；性能与价格说法均未核验。","混合","模型选择；成本；替代方法","未述亲测","未读回复","false",""
"DP-001","https://www.douyin.com/video/7673074764340650597","10","unverified_public_commenter","询问演示镜头是否存在越轴问题。","中性提问","镜头语言；制作规范","未述亲测","未读回复","false",""
"DP-002","https://www.douyin.com/video/7668957069785803426","1","unverified_public_commenter","建议对照原片，认为这段 AI 表演显得生硬，并肯定原演员的表现。","反对","表演质量；原片对照；成品评价","未述亲测","部分回复坚持原作比较，另有回复赞赏 AI 已达到的水平；这说明评价存在分歧，不构成表演质量裁决。","true","提供明确比较对象，避免只对 AI 效果作孤立评价。"
"DP-002","https://www.douyin.com/video/7668957069785803426","2","unverified_public_commenter","觉得场景似曾相识，询问对应的电影。","中性提问","来源查找；原片对照","未述亲测","可见评论者给出电影名称，可视为来源问题的一条具体回答；未核对原片，也无提问者确认。","true","具体来源问题已有评论者提供电影名，是原平台能提供补充信息的反例。"
"DP-002","https://www.douyin.com/video/7668957069785803426","3","unverified_public_commenter","具体指出表情偏夸张、某些时刻缺少犹豫，认为这是与真人表演的差别。","质疑","表演细节；成品评价","未述亲测","回复包含对批评者的反驳和对夸张表情的认同，没有可验证的修正方法；已去除一处账号提及。","true","指出可以回看核对的表演细节，比笼统好坏更有信息。"
"DP-002","https://www.douyin.com/video/7668957069785803426","4","unverified_public_commenter","调侃提示词的复杂程度像论文；未说明是否看到了实际提示词。","不明","提示词复杂度；调侃","未述亲测","未读回复","false",""
"DP-002","https://www.douyin.com/video/7668957069785803426","5","unverified_public_commenter","认为 AI 替代演员的主要原因是成本更低；属于评论者判断。","观点表达","生产成本；AI替代讨论","未述亲测","未读回复","false",""
"DP-003","https://www.douyin.com/video/7678195402789837169","1","unverified_public_commenter","询问效果是否主要依赖模型版本，并认为旧版本较难得到自然皮肤。","质疑","模型版本；效果归因；皮肤质量","未述亲测","一条回复表示赞同模型版本解释；另一条详细自述用个人参考照生成多角度图，属于可继续核对的制作经验，未核图像质量或原教程效果。","true","提出模型版本这一竞争解释；楼层有另一模型的明确制作自述，不能把效果全归给提示词技巧。"
"DP-003","https://www.douyin.com/video/7678195402789837169","2","unverified_public_commenter","认为效果差别不大，并建议采用另一种模型与提示词路线。","质疑","方法差异；模型选择；替代方法","未述亲测","未读回复","false",""
"DP-003","https://www.douyin.com/video/7678195402789837169","3","unverified_public_commenter","表示想放弃某个图像模型，认为结果经不起放大观察；暗示个人接触但未交代尝试过程。","质疑","模型取舍；图像细节；个人使用暗示","措辞暗示已有接触，但没有明确输入、操作或亲测过程，不编码为已确认失败自述。","可见回复提出模型特性的解释并带作者点赞界面信号，另一回复继续描述细节杂乱但构图不错并询问修分镜；没有解决确认。","true","具体指出放大细节问题，回复中还提出构图不错但画面细节脏的情况，适合拆分评价维度。"
"DP-003","https://www.douyin.com/video/7678195402789837169","4","unverified_public_commenter","认为模型选择比提示词更关键，并指出参考图质量会影响后续视频。","观点表达","效果归因；模型选择；参考图质量","未述亲测","未读回复","false",""
"DP-003","https://www.douyin.com/video/7678195402789837169","5","unverified_public_commenter","提出两项改进建议：保持参考图质量稳定，并准确描述细节。","建议","参考图质量；提示词细节；改进建议","未述亲测","未读回复","true","给出可操作的输入质量与细节描述检查项，但尚无本条执行结果。"
"DP-004","https://www.douyin.com/video/7678155357679602995","1","unverified_public_commenter","感谢视频传播相关故事，并表达地方认同与欢迎他人到访的态度。","支持","情绪共鸣；地方认同；内容传播","未述亲测","已读回复围绕地方认同，尚未读完大楼层；没有对史实或解释关系作答。","false",""
"DP-004","https://www.douyin.com/video/7678155357679602995","2","unverified_public_commenter","推荐相关电影，自述曾在影院观看并深受触动。","支持","相关作品；观看自述；情绪共鸣","自述观看的是另一个电影作品，不是本条视频的完整观看或后续回访。","一条表示打算观看电影，另一条肯定电影；第三条仅为账号提及，没有可归纳的实质正文。","true","给出可追踪的相关作品与明确观看体验，楼层还有继续观看意向。"
"DP-004","https://www.douyin.com/video/7678155357679602995","3","unverified_public_commenter","补充一位收养者的经历与相关数字；历史说法未核验。","补充","人物补充；历史说法","未述亲测","一条回复是道德赞许，另一条正文为空，不能补猜其态度或内容。","false",""
"DP-004","https://www.douyin.com/video/7678155357679602995","4","unverified_public_commenter","质疑古代诗歌与现代事件之间的联系；同时说明并非否定视频所有方面。","质疑","论证关联；内容质疑；历史解释","未述亲测","未读回复","true","直接涉及内容如何建立解释关系；本次未展开该楼层，不能认定作者已回应或未回应。"
"DP-004","https://www.douyin.com/video/7678155357679602995","5","unverified_public_commenter","提出不同于标题的人数范围及收养条件，并表达祝福；相关数字和事实未核验。","补充","数量争议；材料补充；情绪表达","未述亲测","未读回复","true","历史数字与条件可以进入资料核对，不能因留言详细就采信。"
"DP-005","https://www.douyin.com/video/7668119425446350122","1","unverified_public_commenter","自述成年后重读文章受到很大触动。","支持","重读体验；人生阶段；情绪共鸣","只有阅读体验自述，年龄不用于用户画像，也不是平台复访记录。","回复共同讨论人生阅历与理解旧文的关系，不是作者教学答复或使用效果验证。","true","说明旧内容可能因人生阶段变化产生新意义；同批近似评论不能再当独立验证。"
"DP-005","https://www.douyin.com/video/7668119425446350122","2","unverified_public_commenter","认为为人父亲后更能理解文章分量，并赞同长远的家庭关怀；未明确自述自己的身份。","支持","家庭关怀；文章理解","未述亲测","未读回复","false",""
"DP-005","https://www.douyin.com/video/7668119425446350122","3","unverified_public_commenter","表示内容恰好对应孩子近期的背诵安排。","支持","教育情境；内容相关性","只说明一个学习安排相关场景，未证明已把视频用于教学或产生效果。","楼层转向对课程或教师称谓的争论，而未讨论如何使用视频学习。","true","给出具体学习情境；楼层却转向称谓争执，能区分内容相关性与讨论跑题。"
"DP-005","https://www.douyin.com/video/7668119425446350122","4","unverified_public_commenter","表达受到启发并准备反省自己。","支持","自我反思；情绪共鸣","未述亲测","未读回复","false",""
"DP-005","https://www.douyin.com/video/7668119425446350122","5","unverified_public_commenter","以忠勇与家国评价历史人物及其后人；历史细节未核验。","支持","历史评价；价值表达","未述亲测","回复对人物应从军还是传承文化持不同观点，没有史实核验。","false",""
"DP-005","https://www.douyin.com/video/7668119425446350122","6","unverified_public_commenter","补充并推测人物家庭经历与孩子背诵文章的情况；未经核验。","补充","历史叙述；推测补充","未述亲测","未读回复","false",""
"DP-005","https://www.douyin.com/video/7668119425446350122","7","unverified_public_commenter","自述成年后才理解文章。","支持","人生阶段；理解自述","理解程度由本人表述，未核查实际阅读过程。","未读回复","false",""
"DP-005","https://www.douyin.com/video/7668119425446350122","8","unverified_public_commenter","自述成年后重读受到触动，内容与第一条高度近似。","支持","重读体验；近似文本","与第一条近似但无法确认同人、复制或独立表达，保留两条并标疑似重复信息。","未读回复","false",""
"DP-005","https://www.douyin.com/video/7668119425446350122","9","unverified_public_commenter","称此前不知道这篇文章，这次才知道。","中性陈述","首次发现；知识接触","仅为首次接触的自述，不代表学习完成。","未读回复","true","首次接触者与重读者并存，反驳观众都熟悉课文的假设。"
"DP-005","https://www.douyin.com/video/7668119425446350122","10","unverified_public_commenter","尝试补充人物后来战死的地点，措辞不确定；史实未核验。","补充","历史补充；事实待核","未述亲测","未读回复","false",""
"DP-006","https://www.douyin.com/video/7677555740273380635","1","unverified_public_commenter","把自己代入故事世界，开玩笑担心别人已获得能力而自己落后。","参与式玩笑","角色代入；世界观玩梗；共同参与","未述亲测","可见回复以称呼和日常物件继续接梗，不是现实身份判断或任务求助。","true","具体角色代入获得其他评论者接梗，提示参与可以是共同想象，而非学习制作。"
"DP-006","https://www.douyin.com/video/7677555740273380635","2","unverified_public_commenter","用其他影片能上映作比较，称赞本作也值得进入影院；比较对象含混。","支持","成品肯定；电影比较","未述亲测","未读回复","false",""
"DP-006","https://www.douyin.com/video/7677555740273380635","3","unverified_public_commenter","以修仙天才的身份开玩笑解释自己尚未获得能力。","参与式玩笑","角色代入；世界观玩梗","未述亲测","另一条回复延续修仙与日常工作的玩笑，显示共同想象式互动。","false",""
"DP-006","https://www.douyin.com/video/7677555740273380635","4","unverified_public_commenter","询问作品是否与此前同名动画属于同一故事。","中性提问","作品关系；来源识别","未述亲测","可见回复仅给出不确定的否定，作品关系仍未获得作者确认或来源证实。","true","明确的作品关系问题，已有评论者给出不确定答复，仍缺权威关联说明。"
"DP-006","https://www.douyin.com/video/7677555740273380635","5","unverified_public_commenter","围绕神话世界提出人类与生物来历的想象性假设。","观点表达","世界观推演；想象参与","未述亲测","未读回复","false",""
"DP-007","https://www.douyin.com/video/7663756336345173258","1","unverified_public_commenter","自述近期反复刷到 AI 科幻灾难片，但没有看到更新完成的作品。","质疑","持续供给；完成度诉求；观看经历","针对其近期信息流的观看自述，不是所有作品停更的核查，也不能认定只指本作者。","已读回复转而讨论画风、AI 进步和近期信息流变化，没有指出续作入口，也没有作者交付说明。","true","明确提出看到很多开头但缺少完成作品的感受；应与已存在的合集对照，避免把旧留言当当前缺口。"
"DP-007","https://www.douyin.com/video/7663756336345173258","2","unverified_public_commenter","用听闻别人高频更新并获利的说法开玩笑；产量和收入均无依据。","不明","高产调侃；获利传闻","未述亲测","未读回复","false",""
"DP-007","https://www.douyin.com/video/7663756336345173258","3","unverified_public_commenter","借虚构与现实的反转句式参与故事氛围。","参与式玩笑","世界观玩梗；AI虚构讨论","未述亲测","未读回复","false",""
"DP-007","https://www.douyin.com/video/7663756336345173258","4","unverified_public_commenter","认为短剧的效果可比大片。","支持","成品肯定；电影比较","未述亲测","未读回复","false",""
"DP-007","https://www.douyin.com/video/7663756336345173258","5","unverified_public_commenter","赞赏构思，并希望有能力的创作者获得传统影视创作机会。","支持","构思评价；创作者认可；AI与影视","未述亲测","未读回复","true","认可的是构思与创作者能力，提示消费并非只追 AI 新奇性。"
"DP-007","https://www.douyin.com/video/7663756336345173258","6","unverified_public_commenter","具体称赞设定、剧情和打斗，并声称每集都吸引观看；实际看过几集未知。","支持","故事质量；连载消费表述","重复消费自述，未核行为","未读回复","true","列出具体内容优点并表达多集兴趣；须与真实观看和更新记录分开。"
"DP-007","https://www.douyin.com/video/7663756336345173258","7","unverified_public_commenter","以反问方式赞叹短剧对电影的替代潜力。","支持","AI与影视；能力赞叹","未述亲测","未读回复","false",""
"DP-007","https://www.douyin.com/video/7663756336345173258","8","unverified_public_commenter","以故事中的全球性事件设定作轻松评论。","参与式玩笑","情节参与；世界观玩梗","未述亲测","未读回复","false",""
"DP-007","https://www.douyin.com/video/7663756336345173258","9","unverified_public_commenter","觉得比电影更好看，未给具体比较条件。","支持","成品肯定；电影比较","未述亲测","未读回复","false",""
"DP-007","https://www.douyin.com/video/7663756336345173258","10","unverified_public_commenter","留下含义不清的短语，无法确定态度或诉求。","不明","含义不明","未述亲测","未读回复","false",""
"DP-008","https://www.douyin.com/video/7674170814966631718","1","unverified_public_commenter","肯定分析，并希望继续了解这些账号如何获得收入。","支持","延伸选题；商业模式兴趣","未述亲测","未读回复","false",""
"DP-008","https://www.douyin.com/video/7674170814966631718","2","unverified_public_commenter","质疑作者样本没有纳入一位熟悉的创作者。","质疑","样本覆盖；纳入标准","未述亲测","另一评论者补充一个未入样本的作者，未取得原作者的纳入说明。","false",""
"DP-008","https://www.douyin.com/video/7674170814966631718","3","unverified_public_commenter","明确请求数据取得过程的教程，认为新手不会操作。","中性提问","数据采集方法；教程请求；学习门槛","未述亲测","未读回复","true","明确要取得研究方法而非只看结论，且指出操作门槛。"
"DP-008","https://www.douyin.com/video/7674170814966631718","4","unverified_public_commenter","建议作者发布本次比较视频的制作教程，并预测这会受欢迎。","建议","分析制作方法；教程请求","未述亲测","作者确实回应，内容是认为这件事很简单，未给操作步骤。评论者强调新手门槛；其他评论者分别提出视频制作和数据研究的大致路径，并继续追问采集限制。没有原提问者完成确认。","true","目的性补读已确认作者用轻描淡写的说法回应；评论者明确反驳门槛判断，其他评论者尝试补充步骤，是区分回应与实际可用说明的具体证据。"
"DP-008","https://www.douyin.com/video/7674170814966631718","5","unverified_public_commenter","质疑样本的实操价值与焦虑营销，并询问一个同名作者的身份是否对应。","质疑","实操价值；营销质疑；作者身份","未述亲测","可见评论者纠正同名作者身份，但未回答实操价值与焦虑营销的整体质疑；身份说法也未独立核验。","false",""
"DP-008","https://www.douyin.com/video/7674170814966631718","6","unverified_public_commenter","自述经常观看另一作者，并评论其近况。","中性陈述","固定观看；作者关注","重复消费自述，未核行为","未读回复","false",""
"DP-008","https://www.douyin.com/video/7674170814966631718","7","unverified_public_commenter","以教人使用工具的挑战进度作宣传，人数与完成效果未核验。","推广","自我推广；教学招徕","未述亲测","未读回复","false",""
"DP-008","https://www.douyin.com/video/7674170814966631718","8","unverified_public_commenter","声称卖课最赚钱；没有给出个人经营经历或证据。","观点表达","卖课观点；获利判断","未述亲测","未读回复","false",""
"DP-008","https://www.douyin.com/video/7674170814966631718","9","unverified_public_commenter","自述关注的部分作者以课程和资源包获利，并认为应用场景仍有不足；仅代表其观察。","质疑","商业模式观察；资源交付；应用价值","是对其关注范围的自述，没有市场分母，也没有收入核验。","部分回复讨论生产不确定性及人为筛选，作者只赞同比喻用得好，没有就应用场景、课程与资源包价值提供操作性答复。仍有更多回复未读。","false",""
"DP-008","https://www.douyin.com/video/7674170814966631718","10","unverified_public_commenter","建议作者持续做创作者分析，使观众能通过一个整理者了解其他账号。","建议","持续选题；信息整理；关注理由","未述亲测","未读回复","true","提出持续关注的理由是信息整理，反驳所有人都想亲自学习工具的假设。"
"DP-009","https://www.douyin.com/video/7668274778004678321","1","unverified_public_commenter","对教赚钱者的动机表示普遍不信任，认为其意图是收取学费；这是观点而非已证实指控。","质疑","商业动机；信任质疑；课程营销","未述亲测","未读回复","true","显示教学商业动机的信任门槛，不能靠受欢迎的获利话题直接推断合作或购买意愿。"
"DP-009","https://www.douyin.com/video/7668274778004678321","2","unverified_public_commenter","推测作者了解这些过程是因为自己经历过；没有证据证明作者履历。","不明","作者经历推测","未述亲测","未读回复","false",""
"DP-009","https://www.douyin.com/video/7668274778004678321","3","unverified_public_commenter","用充值、买课后另谋工作作讽刺，表达对获利承诺的怀疑；未自述实际购买或损失。","质疑","获利承诺；课程消费；讽刺","未述亲测","可见回复继续批评买课与相关消费认知，另有一条正文为空；没有个人实际购买或损失经过。","false",""
"DP-009","https://www.douyin.com/video/7668274778004678321","4","unverified_public_commenter","建议借 AI 学习编程与基础知识，强调向内积累能力；未说明自己完成了这些学习。","建议","长期学习；基础能力；替代路径","未述亲测","未读回复","true","提出能力积累这一替代价值，区别于短期赚钱承诺。"
"DP-009","https://www.douyin.com/video/7668274778004678321","5","unverified_public_commenter","认为教工具操作的内容很多，而帮助实际应用的内容不足；未给可核总体分母。","质疑","实际应用；教程价值；任务完成","未述亲测","可见回复继续发表对教学价值的消极判断，没有给具体应用场景或解决办法。","true","区分会操作与完成实际事情，但具体任务尚未给出，需继续追问。"
"DP-S002","https://www.douyin.com/video/7680156458940553061","1","unverified_public_commenter","认为不以收入为目的的 AI 使用可能变成持续花钱的兴趣消费。","质疑","成本；兴趣动机","未述亲测","未读回复","false","区分愿意为兴趣投入与需要工作回报的使用动机；此条未提供实际付费记录。"
"DP-S002","https://www.douyin.com/video/7680156458940553061","2","unverified_public_commenter","自述做了职业规划角色的 Agent 预设，用来督促副业。","分享","Agent；个人工作流；副业","评论自述或有限经历表述，身份与结果未独立核验。","读到具体流程追问、对方案的称赞以及操作界面和参考文档请求。 存在具体个人工作流兴趣；没有读到可核执行步骤或效果回答。","false","追问实际督促方式、使用频率和效果；已读回复提出希望看具体过程。"
"DP-S002","https://www.douyin.com/video/7680156458940553061","3","unverified_public_commenter","自述要求删除项目时发生了超出预期的文件删除，并称系统受损。","负面","Agent；文件操作；失败","尝试或结果自述，未独立验证","展开后一个回复位置没有可读文本。 无法核实故障、排查过程或恢复结果。","true","需要核对任务边界、权限和失败过程；没有日志，不能确认损害范围。"
"DP-S002","https://www.douyin.com/video/7680156458940553061","4","unverified_public_commenter","希望获得教程文档。","请求","文档；资源获取","未述亲测","未读回复","false","明确文档入口与获取条件，记录是否成功拿到。"
"DP-S002","https://www.douyin.com/video/7680156458940553061","5","unverified_public_commenter","先认为过程过于麻烦，随后转向与讲解者有关的玩笑。","混合","操作复杂度；人物关注；闲聊","未述亲测","未读回复","false","可以核对教程是否存在不必要步骤；不能把整条当作明确学习需求。"
"DP-S002","https://www.douyin.com/video/7680156458940553061","6","unverified_public_commenter","请求提供操作手册。","请求","手册；资源获取","未述亲测","未读回复","false","提供可直接定位的手册及版本信息。"
"DP-S002","https://www.douyin.com/video/7680156458940553061","7","unverified_public_commenter","询问文档在哪里领取。","提问","文档；入口发现","未述亲测","未读回复","true","文档是否可发现是具体问题，已采集内容未确认领取结果。"
"DP-S002","https://www.douyin.com/video/7680156458940553061","8","unverified_public_commenter","调用平台助手，希望提取视频的主要内容。","请求","摘要；文字消费","未述亲测","未读回复","false","检验文字摘要能否帮助回查；未看到摘要实际生成。"
"DP-S002","https://www.douyin.com/video/7680156458940553061","9","unverified_public_commenter","评论焦点是讲解者外貌。","正面","人物关注","未述亲测","未读回复","false",""
"DP-S002","https://www.douyin.com/video/7680156458940553061","10","unverified_public_commenter","用玩笑语气表达想获取文档。","请求","文档；资源获取","未述亲测","未读回复","false","属于资源获取意向，不能视为已下载或已复用。"
"DP-S003","https://www.douyin.com/video/7665250198007926042","1","unverified_public_commenter","认为城区管理边界过于分散，提出合并管理的主张。","建议","城市区划；公共议题","未述亲测","未读回复","false","区分对区划的价值判断与区划历史事实。"
"DP-S003","https://www.douyin.com/video/7665250198007926042","2","unverified_public_commenter","指出东郊介绍遗漏了一个当地片区。","质疑","地理遗漏；地方知识","未述亲测","未读回复","true","可检查选题地域覆盖，并说明取舍范围。"
"DP-S003","https://www.douyin.com/video/7665250198007926042","3","unverified_public_commenter","自述曾在相关地区就学，并补充当地学校记忆。","分享","地方记忆；个人关联","评论自述或有限经历表述，身份与结果未独立核验。","未读回复","false","地方经历能触发补充与认同；不据此推断用户现居地。"
"DP-S003","https://www.douyin.com/video/7665250198007926042","4","unverified_public_commenter","补充当地公共空间规划与建成时间的说法。","补充","城市规划；历史补充","未述亲测","未读回复","false","需要核查规划史料，评论不是历史事实的独立证明。"
"DP-S003","https://www.douyin.com/video/7665250198007926042","5","unverified_public_commenter","询问一个当地称呼的含义。","提问","地方用语；释义","未述亲测","补读确认有作者回复标记，正文未读到；答复内容与解决情况未知。","true","可补充地方词汇解释；页面有作者回复标记，但回复正文未读到。"
"DP-S003","https://www.douyin.com/video/7665250198007926042","6","unverified_public_commenter","怀念该片区早期的生活氛围。","正面","地方记忆；怀旧","评论自述或有限经历表述，身份与结果未独立核验。","未读回复","false","可观察地方记忆是否形成持续交流，不能仅据此确认亲历年代。"
"DP-S003","https://www.douyin.com/video/7665250198007926042","7","unverified_public_commenter","提出公共空间曾有战时用途的说法。","补充","历史用途；事实补充","未述亲测","未读回复","false","应与规划文献交叉核查，不能直接纳入事实正文。"
"DP-S003","https://www.douyin.com/video/7665250198007926042","8","unverified_public_commenter","补充某片区行政归属的说法。","补充","行政归属；事实补充","未述亲测","未读回复","false","地理称呼与行政区划可能不一致，需要地图或行政资料确认。"
"DP-S003","https://www.douyin.com/video/7665250198007926042","9","unverified_public_commenter","提出道路旧名与城门命名存在联系。","补充","地名沿革；历史补充","未述亲测","未读回复","false","应核对名称、时间和关联依据。"
"DP-S003","https://www.douyin.com/video/7665250198007926042","10","unverified_public_commenter","询问某片区属于哪一部分东郊。","提问","行政归属；地方知识","未述亲测","一条回复给出地域名称，另一条要求查看个人证件。 保留地域答案存在这一事实；不转述索取身份信息，不据此判定行政归属或已解决。","false","已读回复给出地域名称，但没有权威依据或提问者确认。"
"DP-S004","https://www.douyin.com/video/7665276266328673572","1","unverified_public_commenter","认为人们倾向于接受自己愿意相信的内容。","观点","认知偏差；观点讨论","未述亲测","回复扩展为谣言、选择性接收与信息茧房讨论。 没有形成可检验的使用效果或解决记录。","false",""
"DP-S004","https://www.douyin.com/video/7665276266328673572","2","unverified_public_commenter","询问内容、形式和发布时间相同时，为何不同账号仍会得到不同结果。","提问","分发差异；方法迁移","未述亲测","三条回复分别提出账号差异、受众差异或素材分发差异。 属于未核机制解释，没有案例或提问者确认。","true","需要把内容方法与账号受众、曝光条件分开研究；评论中的假设不是已控制变量的实验。"
"DP-S004","https://www.douyin.com/video/7665276266328673572","3","unverified_public_commenter","注意到讲解者近期表达状态和个人风格的变化。","观察","人物风格；表达方式","未述亲测","一条回复自述已关注作者多年但批评其风格变化，另有追问和系列赞赏。 保留长期关注自述与负面评价并存；没有跨时点账号证据。","false",""
"DP-S004","https://www.douyin.com/video/7665276266328673572","4","unverified_public_commenter","向讲解者表示感谢。","正面","感谢","未述亲测","未读回复","false",""
"DP-S004","https://www.douyin.com/video/7665276266328673572","5","unverified_public_commenter","请求平台助手整理视频内容。","请求","摘要；文字消费","未述亲测","未读回复","true","可以检验章节摘要、可搜索文字稿的价值；未见整理结果。"
"DP-S004","https://www.douyin.com/video/7665276266328673572","6","unverified_public_commenter","认为本期内容质量较好。","正面","内容质量","未述亲测","未读回复","false",""
"DP-S004","https://www.douyin.com/video/7665276266328673572","7","unverified_public_commenter","质疑不同作品点赞差异及粉丝真实性。","质疑","指标差异；真实性质疑","未述亲测","未读回复","false","可解释作品指标的不同口径与曝光差异；不能据此认定虚假粉丝。"
"DP-S004","https://www.douyin.com/video/7665276266328673572","8","unverified_public_commenter","希望知道自己的账号应如何制作内容。","提问","个体应用；账号经营","只见意向或预期，未见完成结果。","未读回复","true","从通用观点到个体诊断仍有信息缺口，需要账号目标和内容样本。"
"DP-S004","https://www.douyin.com/video/7665276266328673572","9","unverified_public_commenter","请求平台助手总结内容。","请求","摘要；文字消费","未述亲测","未读回复","false","需要区分提出摘要请求与实际得到、使用摘要。"
"DP-S004","https://www.douyin.com/video/7665276266328673572","10","unverified_public_commenter","请求平台助手将视频整理成便于阅读的内容。","请求","摘要；文字消费","未述亲测","未读回复","false","可测试文字稿或要点索引的需求。"
"DP-S005","https://www.douyin.com/video/7656159828724747566","1","unverified_public_commenter","围绕续航、车重、轮胎、底盘、座舱和辅助驾驶提出多项质疑。","质疑","车辆重量；可靠性；技术评价","未述亲测","回复区域不可读。 技术质疑是否得到解释未知。","false","可补充具体使用场景与实测来源；评论中的技术判断未核验。"
"DP-S005","https://www.douyin.com/video/7656159828724747566","2","unverified_public_commenter","表示车重使自己降低购买意愿。","负面","购车取舍；车辆重量","只见意向或预期，未见完成结果。","未读回复","false","记录取舍原因，不能当作实际放弃订单。"
"DP-S005","https://www.douyin.com/video/7656159828724747566","3","unverified_public_commenter","自述近期长途驾车时没有注意到相应快充设施，询问普及情况。","提问","充电设施；长途出行","评论自述或有限经历表述，身份与结果未独立核验。","一条回复建议通过门店搜索查找充电设施。 只有检索建议；未见原提问者实际找到设施。","false","需按路线、站点和检索方式核对，不能推断全国设施不足。"
"DP-S005","https://www.douyin.com/video/7656159828724747566","4","unverified_public_commenter","询问车辆能够使用多少年。","提问","使用年限；可靠性","未述亲测","未读回复","false","内容可说明长期可靠性证据来源；短期试驾无法回答完整寿命。"
"DP-S005","https://www.douyin.com/video/7656159828724747566","5","unverified_public_commenter","希望找到性能相近、尺寸更小且便于停车的车型。","提问","车型选择；停车空间","未述亲测","未读回复","true","具体需求是性能与城市停车条件的折中。"
"DP-S005","https://www.douyin.com/video/7656159828724747566","6","unverified_public_commenter","称试驾感受较好，并用订单与配置说法支持该车型。","正面","试驾评价；订单说法；品牌辩护","评论自述或有限经历表述，身份与结果未独立核验。","回复围绕品牌社会评价争论，出现拥有车辆和驾驶经历的自述。 不能将身份、行驶里程或品牌态度当作实测或销量事实。","false","试驾主体和过程不清楚，订单数字也未核验；不能计为可靠销量证据。"
"DP-S005","https://www.douyin.com/video/7656159828724747566","7","unverified_public_commenter","认为该车型适合家用，但不适合商务场景。","观点","家用；商用；用途取舍","未述亲测","未读回复","false","可追问用途与评价标准，而非直接接受笼统分数。"
"DP-S005","https://www.douyin.com/video/7656159828724747566","8","unverified_public_commenter","希望比较本车与另一款 SUV 的选择。","提问","车型比较；购车决策","未述亲测","未读回复","false","需要按预算、乘坐、补能和空间条件组织比较。"
"DP-S005","https://www.douyin.com/video/7656159828724747566","9","unverified_public_commenter","关注画面中的人物而非车辆。","观察","人物关注","未述亲测","未读回复","false",""
"DP-S006","https://www.douyin.com/video/7666403360311905570","1","unverified_public_commenter","询问价格不同的相关车型之间如何区分。","提问","价格差异；车型定位","未述亲测","回复给出家用与操控定位解释，并有不认同意见。 车型定位与驾驶感受仍有分歧，未见解决确认。","false","需要解释车型定位与配置差异，不能仅列价格。"
"DP-S006","https://www.douyin.com/video/7666403360311905570","2","unverified_public_commenter","设想若采用掀背形式，会与另一车型产生怎样的关系。","建议","车身形式；产品设想","未述亲测","回复提出旅行车、装载空间与舒适性的取舍；一条自述正在使用旅行车。 需求比车身名称更具体，但未形成新车型选择或购买结论。","false","已读回复进一步提出旅行车与装载需求，可用于细分使用场景。"
"DP-S006","https://www.douyin.com/video/7666403360311905570","3","unverified_public_commenter","明确表示注意力集中在出镜人物，而没有关注车辆。","正面","人物关注；注意力差异","评论自述或有限经历表述，身份与结果未独立核验。","一条回复围绕人物吸引力开玩笑；另一条只有提及名，没有实质正文。 后一条作为 mention-only 回复位置，不当作可分析意见。","true","是评论互动不等于汽车信息消费的反例；不代表其他观看者。"
"DP-S006","https://www.douyin.com/video/7666403360311905570","4","unverified_public_commenter","指出视频没有介绍车载音响。","质疑","音响；内容遗漏","未述亲测","未读回复","true","这是可核查的具体功能遗漏，应核对视频章节后补充。"
"DP-S006","https://www.douyin.com/video/7666403360311905570","5","unverified_public_commenter","用夸张语气表示该车频繁引起自己的兴趣。","正面","产品吸引；重复接触","评论自述或有限经历表述，身份与结果未独立核验。","未读回复","false","不能从表达推算实际曝光次数或连续活跃。"
"DP-S006","https://www.douyin.com/video/7666403360311905570","6","unverified_public_commenter","自述长期关注该车型，看到价格后计划去门店看车。","分享","购车意向；线下体验","只见意向或预期，未见完成结果。","未读回复","true","只确认到店意向；需要后续确认是否到店及得到什么信息。"
"DP-S006","https://www.douyin.com/video/7666403360311905570","7","unverified_public_commenter","围绕副驾驶位置与沟通便利性开玩笑。","混合","乘坐体验；闲聊","未述亲测","未读回复","false","真实空间问题与玩笑语气并存，不能视为亲身乘坐评价。"
"DP-S006","https://www.douyin.com/video/7666403360311905570","8","unverified_public_commenter","作简短可爱评价，具体指向不明确。","正面","泛赞赏","未述亲测","未读回复","false",""
"DP-S006","https://www.douyin.com/video/7666403360311905570","9","unverified_public_commenter","称赞出镜人物外貌。","正面","人物关注","未述亲测","未读回复","false",""
"DP-S006","https://www.douyin.com/video/7666403360311905570","10","unverified_public_commenter","自述近期在门店看到了另一款车，并表达兴趣。","分享","门店看车；产品兴趣","评论自述或有限经历表述，身份与结果未独立核验。","未读回复","false","可作为线下看车经历自述，不能视为购买或本作品促成到店。"
"DP-S007","https://www.douyin.com/video/7676325120041962762","1","unverified_public_commenter","自述购车数年后仍喜欢车辆外观。","正面","车主体验；外观；长期喜好","评论自述或有限经历表述，身份与结果未独立核验。","未读回复","true","支持长期产品喜好的自述，不能证明持续观看该作者或车辆可靠性。"
"DP-S007","https://www.douyin.com/video/7676325120041962762","2","unverified_public_commenter","肯定作者并期待其粉丝增长。","正面","作者支持；成长期待","未述亲测","一条回复声称作者已达到某个粉丝门槛。 未核主页历史数据，不能据此确认增长。","false","属于作者支持表达，不能作为真实增长数据。"
"DP-S007","https://www.douyin.com/video/7676325120041962762","3","unverified_public_commenter","看到车型首先联想到网约车。","观察","品牌联想；用途","未述亲测","未读回复","false","这是品牌联想的反例，可与强调高端感的表达对照。"
"DP-S007","https://www.douyin.com/video/7676325120041962762","4","unverified_public_commenter","对某款配色的外观印象深刻。","正面","外观；审美","未述亲测","未读回复","false",""
"DP-S007","https://www.douyin.com/video/7676325120041962762","5","unverified_public_commenter","用毛坯房比喻质疑简洁内饰是否等于科技感。","负面","内饰；科技感；讽刺","未述亲测","回复延续对简洁内饰和科技感的讽刺或追问。 可见审美分歧，没有技术解释或达成共识。","true","审美与功能价值可能不一致，应保留负面评价。"
"DP-S007","https://www.douyin.com/video/7676325120041962762","6","unverified_public_commenter","以简略表述暗示自己使用第一代车型。","分享","车主身份","评论自述或有限经历表述，身份与结果未独立核验。","回复调侃照片拍摄角度，并有笑声反馈。 没有新增车主身份或产品性能证据。","false","只能保留未核身份自述，不能补出持有年限或使用效果。"
"DP-S007","https://www.douyin.com/video/7676325120041962762","7","unverified_public_commenter","认为该品牌走在行业前列。","正面","品牌评价","未述亲测","未读回复","false",""
"DP-S007","https://www.douyin.com/video/7676325120041962762","8","unverified_public_commenter","从车型被用于专车推断产品与品牌质量。","观点","品牌推断；营运用途","未述亲测","未读回复","false","属于评论者推断，不能作为质量或市场份额事实。"
"DP-S007","https://www.douyin.com/video/7676325120041962762","9","unverified_public_commenter","从配置升级推断品牌持续投入研发。","正面","产品迭代；研发评价","未述亲测","未读回复","false","配置与研发投入是不同事实，均需独立资料核对。"
"DP-S007","https://www.douyin.com/video/7676325120041962762","10","unverified_public_commenter","简短称赞新车型外观。","正面","外观；审美","未述亲测","未读回复","false",""
"DP-S008","https://www.douyin.com/video/7683730151108080102","1","unverified_public_commenter","询问某套技术是否只属于特定品牌系列。","提问","配置归属；车型差异","未述亲测","回复询问并解释品牌系列之间的技术归属。 没有官方配置材料或提问者确认；不能直接确定适配关系。","false","已读回复提出配置归属解释，但没有官方依据或提问者确认。"
"DP-S008","https://www.douyin.com/video/7683730151108080102","2","unverified_public_commenter","认为实车观感和家用氛围超过预期。","正面","座舱；家用氛围","评论自述或有限经历表述，身份与结果未独立核验。","一条回复质疑称赞过于空泛，另一条继续赞扬座舱。 必须保留争议，不凭此认定水军或真实体验。","false","未说明亲临体验，不能判定为真实到店试坐。"
"DP-S008","https://www.douyin.com/video/7683730151108080102","3","unverified_public_commenter","自述刚提车并提到成交价格。","分享","购车经历；价格讨论","评论自述或有限经历表述，身份与结果未独立核验。","回复质疑价格差异，并提到高配版本。 身份未关联，不能认定是原评论者补充版本，也不能核实成交价。","false","身份和交易均未核验，不能当作真实成交样本或内容转化。"
"DP-S008","https://www.douyin.com/video/7683730151108080102","4","unverified_public_commenter","称做工和座舱氛围较好。","正面","做工；座舱","评论自述或有限经历表述，身份与结果未独立核验。","未读回复","false","是否本人试坐不清楚，保留为感受表述。"
"DP-S008","https://www.douyin.com/video/7683730151108080102","5","unverified_public_commenter","认为布局与另一款车型相似。","观察","同类比较；布局","未述亲测","未读回复","false","可比较布局与实际用途，不直接认定产品相同。"
"DP-S008","https://www.douyin.com/video/7683730151108080102","6","unverified_public_commenter","从画面观感担心车门受力表现。","质疑","车门；耐用性观感","未述亲测","未读回复","false","视觉印象无法判断结构或耐久性，需要实测。"
"DP-S008","https://www.douyin.com/video/7683730151108080102","7","unverified_public_commenter","对电池容量表达惊讶。","正面","电池规格","未述亲测","未读回复","false","评论中的规格未核验。"
"DP-S008","https://www.douyin.com/video/7683730151108080102","8","unverified_public_commenter","认为静态视频清楚展示了座舱细节。","正面","细节展示；内容价值","未述亲测","未读回复","false","支持细节展示的感知价值，不代表完成购车判断。"
"DP-S008","https://www.douyin.com/video/7683730151108080102","9","unverified_public_commenter","认为实拍能补充参数表难以呈现的座舱细节。","正面","实拍；参数补充","未述亲测","未读回复","true","可研究哪些细节值得实拍，不能因此确认产品品质结论。"
"DP-S008","https://www.douyin.com/video/7683730151108080102","10","unverified_public_commenter","认为后备箱空间偏小。","负面","后备箱；空间取舍","未述亲测","未读回复","true","需核对装载尺度与使用需求，保留对正面体验的反例。"
"DP-S009","https://www.douyin.com/video/7668984762966510890","1","unverified_public_commenter","因对鸡肉安全性的担忧而不愿食用。","担忧","食品安全；信任","未述亲测","未读回复","false","这是安全疑虑，不是食品不安全的证据。"
"DP-S009","https://www.douyin.com/video/7668984762966510890","2","unverified_public_commenter","询问是否需要连续一个月主要吃固定几种食物。","提问","饮食多样性；执行方式","未述亲测","未读回复","true","需要说明饮食方案的适用范围与替换方式；不在此提供医疗建议。"
"DP-S009","https://www.douyin.com/video/7668984762966510890","3","unverified_public_commenter","表示更容易被烧烤吸引。","观点","口味偏好","未述亲测","未读回复","false",""
"DP-S009","https://www.douyin.com/video/7668984762966510890","4","unverified_public_commenter","将方案与旅行期间的饮食和体重变化相联系。","分享","生活经历；体重变化","评论自述或有限经历表述，身份与结果未独立核验。","未读回复","false","体重变化是自述，不能把旅行经历当作方案有效性的验证。"
"DP-S009","https://www.douyin.com/video/7668984762966510890","5","unverified_public_commenter","认为长期重复这种吃法难以坚持。","负面","持续执行；饮食重复","只见意向或预期，未见完成结果。","未读回复","false","是预期执行障碍，尚不是实际中断记录。"
"DP-S009","https://www.douyin.com/video/7668984762966510890","6","unverified_public_commenter","自述已对某种常见减脂食材产生强烈厌倦。","负面","持续执行；食物厌倦","评论自述或有限经历表述，身份与结果未独立核验。","回复询问食材做法，有一条列举烹调方式，另一条为笑声。 身份未关联，不确定烹调方式是谁的经历；没有改善厌倦或健康效果确认。","true","需要理解口味、烹调与可持续执行问题，不能推断疾病。"
"DP-S009","https://www.douyin.com/video/7668984762966510890","7","unverified_public_commenter","请求平台助手核查方案是否有科学依据。","提问","科学依据；求证","未述亲测","未读回复","true","未看到核查答案，不能视为健康疑虑已解决。"
"DP-S009","https://www.douyin.com/video/7668984762966510890","8","unverified_public_commenter","推荐另一种肉类用于减重。","建议","替代食物；健康主张","未述亲测","未读回复","false","只是未经核查的健康主张，不宜作为有效建议转载。"
"DP-S009","https://www.douyin.com/video/7668984762966510890","9","unverified_public_commenter","用营养吸收与饥饿感的说法质疑方案。","质疑","饥饿感；营养解释","未述亲测","未读回复","false","解释的医学正确性未核查；保留其关心饱腹与营养的诉求。"
"DP-S010","https://www.douyin.com/video/7665584072642546979","1","unverified_public_commenter","声称在每个相关视频里都会留言。","分享","重复参与；自述","评论自述或有限经历表述，身份与结果未独立核验。","未读回复","false","缺少身份关联与时间记录，不能计为跨周活跃。"
"DP-S010","https://www.douyin.com/video/7665584072642546979","2","unverified_public_commenter","自述长期模仿球员动作，并提到后来出现身体负担。","分享","运动经历；身体负担","评论自述或有限经历表述，身份与结果未独立核验。","未读回复","true","可提示动作欣赏与业余实践有差别；不确认因果或医疗判断。"
"DP-S010","https://www.douyin.com/video/7665584072642546979","3","unverified_public_commenter","估计球员若在当今联赛能够达到更高得分。","观点","跨时代比较；假设讨论","未述亲测","未读回复","false","反事实评价不是实际比赛统计。"
"DP-S010","https://www.douyin.com/video/7665584072642546979","4","unverified_public_commenter","用夸张二选一表达对球员能力的喜爱。","玩笑","球迷互动；趣味选择","未述亲测","选择题回复区域不可读。 无法判断后续讨论。","false",""
"DP-S010","https://www.douyin.com/video/7665584072642546979","5","unverified_public_commenter","称赞球员突破能力。","正面","球员能力；球迷评价","未述亲测","未读回复","false",""
"DP-S010","https://www.douyin.com/video/7665584072642546979","6","unverified_public_commenter","用球员昵称缩写赞赏其撕开防线的能力。","正面","球员能力；缩写歧义","未述亲测","未读回复","true","这里的 AI 指艾弗森，不是人工智能；不得据词面认定 AI 内容。"
"DP-S010","https://www.douyin.com/video/7665584072642546979","7","unverified_public_commenter","询问是否有人不喜欢这名球员。","提问","球迷认同","未述亲测","一条回复声称不同代际对球员评价不同。 未经核查的群体印象，不是用户年龄分层。","false","体现球迷立场交流，不是学习动作或工具需求。"
"DP-S010","https://www.douyin.com/video/7665584072642546979","8","unverified_public_commenter","认为当今判罚尺度会放大球员优势。","观点","比赛规则；跨时代比较","未述亲测","未读回复","false","属于假设性讨论，不能当作跨时代效果证据。"
"DP-S010","https://www.douyin.com/video/7665584072642546979","9","unverified_public_commenter","用选秀地位支持对球员能力的判断。","观点","选秀；能力论证","未述亲测","回复讨论选秀地位，并出现身高数值纠正。 保留事实核查需求，不将回复直接写成球员资料。","false","已读回复有事实纠正与争论，应核对具体资料后再引用。"
"DP-S010","https://www.douyin.com/video/7665584072642546979","10","unverified_public_commenter","认为球员实力毋庸置疑，质疑提问方式。","质疑","球迷评价；提问方式","未述亲测","未读回复","false",""
"DP-S011","https://www.douyin.com/video/7672150405173759275","1","unverified_public_commenter","猜测这条作品制作投入很大。","观察","制作成本；作品评价","未述亲测","未读回复","false","不支持具体成本、作者盈利或制作效率判断。"
"DP-S011","https://www.douyin.com/video/7672150405173759275","2","unverified_public_commenter","自述野外垂钓遇到险情并放弃追回装备，认为作品表达的克制与安全意识有价值。","分享","户外经历；安全；内容认同","评论自述或有限经历表述，身份与结果未独立核验。","回复不可读，顶层作者点赞标记可见。 只确认作者点赞，不推断作者回答了安全经历或问题。","true","这是生活经历与作品主题的具体连接；作者点赞可见，但回复正文未读到。"
"DP-S011","https://www.douyin.com/video/7672150405173759275","3","unverified_public_commenter","转向讨论另一地区工厂劳动收入。","观点","劳动收入；离题讨论","未述亲测","一条回复补充自身过去劳动收入记忆。 离题且不可核，不纳入内容机会或收入统计。","false","与作品主题关联弱，数值和劳动条件未核验。"
"DP-S011","https://www.douyin.com/video/7672150405173759275","4","unverified_public_commenter","表示喜欢作者反复使用的开场台词。","正面","作者标识；熟悉感","评论自述或有限经历表述，身份与结果未独立核验。","回复不可读，顶层作者点赞标记可见。 识别固定表达与作者点赞可见；后续交流内容未知。","true","支持标志性表达被识别；不证明实际观看频率或跨周回访。"
"DP-S011","https://www.douyin.com/video/7672150405173759275","5","unverified_public_commenter","指出画面中装备的品牌型号。","观察","装备识别","未述亲测","未读回复","false","不能据此认定购买意向或完成装备判断。"
"DP-S011","https://www.douyin.com/video/7672150405173759275","6","unverified_public_commenter","认为几位垂钓作者表现真实。","正面","作者评价；真实性","未述亲测","未读回复","false","这是观众感受，不是对内容真实性的审计。"
"DP-S011","https://www.douyin.com/video/7672150405173759275","7","unverified_public_commenter","希望未来一起出行，并自称具有野外鱼类保护与繁育经验。","请求","合作意向；专业能力自述","只见意向或预期，未见完成结果。","未读回复","true","存在具体参与意向，但专业能力、可行性及合作结果均未核验。"
"DP-S011","https://www.douyin.com/video/7672150405173759275","8","unverified_public_commenter","将作者与知名自然纪录片主持人类比。","正面","作品风格；作者比较","未述亲测","未读回复","false",""
"DP-S011","https://www.douyin.com/video/7672150405173759275","9","unverified_public_commenter","邀请熟人一起参加类似活动。","请求","同伴邀请","只见意向或预期，未见完成结果。","未读回复","false","只看到公开邀请，不能认定实际出行。"
"DP-S011","https://www.douyin.com/video/7672150405173759275","10","unverified_public_commenter","复述作者的固定开场表达。","分享","作者标识；引用互动","评论自述或有限经历表述，身份与结果未独立核验。","未读回复","false","体现符号识别与参与，不支持观看时长或重复观看次数。"
"DP-S012","https://www.douyin.com/video/7680922458311920938","1","unverified_public_commenter","自述自己的钓具与作者使用的装备相似。","分享","装备；个人关联","评论自述或有限经历表述，身份与结果未独立核验。","未读回复","false","能确认到装备关联自述，不能推断是受作品影响购买。"
"DP-S012","https://www.douyin.com/video/7680922458311920938","2","unverified_public_commenter","自述试过该方法，认为在野钓场景不如另一种钓法。","负面","钓法；实测反馈；适用条件","尝试或结果自述，未独立验证","未读回复","true","需要核对水域、鱼情、装备与过程，是可继续追问的实际使用反馈。"
"DP-S012","https://www.douyin.com/video/7680922458311920938","3","unverified_public_commenter","认为这种钓组已经流行多年。","质疑","钓法；新颖性质疑","未述亲测","未读回复","false","可以核对方法来源；流行年限不是效果证据。"
"DP-S012","https://www.douyin.com/video/7680922458311920938","4","unverified_public_commenter","担心传播类似钓法会影响当地鱼类资源。","担忧","生态影响；传播边界","未述亲测","未读回复","false","生态影响说法尚未核验，不把评论直接写成事实结论。"
"DP-S012","https://www.douyin.com/video/7680922458311920938","5","unverified_public_commenter","以目标鱼种变化调侃系列教程。","玩笑","题材延续；趣味互动","未述亲测","未读回复","false","体现对系列题材的识别，不证明完整追更。"
"DP-S012","https://www.douyin.com/video/7680922458311920938","6","unverified_public_commenter","认为效果受鱼类资源条件影响，普通野钓未必适用。","观点","钓法；资源条件","未述亲测","未读回复","false","提炼适用条件问题；此条没有明确第一人称实测过程。"
"DP-S012","https://www.douyin.com/video/7680922458311920938","7","unverified_public_commenter","介绍当地另一种挂钩和饵料搭配。","补充","地方做法；方法补充","未述亲测","未读回复","false","地区经验主张需要条件与结果，不默认是本人试验。"
"DP-S012","https://www.douyin.com/video/7680922458311920938","8","unverified_public_commenter","质疑作者绑钩方式。","质疑","绑钩方法；技术质疑","未述亲测","回复有人解释另一类钓法的绑钩习惯，一条自述使用相同绑法未脱钩，还有人认为可用但不完美。 存在互相对照的经验主张，条件不统一，无法判定优劣或问题已解决。","false","已读回复有技术辩论与未脱钩的个人自述，尚不能确认哪种更适合。"
"DP-S012","https://www.douyin.com/video/7680922458311920938","9","unverified_public_commenter","推荐当地流行的另一种饵料。","建议","饵料；地方做法","未述亲测","一条回复明确自述在另一个地区试过但无效，同时转述听说另一方法成功。 本人失败与他人成功传闻必须分开；支持核对水域等适用条件。","false","已读回复报告在另一地区尝试失败，说明迁移条件值得核对。"
"DP-S012","https://www.douyin.com/video/7680922458311920938","10","unverified_public_commenter","简短推荐更换饵料。","建议","饵料；替代建议","未述亲测","未读回复","false","没有操作条件与结果，不能计为已解决方案。"
"DP-S013","https://www.douyin.com/video/7675929500500207990","1","unverified_public_commenter","认为某角色强度过高，并描述阵容配合。","观点","游戏强度；版本","未述亲测","回复在不同日期质疑此前的角色强度判断，并称版本削弱。 版本变化可能影响旧教程；补丁事实和实际强度仍待核。","false","已读回复说法随版本发生分歧，需关联补丁日期和对局条件。"
"DP-S013","https://www.douyin.com/video/7675929500500207990","2","unverified_public_commenter","给出一个简短的阵容组合名称。","补充","阵容；方法补充","未述亲测","回复提出按血量、连胜与阶段调整路线的建议，部分文字不清楚。 只保留能读懂的条件性建议，不重构含混步骤或宣称已解决。","false","仅有名称不足以复用，需要条件和具体打法。"
"DP-S013","https://www.douyin.com/video/7675929500500207990","4","unverified_public_commenter","根据作者更新时间推测其对新旧赛季的态度。","观察","作者更新；赛季","未述亲测","可见作者点赞；不能将点赞等同于正文回复或问题解决。","false","这是观众推测，不是作者已确认的偏好或稳定更新频率。"
"DP-S013","https://www.douyin.com/video/7675929500500207990","5","unverified_public_commenter","认为游戏随机性会限制该过渡方法的效果。","质疑","随机性；适用边界","未述亲测","未读回复","false","应记录阵容成型条件与失败情形，不能将此条算成亲测。"
"DP-S013","https://www.douyin.com/video/7675929500500207990","6","unverified_public_commenter","建议优先经济资源并转向高等级阵容。","建议","游戏策略；替代路线","未述亲测","未读回复","false","替代建议未展示完整对局或结果。"
"DP-S013","https://www.douyin.com/video/7675929500500207990","7","unverified_public_commenter","自述实测后认为思路可行，但成型阵容强度不足，仍会输给另一类阵容。","负面","游戏策略；实测失败","尝试或结果自述，未独立验证","未读回复","true","需要核对版本、资源和具体对局；这是有条件的失败反馈，不是全盘否定。"
"DP-S013","https://www.douyin.com/video/7675929500500207990","8","unverified_public_commenter","认为实际对局难以凑齐教程所需组合，理想流程并不稳定。","质疑","随机性；理想与实战","未述亲测","未读回复","false","需要展示缺少关键条件时如何调整；未明确自述一次具体试验。"
"DP-S013","https://www.douyin.com/video/7675929500500207990","9","unverified_public_commenter","激烈质疑方法能否稳定产生预期胜负结果。","负面","稳定性；批评","未述亲测","回复继续以贬低语气批评内容。 没有新增对局或实测过程，不增加失败试验计数。","true","保留负面观点，但没有实测过程，不能计为独立失败试验。"
"DP-S013","https://www.douyin.com/video/7675929500500207990","10","unverified_public_commenter","自述到某个段位后难以理解和取胜。","负面","学习困难；进阶","评论自述或有限经历表述，身份与结果未独立核验。","未读回复","true","可继续询问具体决策节点；已读内容未看到针对性解决。"
"DP-S014","https://www.douyin.com/video/7665680324180872490","1","unverified_public_commenter","询问有多少观众因另一款游戏而来了解本作剧情。","提问","跨作品兴趣；剧情补充","未述亲测","一个回复位置不可读，其余有简短赞同以及游戏与动画节奏比较。 可见媒介节奏讨论；不能由简短赞同确认具体来路或人数。","false","提供可能的跨作品入口，不能据提问推算人群比例。"
"DP-S014","https://www.douyin.com/video/7665680324180872490","2","unverified_public_commenter","自述通过搜索找到了这条剧情视频，并鼓励作者继续制作。","正面","搜索发现；作者支持","评论自述或有限经历表述，身份与结果未独立核验。","未读回复","false","支持搜索是本条自述的发现方式，不能推断全站搜索占比。"
"DP-S014","https://www.douyin.com/video/7665680324180872490","3","unverified_public_commenter","围绕作品与角色知名度开玩笑。","玩笑","角色认知；玩笑","未述亲测","三条回复简短赞同角色梗，其中一条带提及占位符。 剥离提及信息后仅为赞同，不当作新任务或独立人群证据。","false",""
"DP-S014","https://www.douyin.com/video/7665680324180872490","5","unverified_public_commenter","抱怨联动作品过于小众。","负面","跨界联动；知名度质疑","未述亲测","一条回复自述没玩过游戏，来补剧情；其余争论作品是否小众。 具体支持非玩家也会消费剧情解释，不支持非玩家占比或外部市场规模。","false","已读回复有人自述未玩过但来补剧情；不能据争论判定作品市场规模。"
"DP-S014","https://www.douyin.com/video/7665680324180872490","6","unverified_public_commenter","比较两部作品的视觉风格，疑惑新旧感差异。","提问","视觉风格；版本比较","未述亲测","未读回复","false","可补充原作、重制版与美术风格的区别。"
"DP-S014","https://www.douyin.com/video/7665680324180872490","7","unverified_public_commenter","询问不同系列中的辅助角色设定是否变化。","提问","世界观；角色设定","未述亲测","未读回复","true","这是剧情消费中的具体设定问题，已采集回复未覆盖。"
"DP-S014","https://www.douyin.com/video/7665680324180872490","8","unverified_public_commenter","认为作品设定有趣。","正面","世界观；兴趣表达","未述亲测","未读回复","false","支持兴趣表达，不要求用户转向游戏或创作工具。"
"DP-S014","https://www.douyin.com/video/7665680324180872490","9","unverified_public_commenter","认为前期剧情节奏拖沓。","负面","剧情节奏；内容评价","未述亲测","未读回复","true","需区分原作节奏与讲解剪辑；评论未明确指向哪一层。"
"DP-S014","https://www.douyin.com/video/7665680324180872490","10","unverified_public_commenter","自述观看动画版本后，对部分角色产生强烈负面情绪。","负面","剧情观看；人物情绪","评论自述或有限经历表述，身份与结果未独立核验。","未读回复","false","是剧情讨论与媒介间消费的自述，不代表看完本条视频。"
"DP-S015","https://www.douyin.com/video/7675021138669407542","1","unverified_public_commenter","认为当前版本角色变强，技能叠加与对线更容易。","观点","版本；角色强度","未述亲测","回复提出另一种对抗策略，又被反问和调侃。 策略仍有争议，没有完整对局验证。","false","需要补丁与对局来源；数值主张不是测量结果。"
"DP-S015","https://www.douyin.com/video/7675021138669407542","2","unverified_public_commenter","用系列梗对视频作简短概括。","观察","摘要；系列梗","未述亲测","未读回复","false","可体现熟悉表达，但无法确认实际观看或总结准确性。"
"DP-S015","https://www.douyin.com/video/7675021138669407542","3","unverified_public_commenter","希望削弱角色，认为加强幅度过大。","负面","平衡性；更新诉求","未述亲测","未读回复","false","属于版本平衡诉求，不能用作胜率数据。"
"DP-S015","https://www.douyin.com/video/7675021138669407542","4","unverified_public_commenter","质疑加强理由，并描述可能增加的对线压力。","质疑","平衡性；机制争议","未述亲测","未读回复","false","需要区分评论者论证、真实统计与版本事实。"
"DP-S015","https://www.douyin.com/video/7675021138669407542","5","unverified_public_commenter","用叠加层数的整除关系质疑自己对技能机制的理解。","提问","技能机制；数值疑问","未述亲测","回复提出当前版本对不同单位叠加层数有调整。 有机制解释但无官方补丁引用，也未见提问者确认理解。","false","已读回复提出单位叠加量改变的解释，可补版本说明；未见提问者确认。"
"DP-S015","https://www.douyin.com/video/7675021138669407542","6","unverified_public_commenter","询问视频里一个用词是什么意思。","提问","术语释义","未述亲测","未读回复","false","可补简短词汇解释，未见已读答案。"
"DP-S015","https://www.douyin.com/video/7675021138669407542","7","unverified_public_commenter","沿用系列话术询问哪一集最夸张。","提问","系列内容；趣味互动","未述亲测","三条回复延续下一集更夸张的玩笑。 属于系列表达参与，不是已完成下一集观看。","false","回复延续玩笑，支持系列符号互动，不等于实际追更数据。"
"DP-S015","https://www.douyin.com/video/7675021138669407542","8","unverified_public_commenter","询问作者为什么没有选择某件装备。","提问","装备选择；决策解释","未述亲测","未读回复","true","比罗列出装更需要解释当局条件与取舍；未见已读答案。"
"DP-S015","https://www.douyin.com/video/7675021138669407542","9","unverified_public_commenter","认为对局中的符文选择不合适。","建议","符文选择；策略意见","未述亲测","未读回复","false","需要角色、对局与版本背景，不能直接判定建议正确。"
"DP-S015","https://www.douyin.com/video/7675021138669407542","10","unverified_public_commenter","认为皮肤语音增强了角色压迫感。","正面","音效；审美体验","未述亲测","未读回复","true","支持声音与表演的观看价值，不是功能学习需求。"
"DP-S016","https://www.douyin.com/video/7659359024613231918","1","unverified_public_commenter","补充一款自己记忆中曾流行的游戏。","补充","游戏史；遗漏","评论自述或有限经历表述，身份与结果未独立核验。","未读回复","false","需要榜单统计口径与历史资料，回忆不是用户规模证据。"
"DP-S016","https://www.douyin.com/video/7659359024613231918","2","unverified_public_commenter","认为榜单遗漏了自己喜欢的一组游戏。","负面","个人偏好；榜单遗漏","未述亲测","未读回复","false","说明兴趣覆盖差异，不能推出榜单整体错误。"
"DP-S016","https://www.douyin.com/video/7659359024613231918","3","unverified_public_commenter","提醒作者考虑另一款游戏。","质疑","游戏史；遗漏","未述亲测","未读回复","false","可检查纳入范围与选取标准。"
"DP-S016","https://www.douyin.com/video/7659359024613231918","4","unverified_public_commenter","表达对后续时代游戏的整体否定。","负面","怀旧；时代评价","未述亲测","未读回复","false","强烈主观评价不能作为行业质量趋势。"
"DP-S016","https://www.douyin.com/video/7659359024613231918","5","unverified_public_commenter","回忆某游戏早期的虚拟货币价值。","分享","游戏经济；历史记忆","评论自述或有限经历表述，身份与结果未独立核验。","未读回复","false","交易年代与口径未核查，不能作为经济数据。"
"DP-S016","https://www.douyin.com/video/7659359024613231918","6","unverified_public_commenter","质疑某一年度为何未选择另一款代表游戏。","提问","榜单范围；年份比较","未述亲测","一条回复猜测榜单只统计网游而未包含主机游戏。 是读者解释，未确认作者实际统计范围。","false","已读回复猜测榜单限于网游，但作者范围说明未见。"
"DP-S016","https://www.douyin.com/video/7659359024613231918","7","unverified_public_commenter","喜欢游戏本身，同时批评其运营方。","混合","游戏评价；运营商评价","未述亲测","一条回复认为后期商业化影响游戏体验。 经营动机与效果未核验，保留为负面感受。","false","保留产品体验与运营评价的差异，不视为已证实经营事实。"
"DP-S016","https://www.douyin.com/video/7659359024613231918","8","unverified_public_commenter","希望内容继续覆盖后续年份。","请求","续篇；时间覆盖","未述亲测","两条回复围绕年份开玩笑。 未回答续篇内容，也未确认后续发布或观看。","true","是明确的续篇意向，未见后续作品消费或回访证据。"
"DP-S016","https://www.douyin.com/video/7659359024613231918","9","unverified_public_commenter","询问两款游戏在非锁定战斗机制上的先后。","提问","机制历史；先后顺序","未述亲测","未读回复","true","需要可核对的版本时间与机制定义。"
"DP-S016","https://www.douyin.com/video/7659359024613231918","10","unverified_public_commenter","质疑机制首创、模仿关系与游戏当前状态。","质疑","史实纠正；当前状态","未述亲测","未读回复","false","包含多个待核事实，应拆开核查，不能仅据评论认定内容失实。"
"DP-CAND-02-1","https://www.douyin.com/video/7679427156413402409","1","unverified_public_commenter","提出另一套三国战略解释，认为原战略存在问题。","质疑","历史解释；内容论证","未述亲测","解决情况未知","true","出现具体叙事解释分歧，值得核出处；不采信其史实结论。"
"DP-CAND-02-1","https://www.douyin.com/video/7679427156413402409","2","unverified_public_commenter","对两个人物的简短反应，语句未说完。","不可判","语义不完整","未述亲测","所见展开回复未出现源记录标记的作者解决信息；不能推断作者在未采到部分从未回应。","false","无法确定赞同对象或具体问题。"
"DP-CAND-02-1","https://www.douyin.com/video/7679427156413402409","3","unverified_public_commenter","补充出山年龄的说法。","补充","历史数字","未述亲测","解决情况未知","false","孤立数字无来源或需求，不能当史实证据。"
"DP-CAND-02-1","https://www.douyin.com/video/7679427156413402409","4","unverified_public_commenter","希望观看近代史题材。","请求","题材偏好；选题请求","未述亲测","解决情况未知","true","明确提出希望继续消费的题材。"
"DP-CAND-02-1","https://www.douyin.com/video/7679427156413402409","5","author","作者征询续作应以正史还是掺入演义为主。","征询","作者征询；史实与演义；续作方向","作者创作意图","所见展开回复未出现源记录标记的作者解决信息；不能推断作者在未采到部分从未回应。","true","是作者主动设计议题的证据，不能计为消费者需求。"
"DP-CAND-02-1","https://www.douyin.com/video/7679427156413402409","6","unverified_public_commenter","识别画面角色似某位知名演员。","识别","形象来源；演员识别","未述亲测","所见展开回复未出现源记录标记的作者解决信息；不能推断作者在未采到部分从未回应。","false","仅识别演员，没有明确使用问题。"
"DP-CAND-02-1","https://www.douyin.com/video/7679427156413402409","7","unverified_public_commenter","短词含义不明。","不可判","语义不明","未述亲测","解决情况未知","false","无法形成可操作解释。"
"DP-CAND-02-1","https://www.douyin.com/video/7679427156413402409","8","unverified_public_commenter","只有提及符号和标点。","不可判","提及；低信息","未述亲测","解决情况未知","false","没有可读消费诉求。"
"DP-CAND-02-1","https://www.douyin.com/video/7679427156413402409","9","unverified_public_commenter","赞赏AI呈现的叙述气质和听感。","正面","声音呈现；叙事风格","观看反应自述，不等于应用结果","解决情况未知","true","说明受欢迎的具体呈现维度；不证明史实可信。"
"DP-CAND-02-1","https://www.douyin.com/video/7679427156413402409","10","unverified_public_commenter","质疑两个人物音色来源不统一，希望统一到同一版。","质疑并建议","声音一致性；版本偏好","观看反应自述，不等于应用结果","解决情况未知","true","提出具体可修改的声音一致性问题。"
"DP-CAND-02-2","https://www.douyin.com/video/7676009729012878607","1","unverified_public_commenter","转述另一人物读信后改变态度的故事。","补充","历史故事转述","转述他人或新闻","解决情况未知","false","未给出处，也未形成具体消费问题。"
"DP-CAND-02-2","https://www.douyin.com/video/7676009729012878607","2","unverified_public_commenter","质疑人物是否曾见过先帝。","质疑","历史关系；事实核验","未述亲测","所见展开回复未出现源记录标记的作者解决信息；不能推断作者在未采到部分从未回应。","true","给出可核实的人物关系问题。"
"DP-CAND-02-2","https://www.douyin.com/video/7676009729012878607","3","unverified_public_commenter","用信任与欺骗概括两个人物关系。","感慨","人物解读","未述亲测","所见展开回复未出现源记录标记的作者解决信息；不能推断作者在未采到部分从未回应。","false","主题性评价没有具体改进或使用条件。"
"DP-CAND-02-2","https://www.douyin.com/video/7676009729012878607","4","unverified_public_commenter","认为视频形象与自己熟悉的青年形象差异很大。","质疑","人物形象；年龄阶段；受众预期","观看反应自述，不等于应用结果","所见展开回复未出现源记录标记的作者解决信息；不能推断作者在未采到部分从未回应。","true","指出创作形象与既有认知冲突，需交代人物年龄阶段。"
"DP-CAND-02-2","https://www.douyin.com/video/7676009729012878607","5","unverified_public_commenter","长段赞颂人物忠诚与品格。","正面","情绪共鸣；人物赞颂","未述亲测","解决情况未知","false","情绪表达不足以说明内容如何被复用。"
"DP-CAND-02-2","https://www.douyin.com/video/7676009729012878607","6","unverified_public_commenter","引用人物相关台词。","互动","台词复述","未述亲测","解决情况未知","false","复述不等于问题或验证。"
"DP-CAND-02-2","https://www.douyin.com/video/7676009729012878607","7","unverified_public_commenter","以对手评价表达人物认同。","正面","人物评价","未述亲测","解决情况未知","false","没有可操作消费问题。"
"DP-CAND-02-2","https://www.douyin.com/video/7676009729012878607","8","unverified_public_commenter","遗憾视频省略了退守过程。","批评","叙事遗漏；内容完整性","观看反应自述，不等于应用结果","解决情况未知","true","明确要求补充一段情节。"
"DP-CAND-02-2","https://www.douyin.com/video/7676009729012878607","9","unverified_public_commenter","认为某段未解释清楚，导致人物被呈现为阴谋家。","批评","叙事因果；形象偏差","观看反应自述，不等于应用结果","解决情况未知","true","指出叙事缺口及其理解后果。"
"DP-CAND-02-2","https://www.douyin.com/video/7676009729012878607","10","unverified_public_commenter","用角色口吻表达悲壮感。","感慨","情绪共鸣；角色代入","未述亲测","解决情况未知","false","没有具体问题或结果。"
"DP-CAND-03-1","https://www.douyin.com/video/7684499736761584922","1","unverified_public_commenter","推测喷发会毁坏周边建筑。","担忧","风险范围；灾害后果","假设或推演","解决情况未知","true","提供需要解释影响范围的线索；不是已发生损失。"
"DP-CAND-03-1","https://www.douyin.com/video/7684499736761584922","3","unverified_public_commenter","以反问方式调侃火山是否可能不喷发。","反讽","反讽；灾害议题","未述亲测","解决情况未知","false","不能按字面计为风险咨询。"
"DP-CAND-03-1","https://www.douyin.com/video/7684499736761584922","4","unverified_public_commenter","认可配乐选择。","正面","配乐反馈","观看反应自述，不等于应用结果","解决情况未知","false","只有简短认可，缺少具体原因或约束。"
"DP-CAND-03-2","https://www.douyin.com/video/7684491344244411691","1","unverified_public_commenter","用手势差异辨认画面人物。","作答","视觉辨识；手势","未述亲测","解决情况未知","true","提供具体辨识依据，但不是需求或亲测。"
"DP-CAND-03-2","https://www.douyin.com/video/7684491344244411691","2","unverified_public_commenter","给出左右两侧身份答案。","作答","视觉辨识；答案","未述亲测","解决情况未知","false","作答本身不表明消费困难。"
"DP-CAND-03-2","https://www.douyin.com/video/7684491344244411691","3","unverified_public_commenter","自称第一眼就识别正确。","正面","视觉辨识；自评","观看反应自述，不等于应用结果","解决情况未知","false","未提供方法或问题。"
"DP-CAND-03-2","https://www.douyin.com/video/7684491344244411691","4","unverified_public_commenter","用服装颜色和徽章解释辨认依据。","解释","视觉辨识；服装细节","未述亲测","解决情况未知","true","具体解释画面判断线索；事实未独立核验。"
"DP-CAND-03-2","https://www.douyin.com/video/7684491344244411691","5","unverified_public_commenter","对徽章细节感到意外。","惊讶","视觉细节","观看反应自述，不等于应用结果","解决情况未知","false","未提出需求或待解决问题。"
"DP-CAND-03-2","https://www.douyin.com/video/7684491344244411691","6","unverified_public_commenter","用帽徽、军服和站姿比较辨认对象。","解释","视觉辨识；多特征解释","未述亲测","所见展开回复未出现源记录标记的作者解决信息；不能推断作者在未采到部分从未回应。","true","展示理解内容时使用的具体特征。"
"DP-CAND-03-2","https://www.douyin.com/video/7684491344244411691","7","unverified_public_commenter","自称一眼猜对。","正面","视觉辨识；自评","观看反应自述，不等于应用结果","解决情况未知","false","没有更多使用信息。"
"DP-CAND-03-2","https://www.douyin.com/video/7684491344244411691","8","unverified_public_commenter","用礼兵枪和军装说明答案。","作答","视觉辨识；器材线索","未述亲测","解决情况未知","true","给出具体辨识依据，不等于验证。"
"DP-CAND-03-2","https://www.douyin.com/video/7684491344244411691","9","unverified_public_commenter","只提示手型。","作答","视觉辨识；简短提示","未述亲测","解决情况未知","false","信息过短，无法明确判断链。"
"DP-CAND-03-2","https://www.douyin.com/video/7684491344244411691","10","unverified_public_commenter","依据枪的长度说明答案。","作答","视觉辨识；器材线索","未述亲测","解决情况未知","true","有具体辨识线索；不据此判断正确性。"
"DP-CAND-04-4","https://www.douyin.com/video/7683793936213997043","1","unverified_public_commenter","希望表演能自主完成而非依赖遥控。","期待并质疑","自主能力；演示边界","未述亲测","解决情况未知","true","要求区分自主能力与操控展示，具有核验价值。"
"DP-CAND-04-4","https://www.douyin.com/video/7683793936213997043","3","unverified_public_commenter","概括为机器人武术表演。","中性","内容复述","未述亲测","解决情况未知","false","没有新信息或消费问题。"
"DP-CAND-04-4","https://www.douyin.com/video/7683793936213997043","4","unverified_public_commenter","因科幻场景成为现实而激动。","正面","情绪共鸣；技术想象","观看反应自述，不等于应用结果","解决情况未知","false","观感不等于功能或应用证据。"
"DP-CAND-04-4","https://www.douyin.com/video/7683793936213997043","5","unverified_public_commenter","对动作画面作简短夸张反应。","调侃","玩笑；观感","未述亲测","解决情况未知","false","语境不足，不能推断功能问题。"
"DP-CAND-04-4","https://www.douyin.com/video/7683793936213997043","6","unverified_public_commenter","泛泛称赞。","正面","低信息称赞","未述亲测","解决情况未知","false","没有具体维度。"
"DP-CAND-04-4","https://www.douyin.com/video/7683793936213997043","7","unverified_public_commenter","感叹发展速度。","正面","低信息感叹","未述亲测","解决情况未知","false","没有可核实的体验。"
"DP-CAND-04-4","https://www.douyin.com/video/7683793936213997043","8","unverified_public_commenter","认为机器人进步快。","正面","技术进步评价","未述亲测","解决情况未知","false","泛化评价不构成应用证据。"
"DP-CAND-04-4","https://www.douyin.com/video/7683793936213997043","9","unverified_public_commenter","质疑跳舞的实际用途。","质疑","应用价值；演示目的","未述亲测","所见展开回复未出现源记录标记的作者解决信息；不能推断作者在未采到部分从未回应。","true","明确要求说明展示与真实用途的关系。"
"DP-CAND-04-4","https://www.douyin.com/video/7683793936213997043","10","unverified_public_commenter","追问机器学习武术的意义。","提问","应用价值；目标解释","未述亲测","解决情况未知","true","具体提出功能目标问题。"
"DP-CAND-04-5","https://www.douyin.com/video/7683778565574177178","1","unverified_public_commenter","讲述当地古树倒伏后木材被利用的往事。","补充","古树故事；地方记忆","生活背景自述，不是当前作品实测","解决情况未知","false","是叙事关联，不是对本次修复的直接观察；不保留地点细节。"
"DP-CAND-04-5","https://www.douyin.com/video/7683778565574177178","2","unverified_public_commenter","提及身边另一棵老树曾遭火灾。","补充","古树经历；地方记忆","生活背景自述，不是当前作品实测","所见展开回复未出现源记录标记的作者解决信息；不能推断作者在未采到部分从未回应。","false","不能用于本树存活判断。"
"DP-CAND-04-5","https://www.douyin.com/video/7683778565574177178","3","unverified_public_commenter","以树的口吻表示感谢。","调侃","拟人玩笑","未述亲测","解决情况未知","false","无具体问题。"
"DP-CAND-04-5","https://www.douyin.com/video/7683778565574177178","4","unverified_public_commenter","担心倒伏伤害使古树难以存活。","担忧","修复结果；存活预期","未述亲测","所见展开回复未出现源记录标记的作者解决信息；不能推断作者在未采到部分从未回应。","true","提出后续结果应跟踪的具体问题。"
"DP-CAND-04-5","https://www.douyin.com/video/7683778565574177178","5","unverified_public_commenter","询问树龄对应的种植年代。","提问","树龄依据；历史背景","未述亲测","所见展开回复未出现源记录标记的作者解决信息；不能推断作者在未采到部分从未回应。","true","需要解释树龄和年代信息。"
"DP-CAND-04-5","https://www.douyin.com/video/7683778565574177178","6","unverified_public_commenter","玩笑称不是自己推倒的。","调侃","玩笑","未述亲测","解决情况未知","false","无消费问题。"
"DP-CAND-04-5","https://www.douyin.com/video/7683778565574177178","7","unverified_public_commenter","用命数解释倒伏。","感慨","宿命感慨","未述亲测","解决情况未知","false","无可检验信息。"
"DP-CAND-04-5","https://www.douyin.com/video/7683778565574177178","8","unverified_public_commenter","质疑保护普通易生长树种的必要性。","质疑","保护价值；价值解释","未述亲测","解决情况未知","true","反映保护价值需要说明，不采信生存能力断言。"
"DP-CAND-04-5","https://www.douyin.com/video/7683778565574177178","9","unverified_public_commenter","引用看过的新闻和仪式故事推断树能存活。","期待","新闻转述；非证据性推断","转述他人或新闻","解决情况未知","false","非本次亲历，不能作修复有效证据。"
"DP-CAND-04-5","https://www.douyin.com/video/7683778565574177178","10","unverified_public_commenter","补充另一地有多棵古榕树。","补充","相关地点补充","未述亲测","解决情况未知","false","未提出具体消费问题，省略地名。"
"DP-CAND-06-2","https://www.douyin.com/video/7628572511822712116","1","unverified_public_commenter","泛称学到了。","正面","泛化学习反馈","泛称学习或有用，缺少行为结果","解决情况未知","false","未说明学会什么或实际操作。"
"DP-CAND-06-2","https://www.douyin.com/video/7628572511822712116","2","unverified_public_commenter","询问视频是否授权给某剪辑小程序使用。","提问","授权来源；内容搬运","未述亲测","解决情况未知","true","明确提出授权与来源核验问题。"
"DP-CAND-08-2","https://www.douyin.com/video/7588101877716802506","1","unverified_public_commenter","询问作者近来少更新及经营近况。","提问","更新预期；作者近况","未述亲测","所见展开回复未出现源记录标记的作者解决信息；不能推断作者在未采到部分从未回应。","true","说明观众注意到更新频率；不能据此确认公司状态。"
"DP-CAND-08-2","https://www.douyin.com/video/7588101877716802506","2","unverified_public_commenter","询问如何免费使用WPS。","提问","费用门槛；软件入口","未述亲测","解决情况未知","true","具体的费用与使用入口问题。"
"DP-CAND-08-2","https://www.douyin.com/video/7588101877716802506","3","unverified_public_commenter","询问演示所用PPT版本。","提问","版本兼容；复现条件","未述亲测","解决情况未知","true","缺少复现前提。"
"DP-CAND-08-2","https://www.douyin.com/video/7588101877716802506","4","unverified_public_commenter","催问下次更新。","请求","更新预期；追更","未述亲测","解决情况未知","true","明确继续消费意愿；不是已发生跨周留存证明。"
"DP-CAND-08-2","https://www.douyin.com/video/7588101877716802506","5","unverified_public_commenter","找不到购买橱窗入口。","提问","购买入口；导航","未述亲测","解决情况未知","true","指出可定位的入口障碍。"
"DP-CAND-08-2","https://www.douyin.com/video/7588101877716802506","6","unverified_public_commenter","询问是否售卖模板。","提问","模板获取；购买意向","未述亲测","解决情况未知","true","是资源获取请求，不等于支付。"
"DP-CAND-08-2","https://www.douyin.com/video/7588101877716802506","7","unverified_public_commenter","认为近期更新变少。","评价","更新预期","未述亲测","解决情况未知","true","观众感知到频率变化；缺少客观序列验证。"
"DP-CAND-08-2","https://www.douyin.com/video/7588101877716802506","8","unverified_public_commenter","泛泛称赞。","正面","低信息称赞","未述亲测","解决情况未知","false","无具体问题或应用。"
"DP-CAND-08-2","https://www.douyin.com/video/7588101877716802506","9","unverified_public_commenter","自称一直向该作者学习PPT。","正面","学习来源；重复消费线索","学习来源历史自述，频率和成果不明","所见展开回复未出现源记录标记的作者解决信息；不能推断作者在未采到部分从未回应。","true","有明确学习来源自述，但未给时长、频次或成果。"
"DP-CAND-08-2","https://www.douyin.com/video/7588101877716802506","10","unverified_public_commenter","询问软件版本，并称自己的软件似乎没有该功能。","提问","版本兼容；功能缺失","个人软件环境自述，未证实复现过程","解决情况未知","true","给出实际环境差异，但未明确完成复现实验。"
"DP-CAND-08-3","https://www.douyin.com/video/7587749731657846043","1","unverified_public_commenter","表示准备以后尝试。","期待","尝试意向","仅意向","解决情况未知","false","未来意图不是已使用或学会。"
"DP-CAND-08-3","https://www.douyin.com/video/7587749731657846043","2","unverified_public_commenter","自称买了相关学习产品但尚未拆开。","中性","购买后未用；学习启动","购买自述，尚无使用结果","解决情况未知","true","明确区分购买与使用，不推断学习效果。"
"DP-CAND-08-3","https://www.douyin.com/video/7587749731657846043","3","unverified_public_commenter","表示没有学会。","负面","学习失败；教学理解","学习结果自述，操作不明","解决情况未知","true","有学习受阻线索，但没有明确按视频操作过程。"
"DP-CAND-07","https://www.douyin.com/video/7463424100392799514","1","unverified_public_commenter","羡慕演示设备并表达个人职业压力。","感慨","设备吸引；职业情绪","生活背景自述，不是当前作品实测","所见展开回复未出现源记录标记的作者解决信息；不能推断作者在未采到部分从未回应。","false","与工具使用结果无直接关系，省略私人财务情况。"
"DP-CAND-07","https://www.douyin.com/video/7463424100392799514","2","unverified_public_commenter","自称新手用AI编程服务完成了有偿项目，并推荐特定镜像服务。","正面","项目完成自述；推广风险；工具使用","明确AI工具使用与结果自述，未独立验证","所见展开回复未出现源记录标记的作者解决信息；不能推断作者在未采到部分从未回应。","true","明确声称亲自使用并完成项目，但未验证项目、收入或身份，且伴随推广。"
"DP-CAND-07","https://www.douyin.com/video/7463424100392799514","3","unverified_public_commenter","比较工具优劣并推荐特定镜像服务。","评价","工具比较；推广风险","工具比较说法，未明确实测过程","解决情况未知","true","可识别替代方案诉求，但缺明确第一人称试用与测试细节。"
"DP-CAND-07","https://www.douyin.com/video/7463424100392799514","4","unverified_public_commenter","把作者能力联想到炒股。","调侃","话题转移","未述亲测","所见展开回复未出现源记录标记的作者解决信息；不能推断作者在未采到部分从未回应。","false","不能作为编程需求或效果。"
"DP-CAND-07","https://www.douyin.com/video/7463424100392799514","5","unverified_public_commenter","认为复杂逻辑生成仍需使用者修改。","质疑","复杂度边界；人工修正","未述亲测","解决情况未知","true","提出可复核的适用边界，但未明确自述实测。"
"DP-CAND-10","https://www.douyin.com/video/7595852907204777841","1","unverified_public_commenter","自称已经下单窗台材料，觉得发现视频太晚。","遗憾","决策时机；购买后发现","购买自述，尚无使用结果","解决情况未知","true","说明信息出现时机与已做决策冲突。"
"DP-CAND-10","https://www.douyin.com/video/7595852907204777841","2","unverified_public_commenter","询问在哪里制作。","提问","制作入口；供应渠道","未述亲测","解决情况未知","true","明确缺少落地渠道。"
"DP-CAND-10","https://www.douyin.com/video/7595852907204777841","3","unverified_public_commenter","自称买到的材料标注不能受紫外线照射，担心阳台适用性。","质疑","材料限制；日晒条件；购买自述","收货和标签观察自述，不是性能实测","所见展开回复未出现源记录标记的作者解决信息；不能推断作者在未采到部分从未回应。","true","给出收到商品后的具体限制；未做耐晒试验，不保留个人订单金额。"
"DP-CAND-10","https://www.douyin.com/video/7595852907204777841","4","unverified_public_commenter","强调边缘处理才是关键。","建议","工艺细节；实施条件","未述亲测","解决情况未知","true","提示施工中需具体说明的环节。"
"DP-CAND-10","https://www.douyin.com/video/7595852907204777841","5","unverified_public_commenter","再次询问制作渠道。","提问","制作入口；供应渠道","未述亲测","解决情况未知","true","具体渠道请求，不能当另一独立用户已验证。"
"DP-CAND-11","https://www.douyin.com/video/7656632101500050545","1","unverified_public_commenter","评价人物外貌。","正面","人物外貌","未述亲测","解决情况未知","false","无观看路径或内容问题。"
"DP-CAND-11","https://www.douyin.com/video/7656632101500050545","3","unverified_public_commenter","称演员来自当地。","补充","演员背景","未述亲测","所见展开回复未出现源记录标记的作者解决信息；不能推断作者在未采到部分从未回应。","false","无来源背景说法，不是消费诉求。"
"DP-CAND-11","https://www.douyin.com/video/7656632101500050545","4","unverified_public_commenter","对剧情中的暴力审讯作玩笑评论。","调侃","剧情玩笑","未述亲测","所见展开回复未出现源记录标记的作者解决信息；不能推断作者在未采到部分从未回应。","false","没有可操作信息。"
"DP-CAND-11","https://www.douyin.com/video/7656632101500050545","5","unverified_public_commenter","只有提及他人的标记。","不可判","提及；低信息","未述亲测","解决情况未知","false","无可读诉求。"
"DP-CAND-11","https://www.douyin.com/video/7656632101500050545","6","unverified_public_commenter","指出视频排序混乱。","批评","连载顺序；导航障碍","观看反应自述，不等于应用结果","解决情况未知","true","明确的消费路径问题，可核合集与顺序。"
"DP-CAND-13","https://www.douyin.com/video/7638994532448668964","2","unverified_public_commenter","自称因看到未打码的内容而关注作者。","正面","画面遮挡偏好；关注动作","明确关注行为自述，未独立验证","解决情况未知","true","明确自述内容特征与关注动作，未用行为日志验证。"
"DP-CAND-13","https://www.douyin.com/video/7638994532448668964","3","unverified_public_commenter","对某时段刷到惊悚内容作反应。","调侃","观看时机；情绪","观看反应自述，不等于应用结果","解决情况未知","false","不能推断稳定观看时间偏好。"
"DP-CAND-13","https://www.douyin.com/video/7638994532448668964","4","unverified_public_commenter","质疑为什么没有打码。","质疑","画面遮挡偏好；观看舒适度","未述亲测","解决情况未知","true","与支持不打码的评论形成具体偏好冲突。"
"DP-CAND-13","https://www.douyin.com/video/7638994532448668964","5","unverified_public_commenter","短语含义不清。","不可判","语义不明","未述亲测","解决情况未知","false","无法可靠归因。"
"DP-CAND-13","https://www.douyin.com/video/7638994532448668964","6","unverified_public_commenter","表达对内容刺激性的负面观感。","负面","刺激强度；观感","观看反应自述，不等于应用结果","解决情况未知","false","表述笼统，缺少具体改动要求。"
"DP-CAND-13","https://www.douyin.com/video/7638994532448668964","7","unverified_public_commenter","联想到另一部恐怖作品的视觉元素。","比较","作品联想","未述亲测","解决情况未知","false","未提出问题。"
"DP-CAND-13","https://www.douyin.com/video/7638994532448668964","8","unverified_public_commenter","对某一剧情死亡方式作反应。","惊讶","剧情反应","未述亲测","解决情况未知","false","无明确需求。"
"DP-CAND-13","https://www.douyin.com/video/7638994532448668964","9","unverified_public_commenter","短句表达不适，但对象不清。","负面","语义不完整；观感","未述亲测","解决情况未知","false","不猜测其指向。"
"DP-CAND-13","https://www.douyin.com/video/7638994532448668964","10","unverified_public_commenter","表达演员或角色偏好。","正面","演员偏好","未述亲测","解决情况未知","false","无后续消费请求。"
"DP-CAND-15","https://www.douyin.com/video/7633656302065517413","1","unverified_public_commenter","声称剧情来自真实历史。","断言","史实来源","未述亲测","所见展开回复未出现源记录标记的作者解决信息；不能推断作者在未采到部分从未回应。","true","暴露历史与演绎的辨识问题，需核来源，不能采信断言。"
"DP-CAND-15","https://www.douyin.com/video/7633656302065517413","2","unverified_public_commenter","联想到另一部电视剧并概述相似关系。","补充","相关作品；情节联想","观看记忆自述","所见展开回复未出现源记录标记的作者解决信息；不能推断作者在未采到部分从未回应。","false","相关联想不等于本作品需求。"
"DP-CAND-15","https://www.douyin.com/video/7633656302065517413","3","unverified_public_commenter","用人物名字玩梗。","调侃","人物梗","未述亲测","所见展开回复未出现源记录标记的作者解决信息；不能推断作者在未采到部分从未回应。","false","无具体问题。"
"DP-CAND-15","https://www.douyin.com/video/7633656302065517413","4","author","作者列出出镜人员。","说明","作者署名；出镜来源","作者作品信息说明","解决情况未知","true","有助区分真人演绎与创作归属；不保存被提及者身份。"
"DP-CAND-15","https://www.douyin.com/video/7633656302065517413","5","unverified_public_commenter","评价剧情人物的性格与处事。","评价","人物解读","未述亲测","解决情况未知","false","未提出可核验改进问题。"
"DP-CAND-16","https://www.douyin.com/video/7641582631196380425","1","unverified_public_commenter","表达生死相互关联的哲学感想。","感慨","哲学感想","未述亲测","解决情况未知","false","没有具体消费需求。"
"DP-CAND-16","https://www.douyin.com/video/7641582631196380425","2","unverified_public_commenter","只有标点。","不可判","低信息","未述亲测","解决情况未知","false","无可读语义。"
"DP-CAND-16","https://www.douyin.com/video/7641582631196380425","3","unverified_public_commenter","询问视频提到的书名。","提问","资料名称；延伸阅读","未述亲测","解决情况未知","true","明确缺少继续阅读的资料入口。"
"DP-CAND-16","https://www.douyin.com/video/7641582631196380425","4","unverified_public_commenter","用宗教经典解释话题。","补充","解释框架；宗教类比","未述亲测","所见展开回复未出现源记录标记的作者解决信息；不能推断作者在未采到部分从未回应。","true","可见解释框架差异，不能当科学证明。"
"DP-CAND-16","https://www.douyin.com/video/7641582631196380425","5","unverified_public_commenter","自荐一个梳理哲学观点的系列。","推广","自荐推广；相关内容","其他评论者自我宣传，不等于本作品作者","解决情况未知","false","源角色非作者，不能据自称系列认作作品作者或需求。"
"DP-CAND-16","https://www.douyin.com/video/7641582631196380425","6","unverified_public_commenter","只给出外部平台及频道词。","补充","外部资源线索","未述亲测","解决情况未知","false","上下文不足，未验证对应资源。"
"DP-CAND-16","https://www.douyin.com/video/7641582631196380425","7","unverified_public_commenter","反对不需要第三方见证的论证方式。","质疑","证据标准；事实核验","未述亲测","解决情况未知","true","具体质疑证据标准，不判断争论结论。"
"DP-CAND-16","https://www.douyin.com/video/7641582631196380425","8","unverified_public_commenter","泛称相关现象一直被研究。","补充","话题补充","未述亲测","解决情况未知","false","没有出处或具体问题。"
"DP-CAND-16","https://www.douyin.com/video/7641582631196380425","9","unverified_public_commenter","自称有类似主观经历，因而相信视频论点。","认同","个人经历；信念来源","主观个人经历自述，不支持科学结论","解决情况未知","true","说明相信的个人依据，但不是独立事实验证或工具亲测。"
"DP-CAND-16","https://www.douyin.com/video/7641582631196380425","10","unverified_public_commenter","用文明差异论证某些现象。","断言","宏观解释；观点争论","未述亲测","解决情况未知","false","泛化断言无法作为消费或事实证据。"
"DP-CAND-17","https://www.douyin.com/video/7637833958920059387","1","author","作者再次推荐装修新手观看。","推广","作者自荐；宣传","作者自我宣传，不计外部需求","解决情况未知","false","唯一可读评论来自作者，不能当外部消费者验证。"
"DP-CAND-18","https://www.douyin.com/video/7341224679593495846","1","unverified_public_commenter","询问选择全包装修是否仍需自行购买。","提问","适用场景；采购责任","未述亲测","解决情况未知","true","明确材料清单适用条件。"
"DP-CAND-18","https://www.douyin.com/video/7341224679593495846","2","unverified_public_commenter","询问顶楼是否需要下水管隔音材料。","提问","楼层条件；材料必要性","未述亲测","解决情况未知","true","提出可具体回应的场景差异。"
"DP-CAND-18","https://www.douyin.com/video/7341224679593495846","3","unverified_public_commenter","询问线管走墙还是走地。","提问","施工方案；选择比较","未述亲测","解决情况未知","true","需要施工方案的判断依据。"
"DP-CAND-18","https://www.douyin.com/video/7341224679593495846","4","unverified_public_commenter","希望说明购买数量。","请求","数量规格；采购清单","未述亲测","解决情况未知","true","缺少清单落地必需数量。"
"DP-CAND-18","https://www.douyin.com/video/7341224679593495846","5","unverified_public_commenter","询问美缝需注意的事项。","提问","施工注意事项；拓展问题","未述亲测","解决情况未知","true","明确相邻工序的知识需求。"
"DP-CAND-18","https://www.douyin.com/video/7341224679593495846","6","unverified_public_commenter","泛称讲得好并感谢。","正面","低信息称赞","泛称学习或有用，缺少行为结果","解决情况未知","false","未说明应用或结果。"
"DP-CAND-18","https://www.douyin.com/video/7341224679593495846","7","unverified_public_commenter","祝生意兴隆。","正面","祝福","未述亲测","解决情况未知","false","不反映实际使用。"
"DP-CAND-19","https://www.douyin.com/video/7621527457640989042","1","unverified_public_commenter","表达担心失去宠物后的难受。","感慨","情感陪伴；失去担忧","泛化情绪说法","所见展开回复未出现源记录标记的作者解决信息；不能推断作者在未采到部分从未回应。","false","未明确亲历，也非对方法的反馈。"
"DP-CAND-19","https://www.douyin.com/video/7621527457640989042","2","unverified_public_commenter","描述自家猫的饮食与体态。","补充","饲养观察","明确家庭或宠物观察，不是方法效果验证","解决情况未知","false","有个人观察，但未关联视频结论或方法。"
"DP-CAND-19","https://www.douyin.com/video/7621527457640989042","3","unverified_public_commenter","将养宠比作育儿。","感慨","关系比喻","未述亲测","所见展开回复未出现源记录标记的作者解决信息；不能推断作者在未采到部分从未回应。","false","没有具体问题。"
"DP-CAND-19","https://www.douyin.com/video/7621527457640989042","4","unverified_public_commenter","询问猫睡在自己颈部代表什么。","提问","行为解释；个体差异","明确家庭或宠物观察，不是方法效果验证","解决情况未知","true","以具体观察请求解释；不据此作健康诊断。"
"DP-CAND-19","https://www.douyin.com/video/7621527457640989042","5","unverified_public_commenter","描述猫睡梦中踢到自己。","分享","睡眠行为；生活趣事","明确家庭或宠物观察，不是方法效果验证","解决情况未知","false","没有提出问题或方法结果。"
"DP-CAND-19","https://www.douyin.com/video/7621527457640989042","6","unverified_public_commenter","描述猫睡在自己脸上并开玩笑。","调侃","睡眠行为；生活趣事","明确家庭或宠物观察，不是方法效果验证","解决情况未知","false","不按玩笑推断真实危险。"
"DP-CAND-19","https://www.douyin.com/video/7621527457640989042","7","unverified_public_commenter","用观察到的长时间睡眠质疑碎片睡眠说法。","质疑","反例观察；内容准确性","观察主体仅从语境推断","所见展开回复未出现源记录标记的作者解决信息；不能推断作者在未采到部分从未回应。","true","提供与视频概括冲突的具体观察，来源主体仍有限。"
"DP-CAND-19","https://www.douyin.com/video/7621527457640989042","8","unverified_public_commenter","询问生肉喂养及寄生虫风险。","提问","饲养安全；适用限制","未述亲测","解决情况未知","true","明确的安全与条件问题；本编码不提供饲养建议。"
"DP-CAND-19","https://www.douyin.com/video/7621527457640989042","9","unverified_public_commenter","疑似询问怎么买，但有错字且对象未明。","疑似提问","购买入口；语义不完整","未述亲测","解决情况未知","false","不把不完整文本强行解释为确定购买需求。"
"DP-CAND-19","https://www.douyin.com/video/7621527457640989042","10","unverified_public_commenter","描述家庭不允许猫上床。","分享","家庭规则；行为边界","明确生活背景自述","解决情况未知","false","规则分享未形成方法使用问题，省略家庭成员身份。"
"DP-CAND-20","https://www.douyin.com/video/7678915349949384870","1","unverified_public_commenter","英文短句似争第一条评论，含义有限。","互动","抢首评；低信息","未述亲测","解决情况未知","false","不能当内容反馈。"
"DP-CAND-20","https://www.douyin.com/video/7678915349949384870","2","unverified_public_commenter","提及自己使用的猫头像。","分享","头像；话题偏离","与作品方法无关的使用自述","解决情况未知","false","与作品方法或知识无明确联系。"
"DP-CAND-20","https://www.douyin.com/video/7678915349949384870","3","unverified_public_commenter","称猫洗澡后的朝向让自己误以为它在报复。","分享","行为解释；理解修正","明确家庭或宠物观察，不是方法效果验证","解决情况未知","true","有具体行为解释困惑，但不是已经验证视频解释。"
"DP-CAND-21","https://www.douyin.com/video/7282575604048809272","1","author","作者说明目的地适合安静度假，不适合密集打卡。","说明","作者适用条件；旅行偏好","作者声明推荐适用范围","作者：作者指向合集中的其他城市攻略。；作者说明自己主要选择打车出行。；未见提问者确认解决","true","提供选题适用范围，不能计为消费者认同。"
"DP-CAND-21","https://www.douyin.com/video/7282575604048809272","2","unverified_public_commenter","自称熟悉目的地并认同内容。","认同","当地经验；目的地评价","明确相关地点生活背景自述","所见展开回复未出现源记录标记的作者解决信息；不能推断作者在未采到部分从未回应。","true","有情境自述但未独立核实；不保留个人所在地。"
"DP-CAND-21","https://www.douyin.com/video/7282575604048809272","3","unverified_public_commenter","询问节假日到访时的体验，语句部分不清。","提问","出行时段；体验咨询","语境不足","作者：作者用单字反问，似在澄清指向。；未见提问者确认解决","true","能确认在询问出行体验，其余不补写。"
"DP-CAND-21","https://www.douyin.com/video/7282575604048809272","4","unverified_public_commenter","自称曾与同伴到访，体验到海滩人少。","正面","到访体验；人流","明确到访结果自述，未独立验证","解决情况未知","true","明确到访与结果自述，只能用于当时个人体验。"
"DP-CAND-21","https://www.douyin.com/video/7282575604048809272","5","unverified_public_commenter","认为游玩项目不多但人少、放松。","混合","目的地匹配；休闲偏好","评价，但未明确亲历","解决情况未知","true","给出目的地优缺点与偏好，不自动算亲访。"
"DP-CAND-21","https://www.douyin.com/video/7282575604048809272","6","unverified_public_commenter","自称曾在目的地遭遇欺骗。","负面","负面经历；风险线索","明确到访遭遇自述，未核实","解决情况未知","true","是待核实风险线索，未给事件细节，不能泛化目的地安全。"
"DP-CAND-21","https://www.douyin.com/video/7282575604048809272","7","unverified_public_commenter","泛称景色美。","正面","低信息称赞","未述亲测","解决情况未知","false","没有具体条件。"
"DP-CAND-21","https://www.douyin.com/video/7282575604048809272","8","unverified_public_commenter","担心目的地过于无聊。","质疑","活动丰富度；偏好冲突","偏好，不是到访证据","解决情况未知","true","与安静度假偏好形成明确对照。"
"DP-CAND-21","https://www.douyin.com/video/7282575604048809272","9","unverified_public_commenter","偏爱干净的地方并推荐另一处。","正面","环境偏好；替代目的地","偏好，不是到访证据","解决情况未知","true","给出清洁环境偏好，未明确亲访。"
"DP-CAND-21","https://www.douyin.com/video/7282575604048809272","10","unverified_public_commenter","求靠近海滩的住宿推荐。","请求","住宿位置；出行决策","未述亲测","解决情况未知","true","明确可操作的住宿位置需求。"
"DP-CAND-22","https://www.douyin.com/video/7523202512960228627","1","unverified_public_commenter","比较购物地点的价格与外观。","正面","价格比较；购物选择","地点比较，缺少明确到访自述","解决情况未知","true","具体比较维度，未明确自述到访。"
"DP-CAND-22","https://www.douyin.com/video/7523202512960228627","2","unverified_public_commenter","自称已经逛过多个推荐点。","分享","到访自述","明确到访自述，缺少结果","解决情况未知","true","有访问行为自述但未说明满意度。"
"DP-CAND-22","https://www.douyin.com/video/7523202512960228627","3","unverified_public_commenter","自称吃过某家餐厅并推荐，同时认为另一家不如以前。","混合","餐饮体验；替代推荐","明确消费经历自述，未核实","解决情况未知","true","有明确消费体验，但个体偏好与时间差未控制。"
"DP-CAND-22","https://www.douyin.com/video/7523202512960228627","4","unverified_public_commenter","认为某处适合拍照。","正面","视觉兴趣；拍照条件","偏好，不是到访证据","解决情况未知","true","具体视觉消费维度，未明确亲历。"
"DP-CAND-22","https://www.douyin.com/video/7523202512960228627","5","unverified_public_commenter","询问视频提及店铺是哪一家。","提问","地点识别；店铺定位","未述亲测","所见展开回复未出现源记录标记的作者解决信息；不能推断作者在未采到部分从未回应。","true","缺少可找到店铺的信息。"
"DP-CAND-22","https://www.douyin.com/video/7523202512960228627","6","unverified_public_commenter","表示找不到该店。","负面","地点识别；搜索失败","查找困难自述，未复现","解决情况未知","true","是落地导航障碍，未给搜索过程。"
"DP-CAND-22","https://www.douyin.com/video/7523202512960228627","7","unverified_public_commenter","询问某古镇是否值得去。","提问","行程取舍；目的地判断","未述亲测","所见展开回复未出现源记录标记的作者解决信息；不能推断作者在未采到部分从未回应。","true","明确行程决策问题。"
"DP-CAND-22","https://www.douyin.com/video/7523202512960228627","8","unverified_public_commenter","自称周末购买了喜欢的商品，并建议先取餐饮排队号。","正面","购物体验；排队顺序；行动建议","明确消费经历自述，未核实","解决情况未知","true","具体消费与顺序建议；不把个人经验当普遍最优。"
"DP-CAND-22","https://www.douyin.com/video/7523202512960228627","9","unverified_public_commenter","询问场所商品的价格水平。","提问","价格范围；预算","未述亲测","所见展开回复未出现源记录标记的作者解决信息；不能推断作者在未采到部分从未回应。","true","有明确预算信息缺口。"
"DP-CAND-22","https://www.douyin.com/video/7523202512960228627","10","unverified_public_commenter","自称与同伴跳过了一个地点。","分享","行程取舍","明确到访选择自述","解决情况未知","false","未说明理由，不推断该地不值得去。"
"DP-CAND-23","https://www.douyin.com/video/7086421291015720196","1","unverified_public_commenter","询问积木的产品名称。","提问","材料名称；购买入口","未述亲测","解决情况未知","true","缺少复用活动所需材料名。"
"DP-CAND-23","https://www.douyin.com/video/7086421291015720196","2","author","作者感慨自己承担了很多教育安排。","感慨","作者感慨","作者生活感慨，不计外部需求","所见展开回复未出现源记录标记的作者解决信息；不能推断作者在未采到部分从未回应。","false","作者情绪不能计为外部需求。"
"DP-CAND-23","https://www.douyin.com/video/7086421291015720196","3","unverified_public_commenter","表示资源下载不了。","负面","下载障碍；资料获取","资料访问困难自述，未复现","解决情况未知","true","明确资源获取问题，缺少具体报错和环境。"
"DP-CAND-23","https://www.douyin.com/video/7086421291015720196","4","unverified_public_commenter","称有用并表示收藏学习。","正面","收藏意向；泛化价值","意向与实际行为无法区分","解决情况未知","false","收藏行为与学习成果均未核实。"
"DP-CAND-23","https://www.douyin.com/video/7086421291015720196","5","unverified_public_commenter","称某个时长说法有错，但上下文不足。","质疑","内容纠错；语义不完整","未述亲测","解决情况未知","true","可回原段核对，但不能补写具体错误。"
"DP-CAND-23","https://www.douyin.com/video/7086421291015720196","6","unverified_public_commenter","询问实验材料是否作者自行购买。","提问","材料来源；采购方式","未述亲测","作者：作者确认实验材料自行购买，市面上有类似产品。；未见提问者确认解决","true","具体来源问题，展开回复有作者回答。"
"DP-CAND-23","https://www.douyin.com/video/7086421291015720196","8","unverified_public_commenter","转发式推荐给幼教人群。","推荐","转发推荐；目标人群","未述亲测","解决情况未知","true","提供明确适用人群线索，不能认定推荐者职业。"
"DP-CAND-24","https://www.douyin.com/video/7039982553758960904","1","unverified_public_commenter","家长自述反复教数字仍未记住，形象联想也未转成稳定认数。","受挫","教学尝试；识别失败；家长焦虑","明确教学尝试自述，未确认使用本作品方法","所见展开回复未出现源记录标记的作者解决信息；不能推断作者在未采到部分从未回应。","true","具体教学与结果自述；未确认使用的就是本视频方法，省略贬损表达和家庭细节。"
"DP-CAND-24","https://www.douyin.com/video/7039982553758960904","2","unverified_public_commenter","称孩子记住了联想形象却没有记住数字。","质疑","联想干扰；学习结果","具体说法但未明确本人经历","解决情况未知","true","具体潜在失败机制，但未明确是本人亲测。"
"DP-CAND-24","https://www.douyin.com/video/7039982553758960904","3","unverified_public_commenter","询问学龄前孩子仍分不清数字怎么办。","求助","个体适配；学习困难","未述亲测","作者：作者建议逐个数字学习，并声称几天可学会。；作者建议把数字放在联想词之后，以强调数字。；未见提问者确认解决","true","明确教学适配问题，不据此推断发展异常。"
"DP-CAND-24","https://www.douyin.com/video/7039982553758960904","4","unverified_public_commenter","自述来评论区找答案，看到类似经历后情绪缓和。","混合","评论区互助；情绪安慰；求解","明确阅读评论后的情绪变化，不是教学成功","所见展开回复未出现源记录标记的作者解决信息；不能推断作者在未采到部分从未回应。","true","证据支持情绪安慰，不支持孩子已学会。"
"DP-CAND-24","https://www.douyin.com/video/7039982553758960904","5","unverified_public_commenter","家长自述多次重复教学仍未学会。","受挫","重复教学；学习失败","明确教学尝试自述，未确认使用本作品方法","解决情况未知","true","明确重复尝试但无方法细节，不诊断孩子。"
"DP-CAND-24","https://www.douyin.com/video/7039982553758960904","6","unverified_public_commenter","描述尚不能完整认读基础数字的情况。","求助倾向","学习困难；能力差异","个人背景仅从语境推断","解决情况未知","true","有具体困难，但第一人称主体与操作过程未明确。"
"DP-CAND-24","https://www.douyin.com/video/7039982553758960904","7","unverified_public_commenter","表达孩子数数困难带来的焦虑。","受挫","计数困难；家长焦虑","个人背景仅从语境推断","解决情况未知","true","提示体验痛点，不能当方法实测。"
"DP-CAND-24","https://www.douyin.com/video/7039982553758960904","8","unverified_public_commenter","家长比较孩子擅长背诵但认数困难，询问办法。","求助","能力差异；个体适配","明确家庭或宠物观察，不是方法效果验证","解决情况未知","true","具体能力差异说明需要个体适配，未验证视频方法。"
"DP-CAND-24","https://www.douyin.com/video/7039982553758960904","9","unverified_public_commenter","称阅读其他家长评论后觉得被理解。","缓解","评论区互助；情绪安慰","明确阅读评论后的情绪变化，不是教学成功","解决情况未知","true","有评论消费带来情绪变化的自述，不等于教学成功。"
"DP-CAND-24","https://www.douyin.com/video/7039982553758960904","10","unverified_public_commenter","家长自述教基础数字时困难并感到生气。","受挫","学习困难；家长焦虑","明确教学尝试自述，未确认使用本作品方法","解决情况未知","true","有教学受阻线索，省略贬损、身份与过细家庭情况。"
"DP-X01","https://www.douyin.com/video/7672291961251826978","1","unverified_public_commenter","向受访者表达平安与快乐的祝愿。","正面","祝福；情感","未述亲测","回复表达祝愿，其中一个位置没有正文。 没有显式作者身份，不能因称呼或口吻认定受访者参与回复。","false","文本自称与署名不足以确认是受访者本人。"
"DP-X01","https://www.douyin.com/video/7672291961251826978","2","unverified_public_commenter","自述住处附近发生令人惊恐的事件。","分享","生活见闻；真实性疑问","仅为评论者自述或有限经历表述，身份、过程与结果未核验。","回复提出事件可能有另一种解释，随后出现现场处理的说法；另有空文本。 事件真实性未核验，不能将后续说法拼成已确认事件。","false","仅保留未经核验的见闻性质，不复制住址或细节，不认定事件真实。"
"DP-X01","https://www.douyin.com/video/7672291961251826978","3","unverified_public_commenter","注意到受访者反复强调行善。","观察","价值观；受访者认同","未述亲测","未读回复","false","支持观众接收道德主题，不能证明行为改变。"
"DP-X01","https://www.douyin.com/video/7672291961251826978","4","unverified_public_commenter","自述曾有一次令其难忘的不适接触经历，但用词含混。","分享","个人经历；情绪记忆","仅为评论者自述或有限经历表述，身份、过程与结果未核验。","未读回复","false","不补出含混对象，不将经历与视频事实强行对应。"
"DP-X01","https://www.douyin.com/video/7672291961251826978","5","unverified_public_commenter","以祝愿和推测表达对受访者家庭及安全的关切。","观点","人物关怀；安全想象","未述亲测","未读回复","false","人物年龄、福报与安全推测均不作为事实。"
"DP-X01","https://www.douyin.com/video/7672291961251826978","6","unverified_public_commenter","把主持人的外貌与另一位主持人联系。","观察","人物外貌；联想","未述亲测","未读回复","false",""
"DP-X01","https://www.douyin.com/video/7672291961251826978","7","unverified_public_commenter","围绕生命终结时的回应表达强烈悲伤与眷恋。","感伤","生死；情感共鸣","仅为评论者自述或有限经历表述，身份、过程与结果未核验。","未读回复","false","无法判断是在回应节目故事还是个人经历；不保存个人丧亲细节或医学解释。"
"DP-X01","https://www.douyin.com/video/7672291961251826978","8","unverified_public_commenter","自述童年处理死亡动物的经历，并提到与家人的看法差异。","分享","生命观；童年经历","仅为评论者自述或有限经历表述，身份、过程与结果未核验。","回复把童年经历理解为生命关怀，同时解释家人可能担心安全。 同伴提供价值解释和赞赏，没有待验证的实践解决结果。","false","支持内容触发生活记忆与生命观讨论，不作为健康或安全行为建议。"
"DP-X01","https://www.douyin.com/video/7672291961251826978","9","unverified_public_commenter","自述此前通过公共事件认识受访者，并赞赏其专业贡献。","正面","人物信任；既往认识","仅为评论者自述或有限经历表述，身份、过程与结果未核验。","未读回复","true","认识来源是自述；关于治疗贡献的因果主张没有核查。"
"DP-X01","https://www.douyin.com/video/7672291961251826978","10","unverified_public_commenter","从受访者谈死亡的态度中理解坦然与良心，并表达祝愿。","正面","生命观；信仰表达","未述亲测","未读回复","false","这是观众的价值解读，不推断其身份或宗教归属。"
"DP-X02","https://www.douyin.com/video/7670114965029752110","1","unverified_public_commenter","调侃作者似乎只在有广告时更新。","调侃","更新频率；广告；作者关系","未述亲测","未读回复","false","提示观众注意供给节奏与广告，但不能认定实际商业合同或发布规律。"
"DP-X02","https://www.douyin.com/video/7670114965029752110","2","unverified_public_commenter","希望作者家人出镜。","请求","作者家属；人物兴趣","只见意向或预期，未确认行动。","回复围绕家属出镜开玩笑，一条无正文。 没有相关人士授权或出镜安排。","false","保留人物兴趣，不视为家属授权或必要内容。"
"DP-X02","https://www.douyin.com/video/7670114965029752110","3","unverified_public_commenter","借广告商表达终于等到新内容的心情。","调侃","广告；更新期待","未述亲测","未读回复","false","没有真实赞助信息或更新周期验证。"
"DP-X02","https://www.douyin.com/video/7670114965029752110","4","unverified_public_commenter","质疑视频中的贝类名称，并提出另一种识别及市场价格说法。","质疑","物种识别；事实纠正","未述亲测","回复偏向食物安排、旅行赞助猜测和价格说法。 没有解决原物种识别问题；成本和价格也未核验。","true","物种和价格均需独立核查，不能直接用于内容修正。"
"DP-X02","https://www.douyin.com/video/7670114965029752110","5","unverified_public_commenter","将海洋动物外形与科幻形象类比。","玩笑","动物外观；影视联想","未述亲测","一条回复提出另一种动物名称。 未见依据或提问者确认，不能认定纠正成立。","false","属于观看联想，不是生物识别答案。"
"DP-X02","https://www.douyin.com/video/7670114965029752110","6","unverified_public_commenter","称长时间未见更新，一度担心作者状况。","担忧","更新间隔；作者关切","仅为评论者自述或有限经历表述，身份、过程与结果未核验。","未读回复","false","可见供给空档被感知；具体间隔与持续观看未核实。"
"DP-X02","https://www.douyin.com/video/7670114965029752110","7","unverified_public_commenter","自述家中孩子会反复询问作者为何不再更新捕鱼内容。","请求","家庭观看；续更请求","仅为评论者自述或有限经历表述，身份、过程与结果未核验。","未读回复","true","是经由一位评论者转述的家庭观看与催更，不能另算一个儿童用户或已观测周留存。"
"DP-X02","https://www.douyin.com/video/7670114965029752110","8","unverified_public_commenter","将广告与又有作品可看联系起来。","正面","广告；供给期待","未述亲测","未读回复","false","提示对广告供给的容忍可能存在，不能推出普遍广告接受度。"
"DP-X02","https://www.douyin.com/video/7670114965029752110","9","unverified_public_commenter","好奇水下摄影由谁完成。","提问","拍摄方式；制作好奇","未述亲测","未读回复","false","可补制作过程，但问题不等于学习制作意向。"
"DP-X02","https://www.douyin.com/video/7670114965029752110","10","unverified_public_commenter","表示在临近用餐时刷到作品感到开心。","正面","观看情境；用餐","仅为评论者自述或有限经历表述，身份、过程与结果未核验。","未读回复","true","支持一种消费情境自述，不是完整观看或复访记录。"
"DP-X03","https://www.douyin.com/video/7678599019253239046","1","unverified_public_commenter","建议作者减少纠结、坚持自己的拍摄方式。","建议","作者情绪；支持","未述亲测","回复分别支持情绪表达、建议忽略批评、认为有时应表明态度。 如何处理负面意见存在取舍，不能按一方观点写成唯一运营规则。","false","是支持与建议，不能确认作者的心理状态。"
"DP-X03","https://www.douyin.com/video/7678599019253239046","2","unverified_public_commenter","联想到另一位户外创作者，提醒本作者注意安全。","担忧","户外安全；作者关切","未述亲测","未读回复","false","支持人物关切，不把类比变成风险测量。"
"DP-X03","https://www.douyin.com/video/7678599019253239046","3","unverified_public_commenter","认为不同表达都会招来批评，鼓励继续创作。","建议","外部评价；作者支持","未述亲测","一个简短赞同和一个空位置。 没有新增可执行问题或结果。","false","不能用这种立场排除具体有据批评。"
"DP-X03","https://www.douyin.com/video/7678599019253239046","4","unverified_public_commenter","自述看过作者婉拒食物的片段，并将其理解为体谅他人。","观点","前作记忆；动机解释","仅为评论者自述或有限经历表述，身份、过程与结果未核验。","三条回复都把婉拒食物解释为体谅老人。 是多人表达相似看法，未验证作者动机或独立身份。","false","确有前作观看自述；作者真实动机未核验。"
"DP-X03","https://www.douyin.com/video/7678599019253239046","5","unverified_public_commenter","声称支持者远多于批评者，劝作者忽略少数意见。","建议","负面评价；比例主张","未述亲测","未读回复","false","评论中的比例没有来源，不能用于舆情统计。"
"DP-X03","https://www.douyin.com/video/7678599019253239046","6","unverified_public_commenter","以泛化贬低批评者的方式支持作者。","观点","作者支持；群体贬低","未述亲测","未读回复","false","不采用其群体判断，也不把支持等同事实正确。"
"DP-X03","https://www.douyin.com/video/7678599019253239046","7","unverified_public_commenter","认为独自出行保留戒备是合理的。","观点","独行安全；戒备","未述亲测","未读回复","false","没有具体亲历过程，不能计为安全经验案例。"
"DP-X03","https://www.douyin.com/video/7678599019253239046","8","unverified_public_commenter","称赞作者拍摄、知识储备与叙事能力。","正面","叙事能力；知识；作品评价","未述亲测","未读回复","false","支持感知价值，不是对内容准确性或能力的客观测量。"
"DP-X03","https://www.douyin.com/video/7678599019253239046","9","unverified_public_commenter","自述从较早的地方旅行内容持续关注至今，尤其喜欢当地风景和人文。","正面","长期观看；地域题材","仅为评论者自述或有限经历表述，身份、过程与结果未核验。","未读回复","true","可追问地域题材与作者关系；没有跨时点身份记录，不能直接计算留存。"
"DP-X03","https://www.douyin.com/video/7678599019253239046","10","unverified_public_commenter","转述朋友曾与作者合照。","分享","线下接触；他人经历","关于他人的转述，不能当作本人经历或独立用户。","未读回复","false","是他人经历转述，不计为评论者亲历或实际线下关系。"
"DP-X04","https://www.douyin.com/video/7670161131427728681","1","unverified_public_commenter","自述早年看过纪录片后购买相关越野车。","分享","纪录片影响；车辆购买","仅为评论者自述或有限经历表述，身份、过程与结果未核验。","未读回复","true","是历史购买归因自述，不证明本次重发带来转化，也未核交易。"
"DP-X04","https://www.douyin.com/video/7670161131427728681","2","unverified_public_commenter","把旅行内容延伸为如何按自己喜欢的方式生活的讨论。","观点","生活态度；人生讨论","未述亲测","未读回复","false","生命意义表达不等于行动计划或临床状态。"
"DP-X04","https://www.douyin.com/video/7670161131427728681","3","unverified_public_commenter","称赞驾驶老款越野车进入偏远地区的行动。","正面","车辆能力；冒险赞赏","未述亲测","一条回复自述早年看过原片，认为当前画面更清楚；其他回复补充年代或出行玩笑。 旧作和画质变化均为评论自述；没有 AI 修复、拍摄时间或首发时间证据。","false","不将赞赏当作安全性或车辆可靠性证据。"
"DP-X04","https://www.douyin.com/video/7670161131427728681","4","unverified_public_commenter","自述多年前读过作者在汽车论坛的文章，兴趣延续至今。","分享","论坛记忆；长期兴趣","仅为评论者自述或有限经历表述，身份、过程与结果未核验。","回复赞赏并提及另一位旅行者。 未形成关于论坛经历或持续兴趣的独立验证。","false","支持跨载体内容记忆自述，未核实际连续参与。"
"DP-X04","https://www.douyin.com/video/7670161131427728681","5","unverified_public_commenter","回忆最初通过杂志认识作者，并视其为榜样。","分享","杂志入口；作者认同","仅为评论者自述或有限经历表述，身份、过程与结果未核验。","未读回复","false","是发现入口与关系自述，不代表平台间迁移规模。"
"DP-X04","https://www.douyin.com/video/7670161131427728681","6","unverified_public_commenter","认为这是一段多年前的旧视频。","补充","旧作识别；时间","仅为评论者自述或有限经历表述，身份、过程与结果未核验。","未读回复","true","当前发布时间不能等同原拍摄或首发时间；旧作年份需另核。"
"DP-X04","https://www.douyin.com/video/7670161131427728681","7","unverified_public_commenter","认出作品中的创作者。","观察","作者识别","未述亲测","未读回复","false","只记录识别，不复制个人身份资料。"
"DP-X04","https://www.douyin.com/video/7670161131427728681","8","unverified_public_commenter","质疑若为单人出行，拍摄如何完成。","质疑","拍摄人数；真实性","未述亲测","回复指出单车不等于单人，另有人说外部标题写过单人单车。 存在标题口径争议，未核查所有展示位置，不能认定作者作假。","false","回复对单车与单人措辞有分歧，应核对标题与影片说明。"
"DP-X04","https://www.douyin.com/video/7670161131427728681","9","unverified_public_commenter","将作品与早期汽车论坛联系。","观察","论坛识别；旧媒介","仅为评论者自述或有限经历表述，身份、过程与结果未核验。","未读回复","false","体现载体记忆，不等于当前论坛使用。"
"DP-X04","https://www.douyin.com/video/7670161131427728681","10","unverified_public_commenter","自述曾搜索相关穿越视频，并补充摄影人员与途中相遇的说法。","分享","搜索发现；制作补充","仅为评论者自述或有限经历表述，身份、过程与结果未核验。","未读回复","false","搜索经历与制作信息分开；后者尚未独立核验。"
"DP-X05","https://www.douyin.com/video/7676758445789383974","1","unverified_public_commenter","怀疑某犬种曾断代、现存血系与历史不同。","质疑","犬种历史；事实质疑","未述亲测","回复对断代、恢复血系和杂交说法相互争论，部分发言主动表示不确定。 犬种史事实未查证，不能将互相引用当作独立来源。","true","回复观点冲突，需要可靠犬种史来源。"
"DP-X05","https://www.douyin.com/video/7676758445789383974","2","unverified_public_commenter","列出其他犬种名称。","补充","犬种补充","未述亲测","未读回复","false","仅能确认补充意向，无法明确排序标准。"
"DP-X05","https://www.douyin.com/video/7676758445789383974","5","unverified_public_commenter","主张另两种犬应处于首档。","观点","排名；犬种比较","未述亲测","未读回复","false","没有统一评价尺度或实测，不当作能力排名事实。"
"DP-X05","https://www.douyin.com/video/7676758445789383974","6","unverified_public_commenter","询问另一种大型犬应排在哪一档。","提问","排名遗漏；犬种比较","未述亲测","一条回复提醒犬体型大不代表能力强。 提出评价维度问题，未给统一排名依据。","false","回复指出体型不等于能力，排名维度需要说明。"
"DP-X05","https://www.douyin.com/video/7676758445789383974","7","unverified_public_commenter","提供另一套犬种分档名单。","建议","排名；替代名单","未述亲测","未读回复","false","名单本身没有证据和评价条件。"
"DP-X05","https://www.douyin.com/video/7676758445789383974","8","unverified_public_commenter","认为野生狼普遍强于名单中的家犬。","观点","野生动物；家犬比较","未述亲测","未读回复","false","未经核实的对抗推断，不能作为动物知识事实或鼓励对抗。"
"DP-X05","https://www.douyin.com/video/7676758445789383974","9","unverified_public_commenter","询问为何缺少另外的犬种。","提问","排名遗漏","未述亲测","另一条回复继续补充遗漏犬种。 仍是提名，没有名次或排除依据。","false","需要解释纳入标准，不能因评论提名补出排行结论。"
"DP-X06","https://www.douyin.com/video/7675265044041098227","1","unverified_public_commenter","用夸张口吻表现宠物像在飞翔。","玩笑","宠物表演；趣味观看","未述亲测","回复称赞宠物，另有空位置和向熟人表达养宠意向。 养宠只是意向，没有实际领养或购买。","false","属于趣味反应，不是真实动物行为判断。"
"DP-X06","https://www.douyin.com/video/7675265044041098227","2","unverified_public_commenter","把宠物的反应拟人成与主人对话。","玩笑","宠物拟人；情绪","未述亲测","回复出现参与漂流的经历自述、地点确认问题，以及接驳乘车拥挤和驾驶体验的批评。 可见具体旅行服务体验线索；身份未关联，场地和因果均未核验。","false","不可据此确认动物主观感受。"
"DP-X06","https://www.douyin.com/video/7675265044041098227","3","unverified_public_commenter","认为宠物脸上出现了惊恐表情。","观察","宠物表情；惊讶","未述亲测","一条诗性文本和一条仅含提及占位符的回复。 与宠物感受的关联不明，不解释为症状、真实经历或 AI 生成。","false","是观众对画面的解读，非动物福利结论。"
"DP-X06","https://www.douyin.com/video/7675265044041098227","4","unverified_public_commenter","自述在另一个账号刷到同一宠物，因粉丝数不同而一度疑惑。","分享","跨账号识别；作者熟悉","仅为评论者自述或有限经历表述，身份、过程与结果未核验。","未读回复","true","需要核对账号关系；不能仅据熟悉角色认定账号迁移或盗用。"
"DP-X06","https://www.douyin.com/video/7675265044041098227","5","unverified_public_commenter","因联名包装可爱且像宠物角色而自述购买。","正面","联名包装；宠物形象；购买","仅为评论者自述或有限经历表述，身份、过程与结果未核验。","未读回复","true","交易与购买归因未核实；可见形象与商品之间的主观联系。"
"DP-X09","https://www.douyin.com/video/7671967137405144360","1","unverified_public_commenter","自述近期看电影时认出了创作者，并谈及电影中的情节。","观察","跨媒介识别；剧情","仅为评论者自述或有限经历表述，身份、过程与结果未核验。","展开位置正文为空。 无法判断后续交流。","false","不能把片中情节当作作者真实生活事件。"
"DP-X09","https://www.douyin.com/video/7671967137405144360","2","unverified_public_commenter","自述在电影里看到两位熟悉的创作者。","正面","跨媒介识别；熟悉感","仅为评论者自述或有限经历表述，身份、过程与结果未核验。","未读回复","false","内容焦点是人物识别，不是本条农业主题。"
"DP-X09","https://www.douyin.com/video/7671967137405144360","3","unverified_public_commenter","自述观影时认出创作者而感到意外。","分享","跨媒介识别；惊讶","仅为评论者自述或有限经历表述，身份、过程与结果未核验。","未读回复","false","只确认观影自述，不据此计算导流或回访。"
"DP-X09","https://www.douyin.com/video/7671967137405144360","4","author","作者表示这条视频没有拍好，并向观众道歉。","负面","作品评价；作者自评","作者身份已由页面标记复核；没有拍好属于作者自评，不是独立质量测量或观众经历。","这是带明确作者标记的顶层自评；不据此认定作者已回应某个具体观众问题。","true","该条为作者自评和道歉，应与观众需求分开；不计作外部观众的负面评价。"
"DP-X09","https://www.douyin.com/video/7671967137405144360","5","unverified_public_commenter","自述在电影院看见相似人物，询问是否为作者。","提问","跨媒介出演；确认","仅为评论者自述或有限经历表述，身份、过程与结果未核验。","未读回复","false","有出演确认需求；未见作者回应。"
"DP-X09","https://www.douyin.com/video/7671967137405144360","6","unverified_public_commenter","表示很快认出了作者，询问其为何出现在电影中。","提问","跨媒介识别；人物关系","仅为评论者自述或有限经历表述，身份、过程与结果未核验。","一条回复继续识别另一位人物。 没有解释本作品农业主题，也没有作者出演说明。","false","已读回复继续补充人物，出演事实仍需官方资料。"
"DP-X09","https://www.douyin.com/video/7671967137405144360","7","unverified_public_commenter","自述刚看完有该创作者参与的电影。","分享","电影观看；作者识别","仅为评论者自述或有限经历表述，身份、过程与结果未核验。","未读回复","false","不等同观看本条完整作品，也不证明电影真实演职员信息。"
"DP-X09","https://www.douyin.com/video/7671967137405144360","8","unverified_public_commenter","好奇作者为何客串电影。","提问","跨媒介出演；好奇","未述亲测","一条回复讨论人物背景。 不复述身份断言；没有回答出演缘由。","false","回复没有解释创作过程或出演缘由。"
"DP-X09","https://www.douyin.com/video/7671967137405144360","9","unverified_public_commenter","自述因为常看作者内容，才在电影里注意到其短暂出镜。","分享","持续关注；识别","仅为评论者自述或有限经历表述，身份、过程与结果未核验。","未读回复","true","支持熟悉感自述，不提供实际频率或连续活跃记录。"
"DP-X09","https://www.douyin.com/video/7671967137405144360","10","unverified_public_commenter","询问作者是否出演了该电影。","提问","跨媒介出演；确认","未述亲测","未读回复","false","未见可核作者确认。"
"DP-X10","https://www.douyin.com/video/7670457453901384698","1","unverified_public_commenter","评论焦点转向出镜人物外貌。","正面","人物外貌；关注偏移","未述亲测","一条回复延续对人物外貌的玩笑，另一条为空。 不作为植物、制香或健康需求。","false","不能计为传统制香或植物知识需求。"
"DP-X10","https://www.douyin.com/video/7670457453901384698","2","unverified_public_commenter","建议调整片头，以免被误认为普通花卉日常。","建议","片头；内容识别","未述亲测","回复有人表示刚知道食用以外的用途，另有空位置和食用认知讨论。 支持新用途引发兴趣；食用安全和做法未核查，不能转载为建议。","false","具体提出选题识别问题，但没有对照测试。"
"DP-X10","https://www.douyin.com/video/7670457453901384698","3","unverified_public_commenter","用古典诗文将木槿与人物形象联系起来。","补充","古典文学；植物联想","未述亲测","未读回复","false","引用归属与文本需另核，不能直接当作史料核查。"
"DP-X10","https://www.douyin.com/video/7670457453901384698","4","unverified_public_commenter","表示喜欢能长成树的花卉。","正面","植物偏好；园艺","未述亲测","展开但没有取得任何回复对象。 回复情况未知，不能写零回复或无人回应。","false","偏好尚不等于种植或购买计划。"
"DP-X10","https://www.douyin.com/video/7670457453901384698","5","unverified_public_commenter","建议用人物画面建立作者识别，并声称花卉开场容易使人划走。","建议","片头；作者识别；流量主张","未述亲测","未读回复","true","具体视觉建议可研究，但其划走比例无数据支持，不采为事实。"
"DP-X10","https://www.douyin.com/video/7670457453901384698","6","unverified_public_commenter","重复表达喜欢可长成花树的木槿。","正面","植物偏好；重复表达","未述亲测","未读回复","true","与 p4 文本重复；无身份映射，不作为新的独立用户需求点。"
"DP-X10","https://www.douyin.com/video/7670457453901384698","7","unverified_public_commenter","称赞花朵漂亮。","正面","植物审美","未述亲测","未读回复","false","支持审美消费，不要求附加工具任务。"
"DP-X10","https://www.douyin.com/video/7670457453901384698","8","unverified_public_commenter","声称这种花可以食用。","补充","植物食用；用途补充","未述亲测","未读回复","false","植物识别、食用安全与处理方式未核，不作为食用建议。"
"DP-X10","https://www.douyin.com/video/7670457453901384698","9","unverified_public_commenter","概括采集与制香步骤，并评价其治愈氛围。","正面","制香流程；内容概括；氛围","未述亲测","未读回复","false","只确认存在流程概括；文本风格不能证明由 AI 生成或完整观看。"
"DP-X10","https://www.douyin.com/video/7670457453901384698","10","unverified_public_commenter","询问作品中花制品的用途。","提问","成品用途；理解缺口","未述亲测","未读回复","true","应核对提问对象是否被误称；未见已读答案，不能替作者补答。"
"DP-X11","https://www.douyin.com/video/7668646555003538739","1","unverified_public_commenter","比较过去与近期购买感受，认为价格降低后风味变差。","负面","品质变化；购买体验","仅为评论者自述或有限经历表述，身份、过程与结果未核验。","回复有人同样认为气味变弱，也有人自述恰因气味变弱才更愿意购买和食用。 同一感官变化可能带来相反偏好；没有统一品种、批次和检测，不能确认整体品质趋势。","false","属于个人比较，品种、批次、渠道和成熟度未控制。"
"DP-X11","https://www.douyin.com/video/7668646555003538739","2","unverified_public_commenter","推测若本地种植扩大，价格会进一步下降。","观点","产地；价格预测","未述亲测","未读回复","false","预测没有成本与供给数据，不当作价格结论。"
"DP-X11","https://www.douyin.com/video/7668646555003538739","3","unverified_public_commenter","回忆早年的零售与进口价格。","补充","历史价格；记忆","仅为评论者自述或有限经历表述，身份、过程与结果未核验。","未读回复","false","单位、渠道、时间及成本来源未核。"
"DP-X11","https://www.douyin.com/video/7668646555003538739","4","unverified_public_commenter","自述多次购买后遇到口感不佳，少有符合期待的果肉。","负面","重复购买；品质失败","尝试或结果自述，未独立验证","未读回复","true","是明确重复购买与不满意自述；需要批次、渠道和挑选条件。"
"DP-X11","https://www.douyin.com/video/7668646555003538739","5","unverified_public_commenter","表示目前仍觉得贵，希望按去壳后可食部分衡量价格。","负面","预算；净重价格","只见意向或预期，未确认行动。","未读回复","true","反映预算与可食成本的关注，不证明支付能力或市场价格。"
"DP-X11","https://www.douyin.com/video/7668646555003538739","6","unverified_public_commenter","以玩笑方式提醒喜欢上这种水果后可能增加花费。","调侃","口味养成；花费","未述亲测","一条回复转述家人从首次不适应到后来主动想吃。 是家庭经历转述，不新增独立家庭成员用户或疗效案例。","false","没有本人支出记录，不估算付费。"
"DP-X11","https://www.douyin.com/video/7668646555003538739","7","unverified_public_commenter","自述近期多次遇到水分过多、口感不理想的购买体验。","负面","近期品质；踩雷","尝试或结果自述，未独立验证","一条回复自述当日也买到不满意的果品。 增加一个评论位置的体验说法，但身份未知，不计独立购买人数。","false","具体失败感受可追问，不代表当年整体品质下降。"
"DP-X11","https://www.douyin.com/video/7668646555003538739","8","unverified_public_commenter","主张高价产品的口感更好，表达愿多付钱买满意口味。","观点","价格品质；支付取舍","只见意向或预期，未确认行动。","未读回复","false","价格与品质关系未控制；愿付更多不等于已支付。"
"DP-X11","https://www.douyin.com/video/7668646555003538739","9","unverified_public_commenter","自述过去不接受这种味道，之后再次尝试却变得能接受。","分享","口味变化；再次尝试","仅为评论者自述或有限经历表述，身份、过程与结果未核验。","未读回复","false","支持个人偏好变化自述，不推断生理原因或普遍规律。"
"DP-X11","https://www.douyin.com/video/7668646555003538739","10","unverified_public_commenter","仅留下一个数字，无法确定其含义。","未知","含义不明","未述亲测","未读回复","false","保留为可见文本位置，不赋予价格、评分或年龄含义。"
"DP-X12","https://www.douyin.com/video/7677753069438430611","1","unverified_public_commenter","指出一种地方调味食品的名称可能说错。","纠正","地方名称；事实纠正","未述亲测","未读回复","true","两条类似纠正不能自动当作两名独立当地用户；需要地方资料核查。"
"DP-X12","https://www.douyin.com/video/7677753069438430611","2","unverified_public_commenter","用当地口语作简短感叹。","感叹","方言；情绪互动","未述亲测","未读回复","false","不强行翻译出具体需求或身份。"
"DP-X12","https://www.douyin.com/video/7677753069438430611","3","unverified_public_commenter","以在外地的家乡人视角表达对家乡食物的想念。","正面","地域记忆；食欲","仅为评论者自述或有限经历表述，身份、过程与结果未核验。","未读回复","true","只保留地域关联，不复述其现居信息，不推断人数。"
"DP-X12","https://www.douyin.com/video/7677753069438430611","4","unverified_public_commenter","建议到相关地区时补吃另一种特色食物。","建议","地方美食；遗漏建议","未述亲测","未读回复","false","其中唯一性说法未核，但选题补充意向明确。"
"DP-X12","https://www.douyin.com/video/7677753069438430611","5","unverified_public_commenter","称赞当地一道食物。","正面","菜品偏好","未述亲测","未读回复","false",""
"DP-X12","https://www.douyin.com/video/7677753069438430611","6","unverified_public_commenter","再次指出同一调味食品名称应改用当地叫法。","纠正","地方名称；重复纠正","未述亲测","未读回复","false","与 p1 含义接近；按评论位置计数，不作为独立事实来源数量。"
"DP-X12","https://www.douyin.com/video/7677753069438430611","7","unverified_public_commenter","以方言表达强烈反应。","感叹","方言；情绪互动","未述亲测","未读回复","false","不补出未明确说出的需求。"
"DP-X12","https://www.douyin.com/video/7677753069438430611","8","unverified_public_commenter","指出当地豆腐脑做法与视频可能呈现的方式不同。","纠正","做法差异；地方知识","未述亲测","未读回复","true","需要核对实际画面、店家做法和地方差异。"
"DP-X12","https://www.douyin.com/video/7677753069438430611","9","unverified_public_commenter","认可作者会选择和品尝当地食物。","正面","饮食判断；作者认可","未述亲测","未读回复","false",""
"DP-X12","https://www.douyin.com/video/7677753069438430611","10","unverified_public_commenter","称赞作者覆盖了多种本地食物，并认为符合当地偏好。","正面","覆盖范围；地方认同","未述亲测","未读回复","false","是观众的覆盖评价，不证明完整列举或当地人整体认可。"
