"编号","作者","内容","链接","发布","读取UTC","窗口","发现入口","点赞显示","评论显示","收藏显示","分享显示","播放量","收藏除以点赞","分享除以点赞","AI声明","可读顶层","可读回复"
"DP-001","foyege","多人站位与场景一致性教程","https://www.douyin.com/video/7673074764340650597","2026-08-12 19:26","2026-09-12T14:39:22.812Z","窗口内","prior-purpose-selected-author","4664","136","4105","600","未取得","0.8801457975986278","0.12864493996569468","作者声明：内容由 AI 生成","10","7"
"DP-002","foyege","AI 演技短片与原片比较","https://www.douyin.com/video/7668957069785803426","2026-08-01 15:10","2026-09-12T14:40:08.477Z","窗口内","prior-purpose-selected-author","30.0万","8062","1.7万","6.1万","未取得","0.056666666666666664","0.20333333333333334","作者声明：内容由 AI 生成","5","7"
"DP-003","foyege","人物皮肤真实感教程","https://www.douyin.com/video/7678195402789837169","2026-08-26 12:39","2026-09-12T14:40:12.176Z","窗口内","prior-purpose-selected-author","1861","45","1717","267","未取得","0.922622246104245","0.14347125201504568","作者声明：内容由 AI 生成","5","5"
"DP-004","孩子的一棠课","《敕勒歌》与三千孤儿叙事","https://www.douyin.com/video/7678155357679602995","2026-08-28 08:00","2026-09-12T14:40:17.190Z","窗口内","prior-purpose-selected-author","117.5万","3.0万","12.1万","30.7万","未取得","0.10297872340425532","0.2612765957446809","作者声明：内容由 AI 生成","5","6"
"DP-005","孩子的一棠课","《诫子书》的成年重读与家庭情境","https://www.douyin.com/video/7668119425446350122","2026-07-30 08:59","2026-09-12T14:40:25.040Z","窗口内","prior-purpose-selected-author","5.7万","1072","3.3万","1.7万","未取得","0.5789473684210527","0.2982456140350877","作者声明：内容由 AI 生成","10","8"
"DP-006","编导_拾光","《山海》第一季合集","https://www.douyin.com/video/7677555740273380635","2026-08-24 19:17","2026-09-12T14:41:21.733Z","窗口内","prior-purpose-selected-author","2.7万","898","1.3万","1.1万","未取得","0.48148148148148145","0.4074074074074074","作者声明：内容由 AI 生成","5","5"
"DP-007","编导_拾光","《山海》第一集","https://www.douyin.com/video/7663756336345173258","2026-07-18 20:00","2026-09-12T14:41:25.010Z","窗口内","prior-purpose-selected-author","2.3万","743","8315","4018","未取得","0.3615217391304348","0.17469565217391303","作者声明：内容由 AI 生成","10","3"
"DP-008","徐兆猛","34 位 AI 作者内容分析的观众反馈","https://www.douyin.com/video/7674170814966631718","2026-08-15 16:22","2026-09-12T14:41:31.927Z","窗口内","prior-purpose-selected-author","8468","452","7518","2601","未取得","0.8878129428436466","0.3071563533301842","","10","2"
"DP-009","徐兆猛","用 AI 赚钱阶段观点的评论","https://www.douyin.com/video/7668274778004678321","2026-07-30 19:02","2026-09-12T14:41:35.852Z","窗口内","prior-purpose-selected-author","3783","689","1813","1179","未取得","0.47924927306370607","0.31165741475019826","作者声明：个人观点，仅供参考","5","3"
"DP-S002","知雪","DeepSeek Harness零基础使用教程他来了！ 一条视频带你轻松上手可随意组装插件","https://www.douyin.com/video/7680156458940553061","2026-08-31 19:45","2026-09-12T14:42:22.001Z","窗口内","existing-category-prefix","1731","170","1829","193","未取得","1.0566146735990756","0.11149624494511842","","10","3"
"DP-S003","县域方志","西安东郊三分天下城区是乱划的？军工城西京医院康复路竟是同体系 西安的东郊，被分成了风貌迥异","https://www.douyin.com/video/7665250198007926042","2026-07-22 17:08","2026-09-12T14:42:28.211Z","窗口内","existing-category-prefix","4443","394","1376","1648","未取得","0.30970065271213143","0.370920549178483","","10","2"
"DP-S004","亲爱的安先生","20分钟纠正短视频的18个认知错误","https://www.douyin.com/video/7665276266328673572","2026-07-22 21:00","2026-09-12T14:42:32.875Z","窗口内","existing-category-prefix","6879","183","4167","1365","未取得","0.6057566506759704","0.198430004361099","","10","9"
"DP-S005","车哆哩","比亚迪大唐EV，是大而全能吗？ ","https://www.douyin.com/video/7656159828724747566","2026-06-28 11:30","2026-09-12T14:42:40.038Z","窗口前","existing-category-prefix","1303","100","135","185","未取得","0.10360706062931696","0.1419800460475825","作者声明：个人观点，仅供参考","9","4"
"DP-S006","爱车的井","20万买比亚迪能得到什么? ","https://www.douyin.com/video/7666403360311905570","2026-07-25 18:00","2026-09-12T14:42:44.243Z","窗口内","existing-category-prefix","7085","543","871","2083","未取得","0.12293577981651377","0.2940014114326041","","10","7"
"DP-S007","高转青年","比亚迪用6年，学会了，BBA用了30年才懂的事 ","https://www.douyin.com/video/7676325120041962762","2026-08-21 11:42","2026-09-12T14:43:25.681Z","窗口内","existing-category-prefix","1353","112","270","50","未取得","0.19955654101995565","0.03695491500369549","作者声明：个人观点，仅供参考","10","5"
"DP-S008","高航试车","2026款比亚迪大唐EV，详细静态体验","https://www.douyin.com/video/7683730151108080102","2026-09-10 10:37","2026-09-12T14:43:30.021Z","窗口后","existing-category-prefix","888","176","104","303","未取得","0.11711711711711711","0.34121621621621623","作者声明：个人观点，仅供参考","10","8"
"DP-S009","烟火百科","吃饱还能瘦？30天掉14斤的减肥法，到底靠谱吗？ ","https://www.douyin.com/video/7668984762966510890","2026-08-01 17:12","2026-09-12T14:43:32.976Z","窗口内","existing-category-prefix","1144","27","860","638","未取得","0.7517482517482518","0.5576923076923077","","9","3"
"DP-S010","C1PHERIC","艾弗森的实力到底怎么样？放到今天场均n能有多少分 ","https://www.douyin.com/video/7665584072642546979","2026-07-23 13:01","2026-09-12T14:43:39.579Z","窗口内","existing-category-prefix","2614","246","343","188","未取得","0.13121652639632747","0.07192042846212701","","10","4"
"DP-S011","荒野熊溪","老挝，两年前的错失大鱼，让我耿耿于怀，再次出发老挝，用时3日徒步钓鱼，炎热的天气和体能的极","https://www.douyin.com/video/7672150405173759275","2026-08-10 12:00","2026-09-12T14:43:48.755Z","窗口内","existing-category-prefix","1.4万","634","804","1731","未取得","0.057428571428571426","0.12364285714285714","","10","1"
"DP-S012","猪头煮不烂","邪修钓组 路亚草鱼 鲤鱼 鳊鱼教学 漂玉米 ","https://www.douyin.com/video/7680922458311920938","2026-09-02 21:02","2026-09-12T14:44:59.899Z","窗口内","existing-category-prefix","1006","207","607","356","未取得","0.6033797216699801","0.3538767395626243","","10","4"
"DP-S013","金铲铲007（天才棋社）","s18最强的过渡方式！适用于任何阵容的万金油打法！","https://www.douyin.com/video/7675929500500207990","2026-08-20 10:06","2026-09-12T14:45:04.559Z","窗口内","existing-category-prefix","8111","295","2520","1098","未取得","0.31068918752311675","0.13537171742078657","","9","6"
"DP-S014","宸诩","一天不只有24小时，你信吗？《女神异闻录3》讲了什么故事？ 因为流程比较长，所以采取分期的","https://www.douyin.com/video/7665680324180872490","2026-07-23 19:32","2026-09-12T14:45:12.122Z","窗口内","existing-category-prefix","3.0万","609","6538","3540","未取得","0.21793333333333334","0.118","","9","8"
"DP-S015","风彩丶","1400层Q，这回真是沙漠死神了！ ","https://www.douyin.com/video/7675021138669407542","2026-08-17 23:22","2026-09-12T14:45:16.404Z","窗口内","existing-category-prefix","5797","188","241","281","未取得","0.0415732275314818","0.04847334828359496","","10","9"
"DP-S016","TopZone","2010年至2019年历年顶流游戏","https://www.douyin.com/video/7659359024613231918","2026-07-06 18:24","2026-09-12T14:45:20.849Z","窗口前","existing-category-prefix","545","47","129","55","未取得","0.23669724770642203","0.10091743119266056","","10","4"
"DP-CAND-01-1","博宇讲历史","180师作战叙事","https://www.douyin.com/video/7598938845460584438","2026-01-24 22:43","2026-09-12T14:46:54.592Z","窗口前","public-web-search-to-profile","11","抢首评","收藏","分享","未取得","","","","0","0"
"DP-CAND-01-2","博宇讲历史","汉江战役叙事","https://www.douyin.com/video/7589070262886161862","2025-12-29 08:28","2026-09-12T14:46:56.982Z","窗口前","public-web-search-to-profile","3","1","1","分享","未取得","0.3333333333333333","","","0","0"
"DP-CAND-02-1","溯明","诸葛亮故事开篇","https://www.douyin.com/video/7679427156413402409","2026-08-29 20:19","2026-09-12T14:47:02.939Z","窗口内","public-web-search-to-profile","552","47","101","43","未取得","0.18297101449275363","0.07789855072463768","作者声明：内容由 AI 生成","10","7"
"DP-CAND-02-2","溯明","姜维一生","https://www.douyin.com/video/7676009729012878607","2026-08-20 18:30","2026-09-12T14:47:07.552Z","窗口内","public-web-search-to-profile","16.2万","3983","1.8万","2.6万","未取得","0.1111111111111111","0.16049382716049382","作者声明：内容由 AI 生成","10","9"
"DP-CAND-03-1","宇宙科普局","富士山喷发疑问","https://www.douyin.com/video/7684499736761584922","2026-09-12 12:23","2026-09-12T14:47:11.481Z","窗口后","public-web-search-to-profile","66","8","14","10","未取得","0.21212121212121213","0.15151515151515152","作者声明：个人观点，仅供参考","3","0"
"DP-CAND-03-2","宇宙科普局","中越哨兵军装辨识","https://www.douyin.com/video/7684491344244411691","2026-09-12 11:51","2026-09-12T14:47:14.065Z","窗口后","public-web-search-to-profile","444","18","256","39","未取得","0.5765765765765766","0.08783783783783784","作者声明：个人观点，仅供参考","10","2"
"DP-CAND-04-4","科普匠","机器人武术与街舞","https://www.douyin.com/video/7683793936213997043","2026-09-10 14:44","2026-09-12T14:47:32.126Z","窗口后","public-web-search-to-profile","346","18","25","27","未取得","0.07225433526011561","0.07803468208092486","","9","3"
"DP-CAND-04-5","科普匠","古榕树扶正","https://www.douyin.com/video/7683778565574177178","2026-09-10 13:45","2026-09-12T14:47:36.252Z","窗口后","public-web-search-to-profile","4146","139","211","107","未取得","0.05089242643511819","0.02580800771828268","","10","4"
"DP-CAND-06-1","-不捣药的玉兔-","AI武术展示","https://www.douyin.com/video/7628578344628971685","2026-04-14 19:40","2026-09-12T14:47:48.119Z","窗口前","public-web-search-to-profile","7","抢首评","2","分享","未取得","0.2857142857142857","","","0","0"
"DP-CAND-06-2","-不捣药的玉兔-","动漫数字分身","https://www.douyin.com/video/7628572511822712116","2026-04-14 19:17","2026-09-12T14:47:50.352Z","窗口前","public-web-search-to-profile","7","2","2","分享","未取得","0.2857142857142857","","","2","0"
"DP-CAND-08-2","PPT之光-冯注龙","PPT数字翻滚动画","https://www.douyin.com/video/7588101877716802506","2025-12-26 17:50","2026-09-12T14:48:14.110Z","窗口前","public-web-search-to-profile","498","12","345","67","未取得","0.6927710843373494","0.13453815261044177","","10","2"
"DP-CAND-08-3","PPT之光-冯注龙","PPT团队成员动画","https://www.douyin.com/video/7587749731657846043","2025-12-25 19:04","2026-09-12T14:48:16.448Z","窗口前","public-web-search-to-profile","273","3","139","29","未取得","0.5091575091575091","0.10622710622710622","","3","0"
"DP-CAND-09-3","华宇佳业WorkBuddy服务伙伴","WorkBuddy自定义技能","https://www.douyin.com/video/7684207899094060340","2026-09-12 10:30","2026-09-12T14:48:22.711Z","窗口后","public-web-search-to-profile","5","抢首评","1","分享","未取得","0.2","","","0","0"
"DP-CAND-09-4","华宇佳业WorkBuddy服务伙伴","WorkBuddy办公文档","https://www.douyin.com/video/7684206676953566506","2026-09-11 19:30","2026-09-12T14:48:27.014Z","窗口后","public-web-search-to-profile","3","1","1","分享","未取得","0.3333333333333333","","","0","0"
"DP-CAND-07","喜欢编程的杨同学","Cursor编程入门","https://www.douyin.com/video/7463424100392799514","2025-01-24 18:17","2026-09-12T14:49:03.422Z","窗口前","public-web-search-work","2.0万","397","1.7万","5442","未取得","0.85","0.2721","","5","8"
"DP-CAND-10","奶思安安","窗台板做法","https://www.douyin.com/video/7595852907204777841","2026-01-16 15:08","2026-09-12T14:49:06.693Z","窗口前","public-web-search-work","2.7万","1558","3.0万","1.5万","未取得","1.1111111111111112","0.5555555555555556","","5","1"
"DP-CAND-11","小颖说剧","刑侦剧分集解说","https://www.douyin.com/video/7656632101500050545","2026-06-29 10:03","2026-09-12T14:49:09.870Z","窗口前","public-web-search-work","678","9","114","24","未取得","0.168141592920354","0.035398230088495575","","5","3"
"DP-CAND-13","浮影","恐怖片解说","https://www.douyin.com/video/7638994532448668964","2026-05-12 21:35","2026-09-12T14:49:16.210Z","窗口前","public-web-search-work","339","34","91","348","未取得","0.26843657817109146","1.0265486725663717","","9","0"
"DP-CAND-14","奥秘百科","动物科普短内容","https://www.douyin.com/video/7673057360361347435","2026-08-12 16:21","2026-09-12T14:49:18.471Z","窗口内","public-web-search-work","21","1","3","分享","未取得","0.14285714285714285","","作者声明：内容由 AI 生成","0","0"
"DP-CAND-15","九卿阿i","历史典故剧情","https://www.douyin.com/video/7633656302065517413","2026-04-28 12:05","2026-09-12T14:49:48.591Z","窗口前","public-web-search-work","5.3万","393","6350","4098","未取得","0.11981132075471698","0.07732075471698113","","5","6"
"DP-CAND-16","毕英杰Johnathan","特殊经历访谈节选","https://www.douyin.com/video/7641582631196380425","2026-05-20 16:01","2026-09-12T14:49:51.538Z","窗口前","public-web-search-work","383","12","122","24","未取得","0.3185378590078329","0.06266318537859007","","10","1"
"DP-CAND-17","晨晨家装日记（装修中）","装修博主推荐","https://www.douyin.com/video/7637833958920059387","2026-05-09 18:16","2026-09-12T14:49:53.599Z","窗口前","public-web-search-work","429","1","193","71","未取得","0.44988344988344986","0.1655011655011655","","1","0"
"DP-CAND-18","栋哥的装修生活","装修提前采购清单","https://www.douyin.com/video/7341224679593495846","2024-03-01 11:01","2026-09-12T14:49:55.987Z","窗口前","public-web-search-work","1233","23","1569","895","未取得","1.2725060827250607","0.7258718572587186","","7","0"
"DP-CAND-19","老柯爱养猫","猫咪上床睡觉","https://www.douyin.com/video/7621527457640989042","2026-03-26 19:39","2026-09-12T14:50:00.302Z","窗口前","public-web-search-work","7515","375","5022","8424","未取得","0.6682634730538922","1.1209580838323354","","10","5"
"DP-CAND-20","毛孩科普日记","猫咪喜欢人的表现","https://www.douyin.com/video/7678915349949384870","2026-08-28 11:13","2026-09-12T14:50:02.424Z","窗口内","public-web-search-work","44","3","36","7","未取得","0.8181818181818182","0.1590909090909091","","3","0"
"DP-CAND-21","巧克李","安静海边目的地","https://www.douyin.com/video/7282575604048809272","2023-09-25 09:53","2026-09-12T14:50:25.991Z","窗口前","public-web-search-work","3.4万","3393","2.1万","4.1万","未取得","0.6176470588235294","1.2058823529411764","","10","9"
"DP-CAND-22","PP酱子","景德镇旅游路线","https://www.douyin.com/video/7523202512960228627","2025-07-04 20:28","2026-09-12T14:50:30.538Z","窗口前","public-web-search-work","8.5万","3055","6.2万","6.2万","未取得","0.7294117647058823","0.7294117647058823","","10","4"
"DP-CAND-23","Sindy小姐Eason妈","儿童发展指南解读","https://www.douyin.com/video/7086421291015720196","2022-04-14 19:33","2026-09-12T14:50:33.899Z","窗口前","public-web-search-work","985","14","551","422","未取得","0.5593908629441624","0.42842639593908627","","7","2"
"DP-CAND-24","殷茵早教育儿频道","数字联想认读方法","https://www.douyin.com/video/7039982553758960904","2021-12-10 16:07","2026-09-12T14:50:38.174Z","窗口前","public-web-search-work","1.6万","2143","6857","5747","未取得","0.4285625","0.3591875","","10","9"
"DP-X01","主持人百克力","从业43年法医刘良 x 百克力｜亲自解剖4000+例，我们身边最容易被忽略的死亡瞬间竟然是","https://www.douyin.com/video/7672291961251826978","2026-08-10 19:00","2026-09-12T14:51:41.176Z","窗口内","existing-category-date-filter-prefix","5.3万","1166","1.2万","1.2万","未取得","0.22641509433962265","0.22641509433962265","作者声明：个人观点，仅供参考","10","7"
"DP-X02","OK哥环球探海记","80后老登勇闯加勒比海无人岛，谁知夜里的海底都是巨型犀牛虾！ ","https://www.douyin.com/video/7670114965029752110","2026-08-05 11:00","2026-09-12T14:51:45.822Z","窗口内","existing-category-date-filter-prefix","56.5万","1.3万","7.6万","10.2万","未取得","0.13451327433628318","0.18053097345132743","","10","6"
"DP-X03","户外小祝","精壮小伙徒步探访千年古寺，却被网友几句话整破防 ","https://www.douyin.com/video/7678599019253239046","2026-08-27 18:00","2026-09-12T14:51:50.550Z","窗口内","existing-category-date-filter-prefix","4302","480","272","383","未取得","0.06322640632264064","0.08902835890283589","","10","7"
"DP-X04","极致玩家","第一集：车龄15年老越野，单车勇闯羌塘1200公里无人区 ","https://www.douyin.com/video/7670161131427728681","2026-08-05 18:00","2026-09-12T14:51:54.840Z","窗口内","existing-category-date-filter-prefix","5094","423","1227","1866","未取得","0.2408716136631331","0.3663133097762073","","10","8"
"DP-X05","八宝动物园","超大型犬中的五大战力天花板 接下来向你走来的是，超大型犬中的，五大战力天花板","https://www.douyin.com/video/7676758445789383974","2026-08-22 18:26","2026-09-12T14:51:59.126Z","窗口内","existing-category-date-filter-prefix","4279","408","1125","545","未取得","0.2629118953026408","0.12736620705772378","作者声明：内容由 AI 生成","7","5"
"DP-X06","哈根达斯","带啤啤来安吉漂流啦！ ","https://www.douyin.com/video/7675265044041098227","2026-08-18 18:01","2026-09-12T14:52:03.603Z","窗口内","existing-category-date-filter-prefix","8.8万","1115","4231","3.2万","未取得","0.04807954545454545","0.36363636363636365","","5","6"
"DP-X09","老王在中国","立秋的季节是收获的喜悦，这里有带领农户致富的温暖～","https://www.douyin.com/video/7671967137405144360","2026-08-10 16:20","2026-09-12T14:52:26.639Z","窗口内","existing-category-date-filter-prefix","6.8万","3133","2174","2907","未取得","0.03197058823529412","0.04275","","10","2"
"DP-X10","小苏香（非遗手作）","你看这木槿，朝开暮落，周而复始，跟会呼吸似的。每次盯着它，都觉得特别治愈～ ","https://www.douyin.com/video/7670457453901384698","2026-08-05 16:12","2026-09-12T14:52:30.905Z","窗口内","existing-category-date-filter-prefix","2033","235","392","109","未取得","0.1928184948352189","0.05361534677816036","","10","3"
"DP-X11","汽水知","今年夏天你去超市买榴莲，是不是有种错觉——这玩意儿好像突然不金贵了？","https://www.douyin.com/video/7668646555003538739","2026-07-31 19:05","2026-09-12T14:52:35.280Z","窗口内","existing-category-date-filter-prefix","2.1万","2995","2304","3.3万","未取得","0.10971428571428571","1.5714285714285714","作者声明：内容由 AI 生成","10","5"
"DP-X12","林奇走着","深度体验乾县美食的魅力，在乾县真的吃美了 谁能想到，武则天乾陵脚下，竟然藏着这么多关中美味","https://www.douyin.com/video/7677753069438430611","2026-08-25 08:03","2026-09-12T14:52:37.664Z","窗口内","existing-category-date-filter-prefix","2711","519","781","3985","未取得","0.2880855772777573","1.4699372925119882","","10","0"
