"线索代号","公开作品链接","题材","状态","作者是否去重核对","近30天发布观察","最近10条日期范围","代表作品","一般作品","最近作品","AI使用状态与依据","拟合作内容类型","不适用的考察项","作者希望得到什么","社区承诺什么","交付范围","署名与使用范围","是否提供源文件","实际联系日期","回复状态","首份约定日期","首份合格日期","第二次约定日期","第二次接受","第二次完成","新增内容或原文修订","算力实际消耗成本","稿酬与外部费用","编辑工时","核验工时","回应与维护工时","返工与退出原因","关联内容编号","外部消费证据","跨周观察窗","是否能拆分履约行为","下一步"
"CL-01","https://www.douyin.com/video/7664551837873261858","人物与历史解释","公开作品入口，未核作者主页或联系","","","","","","","未知","","","","","","","","","","","","","","","","","","","","","","","","","","是否稳定做历史系列；出处与纠错过程；AI作用尚未说明。"
"CL-02","https://www.douyin.com/video/7670720984210492713","生活科普与茶知识","公开作品入口，未核作者主页或联系","","","","","","","未知","","","","","","","","","","","","","","","","","","","","","","","","","","茶知识的依据、独立原创程度、是否回复使用问题；AI未知。"
"CL-03","https://www.douyin.com/video/7661104649675623714","动画与数据可视化教程","公开作品入口，未核作者主页或联系","","","","","","","未知","","","","","","","","","","","","","","","","","","","","","","","","","","标题介绍Codex+Remotion；评论涉及中文字体、时间轴和插件；实际项目是否愿意授权尚未核。"
"CL-04","https://www.douyin.com/video/7674339465447361838","AI工具入门教学","公开作品入口，未核作者主页或联系","","","","","","","未知","","","","","","","","","","","","","","","","","","","","","","","","","","需要看最近教程是否维护、读者失败是否被解决；仅按标题确认谈论AI，不直接证明作者已用。"
"CL-05","https://www.douyin.com/video/7660539583184112915","旅行路线与自驾","公开作品入口，未核作者主页或联系","","","","","","","未知","","","","","","","","","","","","","","","","","","","","","","","","","","路线时效、是否亲历、来源与持续更新；不因为没有AI声明就分入未用AI。"
"CL-06","https://www.douyin.com/video/7652544679447153947","玩具与亲子消费","公开作品入口，未核作者主页或联系","","","","","","","未知","","","","","","","","","","","","","","","","","","","","","","","","","","成人玩具兴趣与亲子需要需分开；查看是否有真实试用及连续作品。"
"CL-07","https://www.douyin.com/video/7678155357679602995","课文、人文与家庭观看","公开作品入口，未核作者主页或联系","","","","","","","已用（作者声明）","","","","","","","","","","","","","","","","","","","","","","","","","","已见AI生成声明和具体评论；需核史实、年龄适配及是否回应质疑。"
"CL-08","https://www.douyin.com/video/7657525893891722822","家庭做饭与亲子活动","公开作品入口，未核作者主页或联系","","","","","","","未知","","","","","","","","","","","","","","","","","","","","","","","","","","只联系成年运营者；不采集儿童身份；操作可执行性、成人监督与AI作用尚未核。"
"CL-09","https://www.douyin.com/video/7673074764340650597","多人群像与镜头制作","公开作品入口，未核作者主页或联系","","","","","","","已用（作者声明）","","","","","","","","","","","","","","","","","","","","","","","","","","复核完整流程与模型限制；评论中的工具建议者只有公开作品后才升级为创作者候选。"
"CL-10","https://www.douyin.com/video/7675325310220422450","原创故事连载","公开作品入口，未核作者主页或联系","","","","","","","已用（作者声明）","","","","","","","","","","","","","","","","","","","","","","","","","","需核后续集数是否完成、是否稳定更新、是否能够公开部分创作过程。"
