"样本ID","分组","平台","标题","主题","行业","用途","形式","内容链接","作者代号","供给者类型","发布时间","内容更新时间","最近可见参与时间","日期说明","本次读取时间","批次复核时间","新增或重读","采样入口","选择原因","入口范围与排序","内容互动指标（字段/值/单位/周期）","讨论参与指标（字段/值/单位/周期）","任务经历指标（字段/值/单位/周期）","完整可见指标JSON","指标说明","未标注数字","直接需求","失败与障碍","解决情况","后续回报","消费证据状态","消费证据依据","供给完整性","已提供材料","缺失或未核材料","证据解释","来源JSON"
"commerce-01","商品图与商品宣传","LiblibAI","FLUX背景重绘FLUX换背景，自定画布打光电商主图海报场景","商品图、商品背景合成、产品打光","电商与商品营销（页面标注用途）","根据产品与参考场景调整位置、透视、光影和细节，形成商品主图或海报素材。","ComfyUI工作流说明＋外部视频教程目录","https://www.liblib.art/modelinfo/c9503c1d6dfb44858410b840c2a3dad8?from=feed&rankExpId=RVIyX0wyI0VHMTEjRTE3X0wzI0VHNSNFMTI%3D&versionUuid=5d29d408fea248bb813e9a05e79cd995","commerce-author-01","工作流作者；正文称本地研究后分享","","","","正文提到连续优化，但没有明确发布/更新日期；搜索引擎抓取日期不作发表日期。","2026-09-11","","新增样本","公开网页搜索；site:liblib.art/modelinfo 商品 主图 背景 工作流","正文出现透视、边缘、投影与后期细节等具体问题，可检验资源说明是否超出效果宣传。","搜索默认排序，规则未知","","","","[]","本次可读正文未返回明确标注的互动或使用数。","","","","","","未读取到直接求助或采用回报","本次正文没有独立消费者评论。","说明部分完整，执行未验证","参考图与产品关系要求；遮罩、画布与局部采样的调整说明；按简单/进阶/更新组织的外部教程入口；示例过程和作者迭代陈述","本次未观看外部教程；完整配置和模型版本核验；统一输入下的失败率、耗时与成本；独立使用者反馈","有说明材料的供给不等于一键完成。该样本提示商品保真与场景融合可能需要经验，可调查是否有人愿意反复阅读解释与排错内容，不能据作者一句可用资源少认定市场短缺。","[{""title"":""FLUX背景重绘FLUX换背景，自定画布打光电商主图海报场景"",""url"":""https://www.liblib.art/modelinfo/c9503c1d6dfb44858410b840c2a3dad8?from=feed&rankExpId=RVIyX0wyI0VHMTEjRTE3X0wzI0VHNSNFMTI%3D&versionUuid=5d29d408fea248bb813e9a05e79cd995"",""date"":null,""accessedAt"":""2026-09-11"",""whatSupports"":""打开具体页并读取84行公开正文；只读，没有下载或运行。""}]"
"commerce-02","商品图与商品宣传","LiblibAI","电商产品精修+背景替换（FLUX）V2.0","商品精修、商品背景替换","电商与商品营销（页面标注用途）","商品原图精修与两图背景迁移，可分别使用两模块。","ComfyUI工作流＋节点图解＋版本迁移说明","https://www.liblib.art/modelinfo/7b89bfd25f7f418b82381e893a85c789?from=feed&versionUuid=791ecaae74b44c00a1b4423128084c10","commerce-author-02","商品图处理工作流作者","","","","页面正文未标明确日期。","2026-09-11","","已有样本复核","已有证据复核并由公开搜索再次找到；site:liblib.art/modelinfo 商品 主图 背景 工作流","保留版本连续性，比较精修与背景合成两种用途的材料要求。","目的性复核","","","","[]","本次可读正文没有明确标注的互动或使用数。","","","","","","未读取到直接求助或采用回报","本次正文没有独立消费者评论。","模块说明可读，完整交付未验证","V1/V2关联；精修与背景分模块；两份输入作用；节点过程图和可选依赖提示","可下载完整配置核验；同一商品的原始输入与失败对照；实际运行结果和代价；返图与作者答复链","版本延续是供给维护线索，不是消费者重复使用证明。","[{""title"":""电商产品精修+背景替换（FLUX）V2.0"",""url"":""https://www.liblib.art/modelinfo/7b89bfd25f7f418b82381e893a85c789?from=feed&versionUuid=791ecaae74b44c00a1b4423128084c10"",""date"":null,""accessedAt"":""2026-09-11"",""whatSupports"":""打开具体页并读取72行公开正文；作者邀请返图，未读到返图结果。""}]"
"commerce-03","商品图与商品宣传","LiblibAI","一键全品类电商产品主图丨海报丨详情页（风格参考）","商品主图、商品海报、详情页","电商与商品营销（页面标注用途）","用白底产品图、参考版式和标题/卖点文案生成商品视觉素材；作者列家具、厨具、五金及电器用途。","ComfyUI工作流说明","https://www.liblib.art/modelinfo/704b848dc1804107931c8d534b6165dd?from=search&versionUuid=23e2bfbbd9b94714a8e7a11c2fedc18e","commerce-author-03","工作流作者，正文同时提供定制和教学服务","","","","具体页正文未标明确日期。","2026-09-11","","新增样本","公开网页搜索；site:liblib.art/modelinfo 商品 主图 背景 工作流","覆盖带文案的主图/详情页，区别于只处理背景和精修的资源。","搜索默认排序，规则未知","","","","[]","本次正文未返回明确标注的互动或使用数。","","","","","","未读取到直接求助或采用回报","本次正文没有独立消费者评论。","任务和输入较明确，运行与适用范围未验证","白底图、参考图、文案三类输入；输出比例和分辨率说明；文字错位与风格不一致的处理方向；作者列举的适用品类","完整模型名称在公开正文部分被遮挡；输入输出逐例对照；配置、准确率和运行成本；真实消费者评论与采购结果","覆盖品类多是作者声明；多元拾光更应核对文字准确、商品一致和参考图使用条件，不能直接复制全品类承诺。","[{""title"":""一键全品类电商产品主图丨海报丨详情页（风格参考）"",""url"":""https://www.liblib.art/modelinfo/704b848dc1804107931c8d534b6165dd?from=search&versionUuid=23e2bfbbd9b94714a8e7a11c2fedc18e"",""date"":null,""accessedAt"":""2026-09-11"",""whatSupports"":""打开具体页并读取58行公开正文。""}]"
"commerce-04","商品图与商品宣传","吐司中文站","电商产品换背景","商品换背景","电商与商品营销（页面标注用途）","上传商品图，填商品和背景提示词，更换背景，必要时另做放大与细节修复。","21节点工作流＋操作说明；另有同名AI工具","https://tusi.cn/workflows/872961173882979005","commerce-author-04","工作流定制服务作者","","2025-06-10","","页面原字段为Updated: Jun 10, 2025 2:55 AM；时区未说明，不作为首发日期。","2026-09-11","","新增样本","公开网页搜索；site:tusi.cn/workflows 电商 产品","可与同作者同名封装工具核对，检查资源数量与真正可用供给是否一致。","搜索默认排序，规则未知","star：3 star；周期：未知；页面未标时间窗；资源标记，不是去重运行用户","","","[{""field"":""star"",""value"":3,""unit"":""star"",""window"":""未知；页面未标时间窗"",""note"":""资源标记，不是去重运行用户"",""kind"":""consumption"",""rawText"":""3 star""}]","仅star字段有明确文字标签。","value：61；position：Workflow Preview下方；note：未标明含义，不计入消费指标。；value：28；position：Workflow Preview下方；note：未标明含义，不计入消费指标。","","","","","未读取到直接求助或采用回报","本次正文没有独立消费者评论。","工作流说明与节点可读；封装工具不可运行提示明确","商品/背景提示词和上传说明；21节点清单；示例入口；后续修复方向","主工作流实际可运行性；完整参数导出核验；输入规格与失败示例；独立返图或评论","有工作流、有同名工具应分开核可获得性；目录中两个入口不能直接计成两份有效供给。","[{""title"":""电商产品换背景"",""url"":""https://tusi.cn/workflows/872961173882979005"",""date"":""2025-06-10"",""accessedAt"":""2026-09-11"",""whatSupports"":""工作流98行正文、同名工具45行正文均可读，没有运行。""},{""title"":""电商产品换背景AI工具"",""url"":""https://tusi.cn/template/872961545397606983"",""date"":""2025-06-10"",""accessedAt"":""2026-09-11"",""whatSupports"":""This AI Tool does not support running；同作者同名且正文相同；配置完全一致未核。工具页star无明确数值，另有无标签1，不填star=1。""}]"
"commerce-05","商品图与商品宣传","吐司中文站","60算力15s/电商生成器V1.1/抖音TK电商视频原创15s素材生成器:优化版","服装展示视频、商品宣传短片","电商与商品营销（页面标注用途）","用模特手拿衣服的图片生成展示片段，作者声称用于追随短视频热点。","44节点视频工作流＋更新说明＋工具链接","https://tusi.cn/workflows/877000054827695763","commerce-author-05","视频工作流作者","","2025-07-13","","页面原字段为Updated: Jul 13, 2025 7:06 AM；时区未说明。","2026-09-11","","新增样本","公开网页搜索；site:tusi.cn/workflows 电商 产品","覆盖商品展示视频；标题指向抖音/TK用途，正文有修复记录而不只有效果宣称。","搜索默认排序，规则未知","star：3 star；周期：未知；未标时间窗；资源标记，不是成功制作或投放人数","","","[{""field"":""star"",""value"":3,""unit"":""star"",""window"":""未知；未标时间窗"",""note"":""资源标记，不是成功制作或投放人数"",""kind"":""consumption"",""rawText"":""3 star""}]","标题的算力、时长和正文成本均是作者陈述，不作为本轮测得的成本。","value：39；position：Workflow Preview下方；note：未标明含义，不计入消费指标。；value：40；position：Workflow Preview下方；note：未标明含义，不计入消费指标。","","","","","未读取到直接求助或采用回报","本次正文没有独立消费者评论。","输入用途与版本变化可读，效果和外部投放未验证","输入图片所含主体的要求；闪烁/动作/尺寸的修复说明；44节点清单；同用途工具入口","本次未打开关联工具；原始素材与修复前后对照；真实生成代价和完成率；独立消费者使用或投放结果","商品宣传既有静态图也有展示动作，但作者提供工作流与用户能稳定形成可发布内容之间仍有距离。","[{""title"":""60算力15s/电商生成器V1.1/抖音TK电商视频原创15s素材生成器:优化版"",""url"":""https://tusi.cn/workflows/877000054827695763"",""date"":""2025-07-13"",""accessedAt"":""2026-09-11"",""whatSupports"":""打开具体页并读取108行公开正文。""}]"
"commerce-06","商品图与商品宣传","吐司中文站","电商图片扩图","商品图片扩图、宣传素材尺寸适配","电商与商品营销（页面标注用途）","扩大已有图片范围；作者说明可切换SDXL与Flux，并以局部修复完善瑕疵。","54节点工作流＋输入说明＋版本切换说明","https://tusi.cn/workflows/880918799094695367","commerce-author-04","工作流定制服务作者","","2025-07-01","","页面原字段为Updated: Jul 1, 2025 1:34 PM；时区未说明。","2026-09-11","","新增样本","公开网页搜索；site:tusi.cn/workflows 电商 产品","补齐素材尺寸适配这一具体任务；与换背景同作者，分析维护和交叉使用时明确去重。","搜索默认排序，规则未知","star：1 star；周期：未知；未标时间窗；资源标记，不是运行人数","","","[{""field"":""star"",""value"":1,""unit"":""star"",""window"":""未知；未标时间窗"",""note"":""资源标记，不是运行人数"",""kind"":""consumption"",""rawText"":""1 star""}]","正文邀请用户评论需求，没有读取到实际需求评论。","value：17；position：Workflow Preview下方；note：未标明含义，不计入消费指标。；value：9；position：Workflow Preview下方；note：未标明含义，不计入消费指标。","","","","","未读取到直接求助或采用回报","本次正文没有独立消费者评论。","基本操作和节点可读，复用结果未验证","上传图与扩图范围输入；SDXL/Flux节点切换方法；瑕疵的后续处理方向；54节点清单","输入尺寸及扩图幅度的适用边界；底模版本与完整配置核验；实际消费者评论与结果；处理耗时和费用","同一作者围绕多个商品任务供给资源，说明任务拆分存在；不能从三个star字段判断哪项任务需求最多。","[{""title"":""电商图片扩图"",""url"":""https://tusi.cn/workflows/880918799094695367"",""date"":""2025-07-01"",""accessedAt"":""2026-09-11"",""whatSupports"":""打开具体页并读取134行公开正文。""}]"
"interest-sa-01","角色、故事与视觉作品","SeaArt","Review of Photographic Works","写实人物、个人作品回顾、摄影展叙事","","作者回顾自己的作品，并把多个历史作品组织成虚构展览短片；个人表达/作品展示，未发现商业交付说明。","文字回顾、关联作品列表、视频生成提示、模型信息","https://www.seaart.ai/postDetail/d6sie7te878c73dkrp8g","SeaArt作者A","个人作品发布者；自述持续参赛并获奖","2026-03-17 10:04:15","","","页面正文明确日期；时区未注明","2026-09-11","2026-09-11T23:45:44+08:00","新增样本","web搜索 SeaArt postDetail Story Comment","选择有完整作者文字及后续/关联作品线索的对象，不按互动量选取。","搜索命中个人公开作品；作者自述其被回顾作品获奖，不等于本帖是编辑精选。","评论：0 条评论；周期：未标明；页面明确显示0 comment；未说明统计周期及删除/折叠处理","","","[{""field"":""评论"",""value"":0,""unit"":""条评论"",""window"":""未标明"",""note"":""页面明确显示0 comment；未说明统计周期及删除/折叠处理"",""kind"":""consumption"",""rawText"":""0 comment""}]","页面明确显示0 comment及Be the first to comment；没有读者评论可编码。","value：238；position：正文无标签数字；note：正文未给这些数字的单位，未命名为观看、点赞或收藏。；value：49；position：正文无标签数字；note：正文未给这些数字的单位，未命名为观看、点赞或收藏。；value：65；position：正文无标签数字；note：正文未给这些数字的单位，未命名为观看、点赞或收藏。；value：0；position：正文无标签数字；note：正文未给这些数字的单位，未命名为观看、点赞或收藏。","","","","","页面显示0条评论","页面明确显示0 comment及Be the first to comment；没有读者评论可编码。","关联整理较清楚，可借鉴回顾与专题结构；尚未验收视频结果或完整教程。","作品回顾说明；6个关联作品链接；分时段视频提示；所用模型","未播放的实际成片质量；前期原始素材；完整制作过程；历史链接各自发布日期；读者后续消费","提示中的 I’ll be following you 是虚构角色台词，不是读者评论，不能编码为想看续篇。","[{""title"":""Review of Photographic Works"",""url"":""https://www.seaart.ai/postDetail/d6sie7te878c73dkrp8g?pt=lg-cluster-35"",""date"":""2026-03-17 10:04:15"",""accessedAt"":""2026-09-11"",""whatSupports"":""web工具读取公开正文；工具可能返回网页索引/缓存，非登录页面实时抓取。batchCheckedAt为本批核对结束时间，不是各指标精确刷新时刻。""}]"
"interest-sa-02","角色、故事与视觉作品","SeaArt","キャラクターシート（透過）／透明角色表","原创/游戏角色表、像素主题活动","","作者说明由图片与游戏类型生成角色表，并标示透明webp。是角色资源/方法工具的展示，实际输出未运行验证。","工具介绍帖子、AI工具附件与创建入口、活动标签","https://www.seaart.ai/postDetail/dahiq8de878c73aith8g","SeaArt作者B","工具或资源分享者；职业及是否本人制作附件未知","2026-09-10 22:20:17","","","正文日期；时区未注明","2026-09-11","2026-09-11T23:45:44+08:00","新增样本","https://www.seaart.ai/post → Pixel Party → 第7个可读卡片入口","从同一专题选取与角色交付对象相关的普通作者帖子；列表数字未作选择或热度依据。","专题编排入口，可见Creative Contest及Pixel Kingdom标签；不可称随机普通内容。","评论：0 条评论；周期：未标明；页面明确显示0 comment；未说明统计周期及删除/折叠处理","","","[{""field"":""评论"",""value"":0,""unit"":""条评论"",""window"":""未标明"",""note"":""页面明确显示0 comment；未说明统计周期及删除/折叠处理"",""kind"":""consumption"",""rawText"":""0 comment""}]","0 comment；无读者原文。","value：8；position：正文无标签数字；note：附件卡片与帖子均有无标签数字，不合并，不作为使用/曝光数。；value：3；position：正文无标签数字；note：附件卡片与帖子均有无标签数字，不合并，不作为使用/曝光数。；value：17；position：正文无标签数字；note：附件卡片与帖子均有无标签数字，不合并，不作为使用/曝光数。；value：0；position：正文无标签数字；note：附件卡片与帖子均有无标签数字，不合并，不作为使用/曝光数。；value：25；position：正文无标签数字；note：附件卡片与帖子均有无标签数字，不合并，不作为使用/曝光数。；value：10；position：正文无标签数字；note：附件卡片与帖子均有无标签数字，不合并，不作为使用/曝光数。；value：7；position：正文无标签数字；note：附件卡片与帖子均有无标签数字，不合并，不作为使用/曝光数。；value：0；position：正文无标签数字；note：附件卡片与帖子均有无标签数字，不合并，不作为使用/曝光数。","","","","","页面显示0条评论","0 comment；无读者原文。","有具体工具承载，说明较短；不能把附件或Create按钮当已成功生成角色表。","输入类型说明；透明webp输出声明；Transparent Character Sheet附件；创建入口","详细输入限制；完整操作参数；输出验收；版本历史；使用者回传","同处Pixel Party专题并不意味着这条是成品角色故事；它主要交付工具入口。","[{""title"":""キャラクターシート（透過）／透明角色表"",""url"":""https://www.seaart.ai/postDetail/dahiq8de878c73aith8g?pt=%7B%22auto_play%22:1,%22wide_screen%22:2,%22data_source%22:%22default%22%7D"",""date"":""2026-09-10 22:20:17"",""accessedAt"":""2026-09-11"",""whatSupports"":""web工具读取公开正文；工具可能返回网页索引/缓存，非登录页面实时抓取。batchCheckedAt为本批核对结束时间，不是各指标精确刷新时刻。""}]"
"interest-sa-03","角色、故事与视觉作品","SeaArt","ピクセル世界／像素世界","桂林漓江、像素风景、船夫与机器人伙伴","","用像素审美表现地域风景和角色场景；提示未声明行业交付或旅游营销。","视觉作品帖、提示词、模型信息、Remix入口","https://www.seaart.ai/postDetail/da4egjte878c73fam5b0","SeaArt作者C","个人作品发布者；职业未知","2026-08-22 00:07:43","","","正文日期；时区未注明","2026-09-11","2026-09-11T23:45:44+08:00","新增样本","https://www.seaart.ai/post → Pixel Party → 第10个可读卡片入口","同专题中选择可区分于工具资源的视觉场景作品。","专题编排入口并带每日挑战标签；不是随机或最新列表样本。","评论：0 条评论；周期：未标明；页面明确显示0 comment；未说明统计周期及删除/折叠处理","","","[{""field"":""评论"",""value"":0,""unit"":""条评论"",""window"":""未标明"",""note"":""页面明确显示0 comment；未说明统计周期及删除/折叠处理"",""kind"":""consumption"",""rawText"":""0 comment""}]","0 comment；无读者原文。","value：73；position：正文无标签数字；note：未给单位，不命名为观看/点赞。；value：19；position：正文无标签数字；note：未给单位，不命名为观看/点赞。；value：12；position：正文无标签数字；note：未给单位，不命名为观看/点赞。；value：0；position：正文无标签数字；note：未给单位，不命名为观看/点赞。","","","","","页面显示0条评论","0 comment；无读者原文。","可确认单个场景与提示供给；没有连续叙事的交付证据。","场景与构图描述；视觉风格提示；所用模型；Remix入口","独立检查过的输出效果；完整参数；连续故事链接；读者反馈","出现桂林地点不等于作者或消费者属于旅游行业；每日挑战标签不等于作者每天发帖。","[{""title"":""ピクセル世界／像素世界"",""url"":""https://www.seaart.ai/postDetail/da4egjte878c73fam5b0?pt=%7B%22auto_play%22:1,%22wide_screen%22:2,%22data_source%22:%22default%22%7D"",""date"":""2026-08-22 00:07:43"",""accessedAt"":""2026-09-11"",""whatSupports"":""web工具读取公开正文；工具可能返回网页索引/缓存，非登录页面实时抓取。batchCheckedAt为本批核对结束时间，不是各指标精确刷新时刻。""}]"
"interest-leo-01","角色、故事与视觉作品","Leonardo.Ai","IWO原创AI向导多视图角色表","原创AI吉祥物、发光拟人角色、多视图角色设定","","提示要求同一原创角色的四视图及动作示意。商业用途与是否已采用未知；原创是作者提示中的要求，不是版权核验。","公开图像、完整提示、模型与尺寸、参考/改作入口","https://app.leonardo.ai/generation/image/character-turnaround-model-sheet-four-consistent-0dfb6e48-6613-471a-a2ec-66473c7cc259","Leonardo作者D","公开作品发布者；页面显示No name","","","","公开正文未显示发布日期。","2026-09-11","2026-09-11T23:45:44+08:00","新增样本","web搜索 site:app.leonardo.ai/generation/image original character Remix","选择明确描述原创角色及一致性要求的公开对象，补角色设定的供给形式。","搜索命中的公开生成对象；未见官方或编辑精选标记，身份不能据此完全确认。","","","","[]","读取正文没有评论区域或评论数；保留null。","","","","","","未读取到读者评论","读取正文没有评论区域或评论数；保留null。","角色设计意图交代充分，实际多视图一致性和重复使用未知。","角色形体与配色设定；多视图要求；提示与模型；2752×1536输出尺寸；参考与Remix入口","独立验收的一致性；参考图原件；全套参数；前后版本；读者反馈","四视图是同一内容对象的要求，不能计为四条系列作品或四次创作。","[{""title"":""IWO原创AI向导多视图角色表"",""url"":""https://app.leonardo.ai/generation/image/character-turnaround-model-sheet-four-consistent-0dfb6e48-6613-471a-a2ec-66473c7cc259"",""date"":null,""accessedAt"":""2026-09-11"",""whatSupports"":""web工具读取公开正文；工具可能返回网页索引/缓存，非登录页面实时抓取。batchCheckedAt为本批核对结束时间，不是各指标精确刷新时刻。""}]"
"interest-leo-02","角色、故事与视觉作品","Leonardo.Ai","奇幻遗迹：故事Scene 49的视觉提示","奇幻冒险、遗迹龙符文、场景分镜","","作者按幕、序列和场景编号描述角色触碰符文的镜头；最终用于故事、动画还是个人练习未知。","公开图像、分镜式提示、模型与尺寸、Remix入口","https://app.leonardo.ai/generation/image/master-prompt-image-scene-49-act-2-response-first-09e11216-9428-4c3b-850d-86c560e9535f","Leonardo作者E","公开作品发布者；职业和项目身份未知","","","","公开正文未显示发布日期。","2026-09-11","2026-09-11T23:45:44+08:00","新增样本","web搜索 site:app.leonardo.ai/generation/image fantasy dragon Remix","选择含具体故事编号的公开对象，用于检查连续叙事线索的证据边界。","搜索命中的个人公开对象；未见官方/精选标记。","","","","[]","正文未返回评论字段或原文；保留null。","","","","","","未读取到读者评论","正文未返回评论字段或原文；保留null。","可以证实作者按故事结构组织提示；不能确认连续公开作品已完成或被消费。","角色动作、地点和氛围；分镜编号；镜头及灯光要求；模型与3072×5504尺寸","前后场景；成片或连载页；发布时间；具体制作计划；读者反馈","Scene 49不能证明前48个场景已公开，不能换算为49条供给或持续创作频率。","[{""title"":""奇幻遗迹：故事Scene 49的视觉提示"",""url"":""https://app.leonardo.ai/generation/image/master-prompt-image-scene-49-act-2-response-first-09e11216-9428-4c3b-850d-86c560e9535f"",""date"":null,""accessedAt"":""2026-09-11"",""whatSupports"":""web工具读取公开正文；工具可能返回网页索引/缓存，非登录页面实时抓取。batchCheckedAt为本批核对结束时间，不是各指标精确刷新时刻。""}]"
"interest-leo-03","角色、故事与视觉作品","Leonardo.Ai","祥云与牡丹中的祥龙主题图","幻想龙、祥云牡丹、节庆吉祥视觉","","提示描述节庆、繁荣与高贵氛围；可确定视觉主题，不能确认它用于商业海报或中国节庆运营。","公开单图、提示、模型与尺寸、参考/改作入口","https://app.leonardo.ai/generation/image/splendid-fantasy-artwork-coral-orange-adult-dragon-a9561a73-79ce-430d-ab6c-1c2f8f7af19d","Leonardo作者F","个人公开作品发布者；职业未知","","","","公开正文未显示发布日期。","2026-09-11","2026-09-11T23:45:44+08:00","新增样本","web搜索 site:app.leonardo.ai/generation/image fantasy dragon Remix","与原创角色和编号故事场景比较，保留不承诺连载的单图视觉内容。","搜索命中对象；不是全站热门或随机样本。","","","","[]","未返回评论数或评论原文。","","","","","","未读取到读者评论","未返回评论数或评论原文。","可确认为主题视觉供给，不足以证明国风或节庆题材消费强度。","主题和视觉元素；模型Phoenix 1.0；1376×768尺寸；参考和Remix入口","完整创作过程；作者用途说明；后续更新；读者反馈","玉珠、牡丹、祥云等视觉元素不证明作者或观看者国籍，不能推断中国消费偏好。","[{""title"":""祥云与牡丹中的祥龙主题图"",""url"":""https://app.leonardo.ai/generation/image/splendid-fantasy-artwork-coral-orange-adult-dragon-a9561a73-79ce-430d-ab6c-1c2f8f7af19d"",""date"":null,""accessedAt"":""2026-09-11"",""whatSupports"":""web工具读取公开正文；工具可能返回网页索引/缓存，非登录页面实时抓取。batchCheckedAt为本批核对结束时间，不是各指标精确刷新时刻。""}]"
"practice-linux-connect","学习与工具实践","LINUX DO","应用接入失败后的配置与服务器访问排查","登录接入与运行环境","","自行部署NEWAPI后，接入LINUX DO登录并排查连接失败。 让已配置的应用能够正常登录，理解故障发生在哪一层。","求助帖、配置说明、逐楼追问、结果回报与关联文档链接","https://linux.do/t/topic/1537782","","自述自行部署的个人求助者；职业及是否受托运营未知。","2026-01-29","","2026-01-29","参与日期为本次读取范围内的可见记录。","2026-09-11","","已有样本复核","既有公开用户问题与关联材料复核","既有研究记录含提问、追问与结果回报，可用于区分有人回答和问题解决。","公开正文呈现1—9楼；计数仅用于说明读取范围，不作为全帖回复数或用户数。未打开配置截图。","浏览人数或浏览次数：未取得 ；周期：未标明；本次可读正文未显示。
点赞、收藏及平台统计回复数：未取得 ；周期：未标明；未读取明确统计字段，不用楼层号代替平台回复指标。","","","[{""field"":""浏览人数或浏览次数"",""value"":null,""unit"":null,""window"":""未标明"",""note"":""本次可读正文未显示。"",""kind"":""consumption"",""rawText"":null},{""field"":""点赞、收藏及平台统计回复数"",""value"":null,""unit"":null,""window"":""未标明"",""note"":""未读取明确统计字段，不用楼层号代替平台回复指标。"",""kind"":""consumption"",""rawText"":null}]","","","提问者已经部署并配置应用，却在第三方登录时遇到连接失败，希望定位原因。","先补充配置截图，再询问服务器访问条件；一开始并不清楚配置问题与网络问题应怎样区分。","回复者要求检查应用配置与服务器连通性；提问者随后明确说问题解决，并将原因归于服务器无法直接访问相关服务。后续回复补充官方备用接口说明。","同一提问者在不到一小时内多次补充信息并回报结果；没有可见的跨日或跨周持续参与证据。","提问者自述已解决","第8楼明确回报解决；第9楼提供后续参考资料。","提问者自述已解决","第8楼明确回报解决；第9楼提供后续参考资料。","面向实际部署环境的检查顺序和条件解释，而不只是更多接入教程。；本次未复现，未确认后续长期稳定；不把单例方法写成所有部署都适用。","问题帖若保留环境、已尝试步骤和最终回报，可以成为后续读者的参考；单次排错成功还不足以证明需要长期社区。","[{""title"":""关于应用接入的问题请教佬友"",""url"":""https://linux.do/t/topic/1537782"",""date"":""2026-01-29"",""accessedAt"":""2026-09-11"",""whatSupports"":""接入任务、同帖追问和已解决回报。""}]"
"practice-linux-latency","学习与工具实践","LINUX DO","相同环境中不同客户端首字延迟的求助","代码工具响应与兼容性","","通过第三方API使用代码工具时，判断首字延迟是否正常并找到可行处理方法。 判断问题在客户端、服务商、网络还是模型，并避免反复试错。","简短求助、使用对比及原因猜测讨论","https://linux.do/t/topic/2880961","","个人工具使用者；职业、开发水平及是否受托未知。","2026-09-09","","2026-09-09","参与日期为本次读取范围内的可见记录。","2026-09-11","","已有样本复核","既有公开用户问题与关联材料复核","以尚无解决回报的工具问题，对照上一条已解决问题，避免只采成功个案。","公开正文呈现1—7楼。既有记录只看到4条回复，本次有更多回复；这表示观察范围变化，不把差值解释为本日新增消费。","内容浏览、点赞、收藏及统计回复数：未取得 ；周期：未标明；正文没有可用的明确统计字段。","","用户自述首字等待时间：7—8 秒；周期：提问者当前一次使用情境，具体测量窗口未说明；这是任务表现自述，不是内容消费量，也不是独立实测。","[{""field"":""内容浏览、点赞、收藏及统计回复数"",""value"":null,""unit"":null,""window"":""未标明"",""note"":""正文没有可用的明确统计字段。"",""kind"":""consumption"",""rawText"":null},{""field"":""用户自述首字等待时间"",""value"":""7—8"",""unit"":""秒"",""window"":""提问者当前一次使用情境，具体测量窗口未说明"",""note"":""这是任务表现自述，不是内容消费量，也不是独立实测。"",""kind"":""task-experience"",""rawText"":null}]","","","提问者称相同环境中一个客户端很快，另一个需等待首字，希望寻找相同经历和解释。","回复对根因提出网络、工具兼容、客户端处理过程等不同猜测；另一人也描述相似延迟。","","有回复称重新开窗口恢复，也有正常响应的反例，但提问者没有可见复测和结论。","未确认解决","有经验与假设，没有共同条件下的对照测试或提问者结果确认。","未确认解决","有经验与假设，没有共同条件下的对照测试或提问者结果确认。","可比较的排查条件和测试方法；现有回复数量不能代替问题定位。；不能判断第三方API普遍更慢、某模型有故障或所有客户端兼容性差。","运营可组织问题信息和对照条件，但若承诺技术答疑，需要能判断证据的供给者；便宜API本身没有解决此类需求。","[{""title"":""zcode接第三方的api首字很慢正常吗"",""url"":""https://linux.do/t/topic/2880961"",""date"":""2026-09-09"",""accessedAt"":""2026-09-11"",""whatSupports"":""具体延迟困扰、解释分歧、不同结果与缺失回报。""}]"
"practice-dw-key","学习与工具实践","Datawhale","按入门教程运行示例却不知道应配置哪个密钥","课程起步、授权配置和说明一致性","","按照RAG课程准备环境并运行第一节模型调用示例。 确认自己是否遗漏设置、应使用哪项配置，并继续课程。","带报错与章节位置的问题、修复提议及文档同步审阅","https://github.com/datawhalechina/all-in-rag/issues/125","","自述按教程运行的学习者；职业、学习程度未知。关联PR作者和审阅者为贡献者，不能作为终端消费者追加计数。","2026-07-15","","2026-09-01（关联PR审阅；非原提问者回访）","参与日期为本次读取范围内的可见记录。","2026-09-11","","已有样本复核","既有公开用户问题与关联材料复核","问题具体到课程首节和报错，适合检查教程供给与初学者实际执行之间的缺口。","Issue正文及关联PR #126的公开讨论；Issue评论与反应未完整呈现。PR审阅有AI辅助披露，单列贡献证据，不计普通用户新增需求。","Issue浏览、回复及反应数：未取得 ；周期：未标明；可读页面未给出完整评论数，反应显示不可用；仓库stars和forks不属于该内容消费。","关联PR页面Participants：2 参与者；周期：PR页面截至2026-09-11可见累计字段；只表示该PR参与者，不是课程读者、问题用户或成功使用人数。","","[{""field"":""Issue浏览、回复及反应数"",""value"":null,""unit"":null,""window"":""未标明"",""note"":""可读页面未给出完整评论数，反应显示不可用；仓库stars和forks不属于该内容消费。"",""kind"":""consumption"",""rawText"":null},{""field"":""关联PR页面Participants"",""value"":2,""unit"":""参与者"",""window"":""PR页面截至2026-09-11可见累计字段"",""note"":""只表示该PR参与者，不是课程读者、问题用户或成功使用人数。"",""kind"":""participation"",""rawText"":null}]","","","提问者照教程运行示例后遇到缺密钥报错，直接询问是否需要自行设置。","报错信息与教程预期之间存在理解障碍。关联PR作者将问题定位到默认端点、代码读取变量和准备文档不一致。","","关联PR提出同步代码、环境说明和错误提示，当前仍为Open。后续审阅要求继续同步中英文准备页；未见原提问者完成复测。","已有修复提议，尚未确认交付给普通读者","PR #126仍Open；代码构造或静态检查记录不等于模型真实调用成功，也不等于课程读者已经恢复。","已有修复提议，尚未确认交付给普通读者","PR #126仍Open；代码构造或静态检查记录不等于模型真实调用成功，也不等于课程读者已经恢复。","教程、代码、环境入口与错误提示的同步维护；用户并非缺少更多理论内容。；不将PR正文中的Closes字样读成Issue已关闭，不将AI辅助审阅计作独立消费者需求。","可把报错背后的前提解释成短而明确的配置检查，但提供可执行教材就要承担版本一致性维护。","[{""title"":""第一节执行示例报错 #125"",""url"":""https://github.com/datawhalechina/all-in-rag/issues/125"",""date"":""2026-07-15"",""accessedAt"":""2026-09-11"",""whatSupports"":""按教程执行、缺密钥报错及直接疑问。""},{""title"":""align AIHubmix API key configuration #126"",""url"":""https://github.com/datawhalechina/all-in-rag/pull/126"",""date"":""2026-07-23提交；可见2026-09-01审阅"",""accessedAt"":""2026-09-11"",""whatSupports"":""代码与文档同步问题、PR仍开放及待补内容；不证明运行或用户验收成功。""}]"
"practice-dw-windows","学习与工具实践","Datawhale","Windows学习者补充环境激活中缺失的步骤","Windows环境准备","","在Windows上激活课程环境并继续学习。 把教程步骤与自己的系统对应，避免因缺少前置操作无法继续。","章节勘误、环境说明和用户实践补充","https://github.com/datawhalechina/all-in-rag/issues/105","","实际尝试过环境配置的学习者兼问题贡献者；职业未知。","2026-04-27","","2026-04-27","参与日期为本次读取范围内的可见记录。","2026-09-11","","已有样本复核","既有公开用户问题与关联材料复核","选择用户自己补充解法的材料，与未解决提问对照，观察内容消费如何转成供给。","Issue正文；当前Open。评论和反应未完整呈现。","Issue浏览、评论及反应数：未取得 ；周期：未标明；本次正文没有完整数值；反应显示不可用，不补成零。","","","[{""field"":""Issue浏览、评论及反应数"",""value"":null,""unit"":null,""window"":""未标明"",""note"":""本次正文没有完整数值；反应显示不可用，不补成零。"",""kind"":""consumption"",""rawText"":null}]","","","材料标记为文档描述不清，具体指向第一章环境配置步骤。","作者描述执行环境激活命令后出错，需要额外初始化与重新打开命令行。","同一作者明确标注自己已实践必须关闭并重开命令行的步骤；这是作者自身完成情况。","","作者自述局部解决","问题正文包含经过作者尝试的补充步骤。","作者自述局部解决","问题正文包含经过作者尝试的补充步骤。","按操作系统写清必要前置条件和恢复操作，而非笼统复制一条安装命令。；Issue仍Open，不证明教材已经更新，也未见另一名学习者采用后成功或该作者完成课程。","学习者能够成为维护供给者；应保留环境和验证范围，让后续读者知道解法是否适合自己。","[{""title"":""Windows激活环境命令的问题 #105"",""url"":""https://github.com/datawhalechina/all-in-rag/issues/105"",""date"":""2026-04-27"",""accessedAt"":""2026-09-11"",""whatSupports"":""环境配置受阻和作者自述已验证的局部步骤。""}]"
"practice-dw-chinese-rag","学习与工具实践","Datawhale","中文检索练习运行了却没有返回预期内容","中文检索与结果解释","","在RAG教材的中文材料中检索目标内容并比较检索方法。 理解为何检索结果不相关，以及怎样让中文输入得到更符合目标的返回。","问题反馈、三组结果对照和局部修复代码","https://github.com/datawhalechina/all-in-rag/issues/102","","实际练习并补充方法的学习者；职业和行业未知。","2026-04-12","","2026-04-12","参与日期为本次读取范围内的可见记录。","2026-09-11","","已有样本复核","既有公开用户问题与关联材料复核","选择运行结果不符合预期的内容，区分程序跑通与完成学习任务。","Issue正文中的三组查询结果与简短代码；复现步骤、环境字段未补全，评论和反应未完整呈现。","Issue浏览、评论及反应数：未取得 ；周期：未标明；没有取得明确可用的数值；正文中的结果条目数不当成使用次数。","","","[{""field"":""Issue浏览、评论及反应数"",""value"":null,""unit"":null,""window"":""未标明"",""note"":""没有取得明确可用的数值；正文中的结果条目数不当成使用次数。"",""kind"":""consumption"",""rawText"":null}]","","","作者指出检索器需要中文分词处理，并给出具体章节和查询。","查询一种菜谱时，无分词方法返回了另一种菜谱的分块。","作者展示加分词后目标条目出现，以及混合检索修改后的结果差异；这是局部对照自述。","","有局部改善对照，完整解决未确认","可以看见预期条目出现，但复现环境不完整，仍有其他菜谱条目；Issue仍Open。","有局部改善对照，完整解决未确认","可以看见预期条目出现，但复现环境不完整，仍有其他菜谱条目；Issue仍Open。","用符合读者语言的数据说明预期结果、评价方法和改动原因，而不是只提供能执行的示例。；未重跑、未核教材合并和其他读者复验；不能称检索准确率达标，也不能由菜谱推断餐饮从业者。","结果对照可以成为可读内容；只有条件和版本足够完整，才适合进一步承诺可重复操作。","[{""title"":""BM25检索器需要分词处理中文 #102"",""url"":""https://github.com/datawhalechina/all-in-rag/issues/102"",""date"":""2026-04-12"",""accessedAt"":""2026-09-11"",""whatSupports"":""中文检索需求、错误结果及局部修改后的对照。""}]"
"practice-hf-vton","学习与工具实践","Hugging Face","想使用试衣演示却被运行条件阻断","虚拟试衣与演示可用性","","在自己的Space中使用IDM-VTON虚拟试衣演示。 获得可用的试衣效果，并理解订阅、资源与依赖如何共同影响运行。","使用求助、尝试步骤、兼容性解释及替代演示链接","https://discuss.huggingface.co/t/pro-account-zerogpu-not-working-despite-subscription/168446","","自述为该任务订阅的个人使用者；行业和是否用于商用未知。回复中另有维护者和另一名失败使用者。","2025-09-15","","2025-09-23","参与日期为本次读取范围内的可见记录。","2026-09-11","","已有样本复核","既有公开用户问题与关联材料复核","用普通人的具体视觉任务对照技术课程；检查有使用意愿却无法获得结果的情形。","公开正文1—6楼；原帖和后续讨论均为2025年9月，不能作为2026年当前故障。未进入私人Space或读取账户。","主题浏览、点赞、统计回复数及Space运行人数：未取得 ；周期：未标明；本次可读正文未显示这些统计字段。账户额度自述不记录为内容消费指标。","","","[{""field"":""主题浏览、点赞、统计回复数及Space运行人数"",""value"":null,""unit"":null,""window"":""未标明"",""note"":""本次可读正文未显示这些统计字段。账户额度自述不记录为内容消费指标。"",""kind"":""consumption"",""rawText"":null}]","","","提问者称专门为使用试衣演示订阅，却无法运行，希望确认问题及处理办法。","作者已试过重启、复制和不同访问方式但仍受阻。另一成员描述长期失败并放弃，不能将该人的经历归到原提问者。","","回复者后来提供适配新版依赖的演示，并说明版本变化可能影响旧资源；未见原提问者采用后成功确认。","有人提供替代资源，原需求是否解决未知","具体替代演示和解释可见，原使用者结果回报缺失。","有人提供替代资源，原需求是否解决未知","具体替代演示和解释可见，原使用者结果回报缺失。","面向终端使用者的可用版本、复制条件和明确失败处理；资源已经存在，仍可能不易消费。；不能把建议有效或新演示存在写成原用户已成功；也不能推算当前故障率、行业或续费结果。","可研究普通读者能否从经过核对的资源说明持续受益；若用户只要一次生成结果，站外工具可能已经是更直接的去处。","[{""title"":""Pro Account – ZeroGPU Not Working Despite Subscription"",""url"":""https://discuss.huggingface.co/t/pro-account-zerogpu-not-working-despite-subscription/168446"",""date"":""2025-09-15至2025-09-23"",""accessedAt"":""2026-09-11"",""whatSupports"":""试衣消费意图、历史失败、维护者建议与缺少成功回报。""}]"
