"查询序号","查询组","主题","词组","输入关键词","页面匹配词","采集状态","搜索指数均值","搜索同比","搜索环比","综合指数均值","综合同比","综合环比","数值单位","观察区间","地区","平台","定义来源","比较基期说明","页面链接","采集时间","缺失原因"
"1","计划词","原创角色与故事","主题／任务词","原创角色","原创角色","暂未收录该关键词","","","","","","","指数","","","抖音","https://creator.douyin.com/creator-micro/creator-count/arithmetic-index","同比、环比的精确基期及归一化公式未在本次读取中取得。","https://creator.douyin.com/creator-micro/creator-count/arithmetic-index/analysis?source=creator&keyword=%E5%8E%9F%E5%88%9B%E8%A7%92%E8%89%B2&appName=aweme","2026-09-11T15:53:45.424Z","暂未收录该关键词"
"2","计划词","原创角色与故事","主题／任务词","角色故事","角色故事","暂未收录该关键词","","","","","","","指数","","","抖音","https://creator.douyin.com/creator-micro/creator-count/arithmetic-index","同比、环比的精确基期及归一化公式未在本次读取中取得。","https://creator.douyin.com/creator-micro/creator-count/arithmetic-index/analysis?source=creator&keyword=%E8%A7%92%E8%89%B2%E6%95%85%E4%BA%8B&appName=aweme","2026-09-11T15:53:47.614Z","暂未收录该关键词"
"3","计划词","原创角色与故事","主题／任务词","动画短片","动画短片","已收录","3.3万","-33.50%","+16.95%","1.7万","-36.85%","+9.12%","指数","2026-08-10 ~ 2026-09-10","全国","抖音","https://creator.douyin.com/creator-micro/creator-count/arithmetic-index","同比、环比的精确基期及归一化公式未在本次读取中取得。","https://creator.douyin.com/creator-micro/creator-count/arithmetic-index/analysis?source=creator&keyword=%E5%8A%A8%E7%94%BB%E7%9F%AD%E7%89%87&appName=aweme","2026-09-11T15:53:50.085Z",""
"4","计划词","原创角色与故事","AI／方法词","AI角色","AI角色","暂未收录该关键词","","","","","","","指数","","","抖音","https://creator.douyin.com/creator-micro/creator-count/arithmetic-index","同比、环比的精确基期及归一化公式未在本次读取中取得。","https://creator.douyin.com/creator-micro/creator-count/arithmetic-index/analysis?source=creator&keyword=AI%E8%A7%92%E8%89%B2&appName=aweme","2026-09-11T15:54:07.936Z","暂未收录该关键词"
"5","计划词","原创角色与故事","AI／方法词","AI角色一致性","AI角色一致性","暂未收录该关键词","","","","","","","指数","","","抖音","https://creator.douyin.com/creator-micro/creator-count/arithmetic-index","同比、环比的精确基期及归一化公式未在本次读取中取得。","https://creator.douyin.com/creator-micro/creator-count/arithmetic-index/analysis?source=creator&keyword=AI%E8%A7%92%E8%89%B2%E4%B8%80%E8%87%B4%E6%80%A7&appName=aweme","2026-09-11T15:54:10.111Z","暂未收录该关键词"
"6","计划词","原创角色与故事","AI／方法词","AI短剧教程","AI短剧教程","暂未收录该关键词","","","","","","","指数","","","抖音","https://creator.douyin.com/creator-micro/creator-count/arithmetic-index","同比、环比的精确基期及归一化公式未在本次读取中取得。","https://creator.douyin.com/creator-micro/creator-count/arithmetic-index/analysis?source=creator&keyword=AI%E7%9F%AD%E5%89%A7%E6%95%99%E7%A8%8B&appName=aweme","2026-09-11T15:54:12.343Z","暂未收录该关键词"
"7","计划词","宠物故事","主题／任务词","萌宠故事","萌宠故事","暂未收录该关键词","","","","","","","指数","","","抖音","https://creator.douyin.com/creator-micro/creator-count/arithmetic-index","同比、环比的精确基期及归一化公式未在本次读取中取得。","https://creator.douyin.com/creator-micro/creator-count/arithmetic-index/analysis?source=creator&keyword=%E8%90%8C%E5%AE%A0%E6%95%85%E4%BA%8B&appName=aweme","2026-09-11T15:54:14.620Z","暂未收录该关键词"
"8","计划词","宠物故事","主题／任务词","猫咪日常","猫咪日常","已收录","3.2万","+46.02%","+43.14%","5.4万","-0.06%","-0.73%","指数","2026-08-10 ~ 2026-09-10","全国","抖音","https://creator.douyin.com/creator-micro/creator-count/arithmetic-index","同比、环比的精确基期及归一化公式未在本次读取中取得。","https://creator.douyin.com/creator-micro/creator-count/arithmetic-index/analysis?source=creator&keyword=%E7%8C%AB%E5%92%AA%E6%97%A5%E5%B8%B8&appName=aweme","2026-09-11T15:54:17.343Z",""
"9","计划词","宠物故事","主题／任务词","宠物拟人","宠物拟人","暂未收录该关键词","","","","","","","指数","","","抖音","https://creator.douyin.com/creator-micro/creator-count/arithmetic-index","同比、环比的精确基期及归一化公式未在本次读取中取得。","https://creator.douyin.com/creator-micro/creator-count/arithmetic-index/analysis?source=creator&keyword=%E5%AE%A0%E7%89%A9%E6%8B%9F%E4%BA%BA&appName=aweme","2026-09-11T15:54:19.636Z","暂未收录该关键词"
"10","计划词","宠物故事","AI／方法词","AI宠物","AI宠物","暂未收录该关键词","","","","","","","指数","","","抖音","https://creator.douyin.com/creator-micro/creator-count/arithmetic-index","同比、环比的精确基期及归一化公式未在本次读取中取得。","https://creator.douyin.com/creator-micro/creator-count/arithmetic-index/analysis?source=creator&keyword=AI%E5%AE%A0%E7%89%A9&appName=aweme","2026-09-11T15:54:26.822Z","暂未收录该关键词"
"11","计划词","宠物故事","AI／方法词","AI宠物视频","AI宠物视频","暂未收录该关键词","","","","","","","指数","","","抖音","https://creator.douyin.com/creator-micro/creator-count/arithmetic-index","同比、环比的精确基期及归一化公式未在本次读取中取得。","https://creator.douyin.com/creator-micro/creator-count/arithmetic-index/analysis?source=creator&keyword=AI%E5%AE%A0%E7%89%A9%E8%A7%86%E9%A2%91&appName=aweme","2026-09-11T15:54:29.196Z","暂未收录该关键词"
"12","计划词","宠物故事","AI／方法词","宠物拟人教程","宠物拟人教程","暂未收录该关键词","","","","","","","指数","","","抖音","https://creator.douyin.com/creator-micro/creator-count/arithmetic-index","同比、环比的精确基期及归一化公式未在本次读取中取得。","https://creator.douyin.com/creator-micro/creator-count/arithmetic-index/analysis?source=creator&keyword=%E5%AE%A0%E7%89%A9%E6%8B%9F%E4%BA%BA%E6%95%99%E7%A8%8B&appName=aweme","2026-09-11T15:54:31.447Z","暂未收录该关键词"
"13","计划词","国风与视觉短片","主题／任务词","国风短片","国风短片","暂未收录该关键词","","","","","","","指数","","","抖音","https://creator.douyin.com/creator-micro/creator-count/arithmetic-index","同比、环比的精确基期及归一化公式未在本次读取中取得。","https://creator.douyin.com/creator-micro/creator-count/arithmetic-index/analysis?source=creator&keyword=%E5%9B%BD%E9%A3%8E%E7%9F%AD%E7%89%87&appName=aweme","2026-09-11T15:54:33.821Z","暂未收录该关键词"
"14","计划词","国风与视觉短片","主题／任务词","奇幻短片","奇幻短片","暂未收录该关键词","","","","","","","指数","","","抖音","https://creator.douyin.com/creator-micro/creator-count/arithmetic-index","同比、环比的精确基期及归一化公式未在本次读取中取得。","https://creator.douyin.com/creator-micro/creator-count/arithmetic-index/analysis?source=creator&keyword=%E5%A5%87%E5%B9%BB%E7%9F%AD%E7%89%87&appName=aweme","2026-09-11T15:54:35.966Z","暂未收录该关键词"
"15","计划词","国风与视觉短片","主题／任务词","科幻短片","科幻短片","已收录","439","+11.99%","-8.73%","720","+63.27%","+20.20%","指数","2026-08-10 ~ 2026-09-10","全国","抖音","https://creator.douyin.com/creator-micro/creator-count/arithmetic-index","同比、环比的精确基期及归一化公式未在本次读取中取得。","https://creator.douyin.com/creator-micro/creator-count/arithmetic-index/analysis?source=creator&keyword=%E7%A7%91%E5%B9%BB%E7%9F%AD%E7%89%87&appName=aweme","2026-09-11T15:54:38.616Z",""
"16","计划词","国风与视觉短片","AI／方法词","AI国风","AI国风","暂未收录该关键词","","","","","","","指数","","","抖音","https://creator.douyin.com/creator-micro/creator-count/arithmetic-index","同比、环比的精确基期及归一化公式未在本次读取中取得。","https://creator.douyin.com/creator-micro/creator-count/arithmetic-index/analysis?source=creator&keyword=AI%E5%9B%BD%E9%A3%8E&appName=aweme","2026-09-11T15:55:08.123Z","暂未收录该关键词"
"17","计划词","国风与视觉短片","AI／方法词","AI短片制作","AI短片制作","暂未收录该关键词","","","","","","","指数","","","抖音","https://creator.douyin.com/creator-micro/creator-count/arithmetic-index","同比、环比的精确基期及归一化公式未在本次读取中取得。","https://creator.douyin.com/creator-micro/creator-count/arithmetic-index/analysis?source=creator&keyword=AI%E7%9F%AD%E7%89%87%E5%88%B6%E4%BD%9C&appName=aweme","2026-09-11T15:55:10.283Z","暂未收录该关键词"
"18","计划词","国风与视觉短片","AI／方法词","AI视频分镜","AI视频分镜","暂未收录该关键词","","","","","","","指数","","","抖音","https://creator.douyin.com/creator-micro/creator-count/arithmetic-index","同比、环比的精确基期及归一化公式未在本次读取中取得。","https://creator.douyin.com/creator-micro/creator-count/arithmetic-index/analysis?source=creator&keyword=AI%E8%A7%86%E9%A2%91%E5%88%86%E9%95%9C&appName=aweme","2026-09-11T15:55:12.359Z","暂未收录该关键词"
"19","计划词","商品宣传素材","主题／任务词","商品主图","商品主图","已收录","298","-23.20%","-8.59%","128","-3.76%","-16.34%","指数","2026-08-10 ~ 2026-09-10","全国","抖音","https://creator.douyin.com/creator-micro/creator-count/arithmetic-index","同比、环比的精确基期及归一化公式未在本次读取中取得。","https://creator.douyin.com/creator-micro/creator-count/arithmetic-index/analysis?source=creator&keyword=%E5%95%86%E5%93%81%E4%B8%BB%E5%9B%BE&appName=aweme","2026-09-11T15:55:14.942Z",""
"20","计划词","商品宣传素材","主题／任务词","产品摄影","产品  摄影","已收录","212","+3.41%","-20.90%","198","+22.98%","-10.00%","指数","2026-08-10 ~ 2026-09-10","全国","抖音","https://creator.douyin.com/creator-micro/creator-count/arithmetic-index","同比、环比的精确基期及归一化公式未在本次读取中取得。","https://creator.douyin.com/creator-micro/creator-count/arithmetic-index/analysis?source=creator&keyword=%E4%BA%A7%E5%93%81%20%20%E6%91%84%E5%BD%B1&appName=aweme","2026-09-11T15:55:55.332Z",""
"21","计划词","商品宣传素材","主题／任务词","商品海报","商品海报","暂未收录该关键词","","","","","","","指数","","","抖音","https://creator.douyin.com/creator-micro/creator-count/arithmetic-index","同比、环比的精确基期及归一化公式未在本次读取中取得。","https://creator.douyin.com/creator-micro/creator-count/arithmetic-index/analysis?source=creator&keyword=%E5%95%86%E5%93%81%E6%B5%B7%E6%8A%A5&appName=aweme","2026-09-11T15:55:57.771Z","暂未收录该关键词"
"22","计划词","商品宣传素材","AI／方法词","AI商品图","AI商品图","暂未收录该关键词","","","","","","","指数","","","抖音","https://creator.douyin.com/creator-micro/creator-count/arithmetic-index","同比、环比的精确基期及归一化公式未在本次读取中取得。","https://creator.douyin.com/creator-micro/creator-count/arithmetic-index/analysis?source=creator&keyword=AI%E5%95%86%E5%93%81%E5%9B%BE&appName=aweme","2026-09-11T15:55:59.937Z","暂未收录该关键词"
"23","计划词","商品宣传素材","AI／方法词","AI产品摄影","AI产品摄影","暂未收录该关键词","","","","","","","指数","","","抖音","https://creator.douyin.com/creator-micro/creator-count/arithmetic-index","同比、环比的精确基期及归一化公式未在本次读取中取得。","https://creator.douyin.com/creator-micro/creator-count/arithmetic-index/analysis?source=creator&keyword=AI%E4%BA%A7%E5%93%81%E6%91%84%E5%BD%B1&appName=aweme","2026-09-11T15:56:02.190Z","暂未收录该关键词"
"24","计划词","商品宣传素材","AI／方法词","商品图工作流","商品图工作流","暂未收录该关键词","","","","","","","指数","","","抖音","https://creator.douyin.com/creator-micro/creator-count/arithmetic-index","同比、环比的精确基期及归一化公式未在本次读取中取得。","https://creator.douyin.com/creator-micro/creator-count/arithmetic-index/analysis?source=creator&keyword=%E5%95%86%E5%93%81%E5%9B%BE%E5%B7%A5%E4%BD%9C%E6%B5%81&appName=aweme","2026-09-11T15:56:04.424Z","暂未收录该关键词"
"25","计划词","游戏资产","主题／任务词","像素素材","像素素材","暂未收录该关键词","","","","","","","指数","","","抖音","https://creator.douyin.com/creator-micro/creator-count/arithmetic-index","同比、环比的精确基期及归一化公式未在本次读取中取得。","https://creator.douyin.com/creator-micro/creator-count/arithmetic-index/analysis?source=creator&keyword=%E5%83%8F%E7%B4%A0%E7%B4%A0%E6%9D%90&appName=aweme","2026-09-11T15:56:06.841Z","暂未收录该关键词"
"26","计划词","游戏资产","主题／任务词","游戏立绘","游戏立绘","暂未收录该关键词","","","","","","","指数","","","抖音","https://creator.douyin.com/creator-micro/creator-count/arithmetic-index","同比、环比的精确基期及归一化公式未在本次读取中取得。","https://creator.douyin.com/creator-micro/creator-count/arithmetic-index/analysis?source=creator&keyword=%E6%B8%B8%E6%88%8F%E7%AB%8B%E7%BB%98&appName=aweme","2026-09-11T15:56:09.008Z","暂未收录该关键词"
"27","计划词","游戏资产","主题／任务词","Unity素材","Unity素材","暂未收录该关键词","","","","","","","指数","","","抖音","https://creator.douyin.com/creator-micro/creator-count/arithmetic-index","同比、环比的精确基期及归一化公式未在本次读取中取得。","https://creator.douyin.com/creator-micro/creator-count/arithmetic-index/analysis?source=creator&keyword=Unity%E7%B4%A0%E6%9D%90&appName=aweme","2026-09-11T15:56:19.319Z","暂未收录该关键词"
"28","计划词","游戏资产","AI／方法词","AI游戏素材","AI游戏素材","暂未收录该关键词","","","","","","","指数","","","抖音","https://creator.douyin.com/creator-micro/creator-count/arithmetic-index","同比、环比的精确基期及归一化公式未在本次读取中取得。","https://creator.douyin.com/creator-micro/creator-count/arithmetic-index/analysis?source=creator&keyword=AI%E6%B8%B8%E6%88%8F%E7%B4%A0%E6%9D%90&appName=aweme","2026-09-11T15:56:21.513Z","暂未收录该关键词"
"29","计划词","游戏资产","AI／方法词","AI像素画","AI像素画","暂未收录该关键词","","","","","","","指数","","","抖音","https://creator.douyin.com/creator-micro/creator-count/arithmetic-index","同比、环比的精确基期及归一化公式未在本次读取中取得。","https://creator.douyin.com/creator-micro/creator-count/arithmetic-index/analysis?source=creator&keyword=AI%E5%83%8F%E7%B4%A0%E7%94%BB&appName=aweme","2026-09-11T15:56:23.668Z","暂未收录该关键词"
"30","计划词","游戏资产","AI／方法词","游戏角色一致性","游戏角色一致性","暂未收录该关键词","","","","","","","指数","","","抖音","https://creator.douyin.com/creator-micro/creator-count/arithmetic-index","同比、环比的精确基期及归一化公式未在本次读取中取得。","https://creator.douyin.com/creator-micro/creator-count/arithmetic-index/analysis?source=creator&keyword=%E6%B8%B8%E6%88%8F%E8%A7%92%E8%89%B2%E4%B8%80%E8%87%B4%E6%80%A7&appName=aweme","2026-09-11T15:56:26.167Z","暂未收录该关键词"
"31","计划词","个人与家庭照片","主题／任务词","老照片修复","老照片修复","已收录","1.2万","+130.65%","-38.07%","4445","+29.44%","-36.18%","指数","2026-08-10 ~ 2026-09-10","全国","抖音","https://creator.douyin.com/creator-micro/creator-count/arithmetic-index","同比、环比的精确基期及归一化公式未在本次读取中取得。","https://creator.douyin.com/creator-micro/creator-count/arithmetic-index/analysis?source=creator&keyword=%E8%80%81%E7%85%A7%E7%89%87%E4%BF%AE%E5%A4%8D&appName=aweme","2026-09-11T15:56:28.791Z",""
"32","计划词","个人与家庭照片","主题／任务词","家庭相册","家庭相册","已收录","311","-90.05%","+12.27%","217","-80.07%","+68.22%","指数","2026-08-10 ~ 2026-09-10","全国","抖音","https://creator.douyin.com/creator-micro/creator-count/arithmetic-index","同比、环比的精确基期及归一化公式未在本次读取中取得。","https://creator.douyin.com/creator-micro/creator-count/arithmetic-index/analysis?source=creator&keyword=%E5%AE%B6%E5%BA%AD%E7%9B%B8%E5%86%8C&appName=aweme","2026-09-11T15:56:31.280Z",""
"33","计划词","个人与家庭照片","主题／任务词","照片动起来","照片动起来","已收录","8307","-4.01%","-33.66%","2877","-38.62%","-30.05%","指数","2026-08-10 ~ 2026-09-10","全国","抖音","https://creator.douyin.com/creator-micro/creator-count/arithmetic-index","同比、环比的精确基期及归一化公式未在本次读取中取得。","https://creator.douyin.com/creator-micro/creator-count/arithmetic-index/analysis?source=creator&keyword=%E7%85%A7%E7%89%87%E5%8A%A8%E8%B5%B7%E6%9D%A5&appName=aweme","2026-09-11T15:56:39.379Z",""
"34","计划词","个人与家庭照片","AI／方法词","AI老照片修复","AI老照片修复","暂未收录该关键词","","","","","","","指数","","","抖音","https://creator.douyin.com/creator-micro/creator-count/arithmetic-index","同比、环比的精确基期及归一化公式未在本次读取中取得。","https://creator.douyin.com/creator-micro/creator-count/arithmetic-index/analysis?source=creator&keyword=AI%E8%80%81%E7%85%A7%E7%89%87%E4%BF%AE%E5%A4%8D&appName=aweme","2026-09-11T15:56:41.458Z","暂未收录该关键词"
"35","计划词","个人与家庭照片","AI／方法词","AI照片视频","AI照片视频","暂未收录该关键词","","","","","","","指数","","","抖音","https://creator.douyin.com/creator-micro/creator-count/arithmetic-index","同比、环比的精确基期及归一化公式未在本次读取中取得。","https://creator.douyin.com/creator-micro/creator-count/arithmetic-index/analysis?source=creator&keyword=AI%E7%85%A7%E7%89%87%E8%A7%86%E9%A2%91&appName=aweme","2026-09-11T15:56:43.688Z","暂未收录该关键词"
"36","计划词","个人与家庭照片","AI／方法词","老照片修复教程","老照片修复教程","暂未收录该关键词","","","","","","","指数","","","抖音","https://creator.douyin.com/creator-micro/creator-count/arithmetic-index","同比、环比的精确基期及归一化公式未在本次读取中取得。","https://creator.douyin.com/creator-micro/creator-count/arithmetic-index/analysis?source=creator&keyword=%E8%80%81%E7%85%A7%E7%89%87%E4%BF%AE%E5%A4%8D%E6%95%99%E7%A8%8B&appName=aweme","2026-09-11T15:56:45.821Z","暂未收录该关键词"
"37","计划词","办公与学习","主题／任务词","PPT制作","ppt制作","已收录","8862","+86.96%","+42.50%","3230","+49.61%","+38.45%","指数","2026-08-10 ~ 2026-09-10","全国","抖音","https://creator.douyin.com/creator-micro/creator-count/arithmetic-index","同比、环比的精确基期及归一化公式未在本次读取中取得。","https://creator.douyin.com/creator-micro/creator-count/arithmetic-index/analysis?source=creator&keyword=ppt%E5%88%B6%E4%BD%9C&appName=aweme","2026-09-11T15:56:48.264Z",""
"38","计划词","办公与学习","主题／任务词","表格整理","表格整理","暂未收录该关键词","","","","","","","指数","","","抖音","https://creator.douyin.com/creator-micro/creator-count/arithmetic-index","同比、环比的精确基期及归一化公式未在本次读取中取得。","https://creator.douyin.com/creator-micro/creator-count/arithmetic-index/analysis?source=creator&keyword=%E8%A1%A8%E6%A0%BC%E6%95%B4%E7%90%86&appName=aweme","2026-09-11T15:56:50.543Z","暂未收录该关键词"
"39","计划词","办公与学习","主题／任务词","资料整理","资料整理","暂未收录该关键词","","","","","","","指数","","","抖音","https://creator.douyin.com/creator-micro/creator-count/arithmetic-index","同比、环比的精确基期及归一化公式未在本次读取中取得。","https://creator.douyin.com/creator-micro/creator-count/arithmetic-index/analysis?source=creator&keyword=%E8%B5%84%E6%96%99%E6%95%B4%E7%90%86&appName=aweme","2026-09-11T15:57:05.843Z","暂未收录该关键词"
"40","计划词","办公与学习","AI／方法词","AI做PPT","AI做PPT","暂未收录该关键词","","","","","","","指数","","","抖音","https://creator.douyin.com/creator-micro/creator-count/arithmetic-index","同比、环比的精确基期及归一化公式未在本次读取中取得。","https://creator.douyin.com/creator-micro/creator-count/arithmetic-index/analysis?source=creator&keyword=AI%E5%81%9APPT&appName=aweme","2026-09-11T15:57:07.918Z","暂未收录该关键词"
"41","计划词","办公与学习","AI／方法词","AI表格处理","AI表格处理","暂未收录该关键词","","","","","","","指数","","","抖音","https://creator.douyin.com/creator-micro/creator-count/arithmetic-index","同比、环比的精确基期及归一化公式未在本次读取中取得。","https://creator.douyin.com/creator-micro/creator-count/arithmetic-index/analysis?source=creator&keyword=AI%E8%A1%A8%E6%A0%BC%E5%A4%84%E7%90%86&appName=aweme","2026-09-11T15:57:10.181Z","暂未收录该关键词"
"42","计划词","办公与学习","AI／方法词","AI资料整理","AI资料整理","暂未收录该关键词","","","","","","","指数","","","抖音","https://creator.douyin.com/creator-micro/creator-count/arithmetic-index","同比、环比的精确基期及归一化公式未在本次读取中取得。","https://creator.douyin.com/creator-micro/creator-count/arithmetic-index/analysis?source=creator&keyword=AI%E8%B5%84%E6%96%99%E6%95%B4%E7%90%86&appName=aweme","2026-09-11T15:57:12.389Z","暂未收录该关键词"
"43","计划词","工作流与工具","主题／任务词","图片批量处理","图片批量处理","暂未收录该关键词","","","","","","","指数","","","抖音","https://creator.douyin.com/creator-micro/creator-count/arithmetic-index","同比、环比的精确基期及归一化公式未在本次读取中取得。","https://creator.douyin.com/creator-micro/creator-count/arithmetic-index/analysis?source=creator&keyword=%E5%9B%BE%E7%89%87%E6%89%B9%E9%87%8F%E5%A4%84%E7%90%86&appName=aweme","2026-09-11T15:57:14.982Z","暂未收录该关键词"
"44","计划词","工作流与工具","主题／任务词","知识库搭建","知识库搭建","暂未收录该关键词","","","","","","","指数","","","抖音","https://creator.douyin.com/creator-micro/creator-count/arithmetic-index","同比、环比的精确基期及归一化公式未在本次读取中取得。","https://creator.douyin.com/creator-micro/creator-count/arithmetic-index/analysis?source=creator&keyword=%E7%9F%A5%E8%AF%86%E5%BA%93%E6%90%AD%E5%BB%BA&appName=aweme","2026-09-11T15:57:17.185Z","暂未收录该关键词"
"45","计划词","工作流与工具","主题／任务词","视频自动化","视频自动化","暂未收录该关键词","","","","","","","指数","","","抖音","https://creator.douyin.com/creator-micro/creator-count/arithmetic-index","同比、环比的精确基期及归一化公式未在本次读取中取得。","https://creator.douyin.com/creator-micro/creator-count/arithmetic-index/analysis?source=creator&keyword=%E8%A7%86%E9%A2%91%E8%87%AA%E5%8A%A8%E5%8C%96&appName=aweme","2026-09-11T15:57:25.688Z","暂未收录该关键词"
"46","计划词","工作流与工具","AI／方法词","ComfyUI工作流","ComfyUI工作流","暂未收录该关键词","","","","","","","指数","","","抖音","https://creator.douyin.com/creator-micro/creator-count/arithmetic-index","同比、环比的精确基期及归一化公式未在本次读取中取得。","https://creator.douyin.com/creator-micro/creator-count/arithmetic-index/analysis?source=creator&keyword=ComfyUI%E5%B7%A5%E4%BD%9C%E6%B5%81&appName=aweme","2026-09-11T15:57:27.914Z","暂未收录该关键词"
"47","计划词","工作流与工具","AI／方法词","Dify工作流","Dify工作流","暂未收录该关键词","","","","","","","指数","","","抖音","https://creator.douyin.com/creator-micro/creator-count/arithmetic-index","同比、环比的精确基期及归一化公式未在本次读取中取得。","https://creator.douyin.com/creator-micro/creator-count/arithmetic-index/analysis?source=creator&keyword=Dify%E5%B7%A5%E4%BD%9C%E6%B5%81&appName=aweme","2026-09-11T15:57:30.401Z","暂未收录该关键词"
"48","计划词","工作流与工具","AI／方法词","AI自动化教程","AI自动化教程","暂未收录该关键词","","","","","","","指数","","","抖音","https://creator.douyin.com/creator-micro/creator-count/arithmetic-index","同比、环比的精确基期及归一化公式未在本次读取中取得。","https://creator.douyin.com/creator-micro/creator-count/arithmetic-index/analysis?source=creator&keyword=AI%E8%87%AA%E5%8A%A8%E5%8C%96%E6%95%99%E7%A8%8B&appName=aweme","2026-09-11T15:57:32.766Z","暂未收录该关键词"
"49","补充词","","","AI","ai","已收录","1861.1万","+93.54%","+3.03%","820.4万","+80.88%","+2.45%","指数","2026-08-10 ~ 2026-09-10","全国","抖音","https://creator.douyin.com/creator-micro/creator-count/arithmetic-index","同比、环比的精确基期及归一化公式未在本次读取中取得。","https://creator.douyin.com/creator-micro/creator-count/arithmetic-index/analysis?source=creator&keyword=ai&appName=aweme","2026-09-11T15:57:35.560Z",""
"50","补充词","","","ai创作","ai创作","已收录","93.8万","+315.44%","-1.99%","122.3万","+146.65%","+2.66%","指数","2026-08-10 ~ 2026-09-10","全国","抖音","https://creator.douyin.com/creator-micro/creator-count/arithmetic-index","同比、环比的精确基期及归一化公式未在本次读取中取得。","https://creator.douyin.com/creator-micro/creator-count/arithmetic-index/analysis?source=creator&keyword=ai%E5%88%9B%E4%BD%9C&appName=aweme","2026-09-11T15:59:01.497Z",""
"51","补充词","","","漫剧","漫剧","已收录","291.8万","+8828.18%","+17.35%","241.2万","+7813.86%","+27.30%","指数","2026-08-10 ~ 2026-09-10","全国","抖音","https://creator.douyin.com/creator-micro/creator-count/arithmetic-index","同比、环比的精确基期及归一化公式未在本次读取中取得。","https://creator.douyin.com/creator-micro/creator-count/arithmetic-index/analysis?source=creator&keyword=%E6%BC%AB%E5%89%A7&appName=aweme","2026-09-11T15:59:04.172Z",""
"52","补充词","","","短剧","短剧","已收录","2597.3万","+94.73%","+9.89%","1150.3万","+15.05%","+7.78%","指数","2026-08-10 ~ 2026-09-10","全国","抖音","https://creator.douyin.com/creator-micro/creator-count/arithmetic-index","同比、环比的精确基期及归一化公式未在本次读取中取得。","https://creator.douyin.com/creator-micro/creator-count/arithmetic-index/analysis?source=creator&keyword=%E7%9F%AD%E5%89%A7&appName=aweme","2026-09-11T15:59:06.870Z",""
"53","补充词","","","AI绘画","AI绘画","暂未收录该关键词","","","","","","","指数","","","抖音","https://creator.douyin.com/creator-micro/creator-count/arithmetic-index","同比、环比的精确基期及归一化公式未在本次读取中取得。","https://creator.douyin.com/creator-micro/creator-count/arithmetic-index/analysis?source=creator&keyword=AI%E7%BB%98%E7%94%BB&appName=aweme","2026-09-11T15:59:09.085Z","暂未收录该关键词"
"54","补充词","","","AI视频","AI视频","暂未收录该关键词","","","","","","","指数","","","抖音","https://creator.douyin.com/creator-micro/creator-count/arithmetic-index","同比、环比的精确基期及归一化公式未在本次读取中取得。","https://creator.douyin.com/creator-micro/creator-count/arithmetic-index/analysis?source=creator&keyword=AI%E8%A7%86%E9%A2%91&appName=aweme","2026-09-11T15:59:11.176Z","暂未收录该关键词"
"55","补充词","","","ComfyUI","ComfyUI","暂未收录该关键词","","","","","","","指数","","","抖音","https://creator.douyin.com/creator-micro/creator-count/arithmetic-index","同比、环比的精确基期及归一化公式未在本次读取中取得。","https://creator.douyin.com/creator-micro/creator-count/arithmetic-index/analysis?source=creator&keyword=ComfyUI&appName=aweme","2026-09-11T15:59:13.437Z","暂未收录该关键词"
"56","诊断查询","","","ai绘画","ai绘画","暂未收录该关键词","","","","","","","指数","","","抖音","https://creator.douyin.com/creator-micro/creator-count/arithmetic-index","同比、环比的精确基期及归一化公式未在本次读取中取得。","https://creator.douyin.com/creator-micro/creator-count/arithmetic-index/analysis?source=creator&keyword=ai%E7%BB%98%E7%94%BB&appName=aweme","2026-09-11T16:07:15.923Z","暂未收录该关键词"
"57","诊断查询","","","ai视频","ai视频","暂未收录该关键词","","","","","","","指数","","","抖音","https://creator.douyin.com/creator-micro/creator-count/arithmetic-index","同比、环比的精确基期及归一化公式未在本次读取中取得。","https://creator.douyin.com/creator-micro/creator-count/arithmetic-index/analysis?source=creator&keyword=ai%E8%A7%86%E9%A2%91&appName=aweme","2026-09-11T16:07:18.200Z","暂未收录该关键词"
"58","诊断查询","","","comfyui","comfyui","暂未收录该关键词","","","","","","","指数","","","抖音","https://creator.douyin.com/creator-micro/creator-count/arithmetic-index","同比、环比的精确基期及归一化公式未在本次读取中取得。","https://creator.douyin.com/creator-micro/creator-count/arithmetic-index/analysis?source=creator&keyword=comfyui&appName=aweme","2026-09-11T16:07:20.539Z","暂未收录该关键词"
"59","诊断查询","","","dify","dify","暂未收录该关键词","","","","","","","指数","","","抖音","https://creator.douyin.com/creator-micro/creator-count/arithmetic-index","同比、环比的精确基期及归一化公式未在本次读取中取得。","https://creator.douyin.com/creator-micro/creator-count/arithmetic-index/analysis?source=creator&keyword=dify&appName=aweme","2026-09-11T16:07:22.780Z","暂未收录该关键词"
"60","诊断查询","","","ai角色","ai角色","暂未收录该关键词","","","","","","","指数","","","抖音","https://creator.douyin.com/creator-micro/creator-count/arithmetic-index","同比、环比的精确基期及归一化公式未在本次读取中取得。","https://creator.douyin.com/creator-micro/creator-count/arithmetic-index/analysis?source=creator&keyword=ai%E8%A7%92%E8%89%B2&appName=aweme","2026-09-11T16:07:25.042Z","暂未收录该关键词"
